PRAGMA defer_foreign_keys=TRUE;
CREATE TABLE counties (
  id INTEGER PRIMARY KEY AUTOINCREMENT,
  name TEXT NOT NULL UNIQUE,
  path TEXT UNIQUE,
  description TEXT,
  population INTEGER,
  created_at INTEGER NOT NULL DEFAULT (strftime('%s', 'now')),
  updated_at INTEGER NOT NULL DEFAULT (strftime('%s', 'now'))
);
INSERT INTO counties VALUES(1,'Beaver County','beaver',NULL,7072,1750394635,1750394635);
INSERT INTO counties VALUES(2,'Box Elder County','box-elder',NULL,57666,1750394635,1750394635);
INSERT INTO counties VALUES(3,'Cache County','cache',NULL,133154,1750394635,1750394635);
INSERT INTO counties VALUES(4,'Carbon County','carbon',NULL,20412,1750394635,1750394635);
INSERT INTO counties VALUES(5,'Daggett County','daggett',NULL,935,1750394635,1750394635);
INSERT INTO counties VALUES(6,'Davis County','davis',NULL,362679,1750394635,1750394635);
INSERT INTO counties VALUES(7,'Duchesne County','duchesne',NULL,19596,1750394635,1750394635);
INSERT INTO counties VALUES(8,'Emery County','emery',NULL,9825,1750394635,1750394635);
INSERT INTO counties VALUES(9,'Garfield County','garfield',NULL,5083,1750394635,1750394635);
INSERT INTO counties VALUES(10,'Grand County','grand',NULL,9669,1750394635,1750394635);
INSERT INTO counties VALUES(11,'Iron County','iron',NULL,57289,1750394635,1750394635);
INSERT INTO counties VALUES(12,'Juab County','juab',NULL,11786,1750394635,1750394635);
INSERT INTO counties VALUES(13,'Kane County','kane',NULL,7667,1750394635,1750394635);
INSERT INTO counties VALUES(14,'Millard County','millard',NULL,12975,1750394635,1750394635);
INSERT INTO counties VALUES(15,'Morgan County','morgan',NULL,12295,1750394635,1750394635);
INSERT INTO counties VALUES(16,'Piute County','piute',NULL,1438,1750394635,1750394635);
INSERT INTO counties VALUES(17,'Rich County','rich',NULL,2510,1750394635,1750394635);
INSERT INTO counties VALUES(18,'Salt Lake County','salt-lake',NULL,1185238,1750394635,1750394635);
INSERT INTO counties VALUES(19,'San Juan County','san-juan',NULL,14518,1750394635,1750394635);
INSERT INTO counties VALUES(20,'Sanpete County','sanpete',NULL,28437,1750394635,1750394635);
INSERT INTO counties VALUES(21,'Sevier County','sevier',NULL,21522,1750394635,1750394635);
INSERT INTO counties VALUES(22,'Summit County','summit',NULL,42357,1750394635,1750394635);
INSERT INTO counties VALUES(23,'Tooele County','tooele',NULL,72698,1750394635,1750394635);
INSERT INTO counties VALUES(24,'Uintah County','uintah',NULL,35620,1750394635,1750394635);
INSERT INTO counties VALUES(25,'Utah County','utah',NULL,659399,1750394635,1750394635);
INSERT INTO counties VALUES(26,'Wasatch County','wasatch',NULL,34788,1750394635,1750394635);
INSERT INTO counties VALUES(27,'Washington County','washington',NULL,180279,1750394635,1750394635);
INSERT INTO counties VALUES(28,'Wayne County','wayne',NULL,2486,1750394635,1750394635);
INSERT INTO counties VALUES(29,'Weber County','weber',NULL,271926,1750394635,1750394635);
CREATE TABLE affiliations (
  id INTEGER PRIMARY KEY AUTOINCREMENT,
  name TEXT NOT NULL UNIQUE,
  path TEXT UNIQUE,
  status TEXT DEFAULT 'Listed' CHECK (status IN ('Listed', 'Unlisted', 'Heretical')),
  website TEXT,
  private_notes TEXT,
  public_notes TEXT,
  created_at INTEGER NOT NULL DEFAULT (strftime('%s', 'now')),
  updated_at INTEGER NOT NULL DEFAULT (strftime('%s', 'now'))
);
INSERT INTO affiliations VALUES(3,'Alpine Church','alpine-church','Listed','https://alpinechurch.org/',NULL,NULL,1750612825,1750613397);
INSERT INTO affiliations VALUES(4,'American Baptist Churches USA','american-baptist-churches-usa','Heretical','https://www.abc-usa.org/',NULL,'Heretical; LGBTQ-permitting',1750612825,1750613828);
INSERT INTO affiliations VALUES(5,'Anglican Church in North America','anglican-church-in-north-america','Listed','https://www.acna.org/',NULL,NULL,1750612825,1750612825);
INSERT INTO affiliations VALUES(6,'Arch Ministries','arch-ministries','Listed','https://archmin.org/',NULL,NULL,1750612825,1750612825);
INSERT INTO affiliations VALUES(7,'Assemblies of God','assemblies-of-god','Unlisted','https://ag.org/',NULL,'Denomination is egalitarian',1750612825,1750613845);
INSERT INTO affiliations VALUES(8,'Beachy Amish Mennonite Fellowship','beachy-amish-mennonite-fellowship','Listed','https://gameo.org/index.php?title=Beachy_Amish_Mennonite_Fellowship',NULL,NULL,1750612825,1750612825);
INSERT INTO affiliations VALUES(9,'Biblical Ministries Worldwide','biblical-ministries-worldwide','Listed','https://biblicalministries.org/',NULL,NULL,1750612825,1750612825);
INSERT INTO affiliations VALUES(10,'Calvary Chapel Association','calvary-chapel-association','Listed','https://calvarycca.org/',NULL,NULL,1750612825,1750612825);
INSERT INTO affiliations VALUES(11,'Calvary Global Network','calvary-global-network','Listed','https://cgn.org/',NULL,NULL,1750612825,1750612825);
INSERT INTO affiliations VALUES(12,'Christian and Missionary Alliance','christian-and-missionary-alliance','Listed','https://cmalliance.org/',NULL,NULL,1750612825,1750612825);
INSERT INTO affiliations VALUES(13,'Christian Reformed Church','christian-reformed-church','Unlisted','https://www.crcna.org/',NULL,'Mixed egalitarian denomination',1750612825,1750613868);
INSERT INTO affiliations VALUES(14,'Church of God of Prophecy','church-of-god-of-prophecy','Unlisted','https://cogop.org/',NULL,'Pentecostal',1750612825,1750613930);
INSERT INTO affiliations VALUES(15,'Color Country Baptist Association','color-country-baptist-association','Listed','https://www.ccba-utah.org/',NULL,NULL,1750612825,1751251300);
INSERT INTO affiliations VALUES(16,'Converge Rocky Mountain','converge-rocky-mountain','Listed','https://www.convergerockymountain.org/','Some Converge churches are egalitarian',NULL,1750612825,1750616112);
INSERT INTO affiliations VALUES(17,'Evangelical Free Church of America','evangelical-free-church-of-america','Listed','https://www.efca.org/',NULL,NULL,1750612825,1750612825);
INSERT INTO affiliations VALUES(18,'Evangelical Lutheran Church in America','evangelical-lutheran-church-in-america','Heretical','https://www.elca.org/',NULL,NULL,1750612825,1750614777);
INSERT INTO affiliations VALUES(19,'Evangelical Lutheran Synod','evangelical-lutheran-synod','Listed','https://www.els.org/',NULL,NULL,1750612825,1750612825);
INSERT INTO affiliations VALUES(20,'Fellowship of Independent Reformed Evangelicals','fellowship-of-independent-reformed-evangelicals','Listed','https://www.firefellowship.org/',NULL,NULL,1750612825,1750612825);
INSERT INTO affiliations VALUES(21,'Foursquare Church','foursquare-church','Listed','https://www.foursquare.org/',NULL,NULL,1750612825,1750612825);
INSERT INTO affiliations VALUES(22,'Frontier School of the Bible','frontier-school-of-the-bible','Listed','https://www.frontierbible.org/',NULL,NULL,1750612825,1750612825);
INSERT INTO affiliations VALUES(23,'G3 Church Network','g3-church-network','Listed','https://g3min.org/g3-church-network/',NULL,NULL,1750612825,1750612825);
INSERT INTO affiliations VALUES(24,'General Association of Regular Baptist Churches','general-association-of-regular-baptist-churches','Listed','https://www.garbc.org/',NULL,NULL,1750612825,1750612825);
INSERT INTO affiliations VALUES(25,'Gideon Baptist Association','gideon-baptist-association','Listed','https://uisbc.org/churches-associations/',NULL,NULL,1750612825,1750612825);
INSERT INTO affiliations VALUES(26,'Golden Spike Baptist Network','golden-spike-baptist-network','Listed','https://goldenspikebaptistnetwork.com/',NULL,NULL,1750612825,1750612825);
INSERT INTO affiliations VALUES(27,'Grace Advance','grace-advance','Listed','https://graceadvance.org/',NULL,NULL,1750612825,1750612825);
INSERT INTO affiliations VALUES(28,'Grace Reformed Network','grace-reformed-network','Listed','https://gracereformednetwork.org/',NULL,NULL,1750612825,1750612825);
INSERT INTO affiliations VALUES(29,'IFCA International','ifca-international','Listed','https://www.ifca.org/',NULL,NULL,1750612825,1750612825);
INSERT INTO affiliations VALUES(30,'Intermountain Church Planters Association','intermountain-church-planters-association','Unlisted','https://intermountainchurchplanters.com/',replace(replace('"Is at least a mixed egalitarian association\r\n""Christian Church"" (Disciples of Christ?) affiliated\r\nInvestigate: Softness on LGBTQ issues?"','\r',char(13)),'\n',char(10)),NULL,1750612825,1750614872);
INSERT INTO affiliations VALUES(31,'International Church of the Nazarene','international-church-of-the-nazarene','Unlisted','https://icnazarene.com/',NULL,'Egalitarian',1750612825,1750614885);
INSERT INTO affiliations VALUES(32,'Lutheran Church Missouri Synod','lcms','Listed','https://www.lcms.org/',NULL,'The Lutheran Church–Missouri Synod (LCMS) is a confessional Lutheran denomination that adheres to the Book of Concord, emphasizing biblical inerrancy and traditional Christian doctrine. It is known for its commitment to conservative theology, liturgical worship, and a strong focus on education and missions.',1750612825,1752527097);
INSERT INTO affiliations VALUES(33,'Lutheran Congregations in Mission for Christ','lutheran-congregations-in-mission-for-christ','Unlisted','https://www.lcmc.net/',NULL,'Some LCMS churches are egalitarian',1750612825,1750614907);
INSERT INTO affiliations VALUES(34,'M28 Alliance','m28-alliance','Listed','https://www.m28alliance.com/',NULL,NULL,1750612825,1750612825);
INSERT INTO affiliations VALUES(35,'National Baptist Convention','national-baptist-convention','Listed','https://www.nationalbaptist.com/',NULL,NULL,1750612825,1750612825);
INSERT INTO affiliations VALUES(36,'Nationwide Fellowship Churches','nationwide-fellowship-churches','Listed','https://gameo.org/index.php?title=Nationwide_Fellowship_Churches',NULL,NULL,1750612825,1750612825);
INSERT INTO affiliations VALUES(37,'North American Baptist Conference','north-american-baptist-conference','Listed','https://nabconference.org/',NULL,NULL,1750612825,1750612825);
INSERT INTO affiliations VALUES(38,'Northwest Baptist Missions','northwest-baptist-missions','Listed','https://www.nbmwest.org/',NULL,NULL,1750612825,1750612825);
INSERT INTO affiliations VALUES(39,'Orthodox Presbyterian Church','orthodox-presbyterian-church','Listed','https://opc.org/',NULL,NULL,1750612825,1750612825);
INSERT INTO affiliations VALUES(40,'Plant for the Gospel','plant-for-the-gospel','Listed','https://www.plant4thegospel.com/',NULL,NULL,1750612825,1750612825);
INSERT INTO affiliations VALUES(41,'Plant Utah','plant-utah','Unlisted','https://plantutah.com/','Ask: Is this egalitarian-permitting?',NULL,1750612825,1750614923);
INSERT INTO affiliations VALUES(43,'Presbyterian Church (U.S.A.)','presbyterian-church-usa','Heretical','https://www.pcusa.org/',NULL,'Heretical; LGBTQ-affirming',1750612825,1750614962);
INSERT INTO affiliations VALUES(44,'Presbyterian Church in America','pca','Listed','https://pcanet.org/',NULL,NULL,1750612825,1752495852);
INSERT INTO affiliations VALUES(45,'Protestant Episcopal Church in the United States of America','protestant-episcopal-church-in-the-united-states-of-america','Heretical','https://www.episcopalchurch.org/',NULL,'Heretical',1750612825,1750615344);
INSERT INTO affiliations VALUES(46,'Salt Lake Baptist Association','salt-lake-baptist-association','Listed','https://slba.org/',NULL,NULL,1750612825,1750612825);
INSERT INTO affiliations VALUES(47,'Send Network','send-network','Listed','https://www.namb.net/send-network/',NULL,NULL,1750612825,1750612825);
INSERT INTO affiliations VALUES(48,'Southern Baptist Convention','sbc','Listed','https://www.sbc.net/',NULL,'The Southern Baptist Convention (SBC) is the largest Protestant denomination in the United States, emphasizing biblical inerrancy, believer''s baptism, and a strong commitment to missions and evangelism.',1750612825,1752527179);
INSERT INTO affiliations VALUES(49,'Southern Nevada Baptist Association','southern-nevada-baptist-association','Listed','https://www.snba.net/',NULL,NULL,1750612825,1750612825);
INSERT INTO affiliations VALUES(50,'Tentmakers Bible Mission','tentmakers-bible-mission','Listed','https://tentmakersbiblemission.org/',NULL,NULL,1750612825,1750612825);
INSERT INTO affiliations VALUES(51,'The Antioch Movement','the-antioch-movement','Unlisted','https://antioch.org/',NULL,'Egalitarian',1750612825,1750615359);
INSERT INTO affiliations VALUES(52,'The Pillar Network','the-pillar-network','Listed','https://thepillarnetwork.com/',NULL,'The Pillar Network is a community of Southern Baptist and International Baptist churches focused on church planting and revitalization, emphasizing doctrinal alignment with the Baptist Faith & Message 2000, expository preaching, and male elder leadership.',1750612825,1752527283);
INSERT INTO affiliations VALUES(53,'U.S. Conference of Mennonite Brethren Churches','us-conference-of-mennonite-brethren-churches','Listed','https://usmb.org/',NULL,NULL,1750612825,1750612825);
INSERT INTO affiliations VALUES(54,'United Church of Christ','united-church-of-christ','Heretical','https://www.ucc.org/',NULL,'Heretical; LGBTQ-affirming',1750612825,1750615379);
INSERT INTO affiliations VALUES(55,'United Methodist Church','united-methodist-church','Heretical','https://www.umc.org/',NULL,'Heretical; LGBTQ-affirming',1750612825,1750615390);
INSERT INTO affiliations VALUES(56,'Utah Idaho Southern Baptist Convention','utah-idaho-southern-baptist-convention','Listed','https://uisbc.org/',NULL,NULL,1750612825,1750612825);
INSERT INTO affiliations VALUES(57,'Venture Church Network','venture-church-network','Unlisted','https://venturechurches.org/','Some churches are egalitarian, but denom is publicly affirmative of soft-comp',NULL,1750612825,1750615411);
INSERT INTO affiliations VALUES(58,'Wisconsin Evangelical Lutheran Synod','wisconsin-evangelical-lutheran-synod','Listed','https://wels.net/',NULL,NULL,1750612825,1750612825);
INSERT INTO affiliations VALUES(59,'Gay Affirming Christian Churches','gay-affirming-christian-churches','Heretical','https://www.gaychurch.org/',NULL,'Heretical; LGBTQ-affirming',1750613702,1750613702);
INSERT INTO affiliations VALUES(61,'Potter’s House Christian Fellowship','potters-house-christian-fellowship','Listed',NULL,NULL,NULL,1750626719,1750626719);
INSERT INTO affiliations VALUES(62,'Church of the Nazarene','church-of-the-nazarene','Listed',NULL,NULL,NULL,1750626719,1750626719);
INSERT INTO affiliations VALUES(63,'Community of Christ','community-of-christ','Heretical','https://cofchrist.org/',NULL,'LGBTQ-affirming',1751205430,1751205430);
INSERT INTO affiliations VALUES(64,'South Mountain Community Church','smcc','Listed',NULL,NULL,NULL,1751839751,1751853538);
CREATE TABLE churches (
  id INTEGER PRIMARY KEY AUTOINCREMENT,
  name TEXT NOT NULL,
  path TEXT UNIQUE,
  status TEXT CHECK (status IN ('Listed', 'Ready to list', 'Assess', 'Needs data', 'Unlisted', 'Heretical', 'Closed')),
  private_notes TEXT,
  public_notes TEXT,
  last_updated INTEGER,
  gathering_address TEXT,
  latitude REAL,
  longitude REAL,
  county_id INTEGER REFERENCES counties(id),
  website TEXT,
  statement_of_faith TEXT,
  phone TEXT,
  email TEXT,
  facebook TEXT,
  instagram TEXT,
  youtube TEXT,
  spotify TEXT,
  language TEXT NOT NULL DEFAULT 'English',
  image_id TEXT,
  image_url TEXT,
  created_at INTEGER NOT NULL DEFAULT (strftime('%s', 'now')),
  updated_at INTEGER NOT NULL DEFAULT (strftime('%s', 'now'))
, mailing_address TEXT, image_path TEXT, image_alt TEXT);
INSERT INTO churches VALUES(181,'Abundant Life','abundant-life','Unlisted',NULL,'Egalitarian',1751206593,'410 N Main St, North Salt Lake, UT 84054',40.8498280176743,-111.911254852812,6,'http://www.abundantlifeutah.com/','https://www.abundantlifeutah.com/beliefs','(801) 292-8617','mail@abundantlifeutah.com','https://www.facebook.com/AbundantLifeUtah/','https://www.instagram.com/abundantlifeutah/',NULL,NULL,'English',NULL,NULL,1750627728,1750627728,NULL,NULL,NULL);
INSERT INTO churches VALUES(182,'All Saints Reformed Church','all-saints-reformed-church','Listed',NULL,'Meets at Trinity Lutheran Church',1751286119,'2260 Red Cliffs Dr, St. George, UT 84790',37.1218855177986,-113.536035272583,27,'https://www.allsaintschurchutah.org/','https://www.allsaintschurchutah.org/our-faith','(435) 628-1311','info@allsaintschurchutah.org','https://www.facebook.com/AllSaintsReformedChurch',NULL,'https://www.youtube.com/@allsaintsSG',NULL,'English',NULL,NULL,1750627728,1750627728,NULL,NULL,NULL);
INSERT INTO churches VALUES(183,'Alpine Bible Church','alpine-bible-church','Listed',NULL,NULL,1751206715,'310 E State St, Lehi, UT 84043',40.3955900740972,-111.844345187645,25,'https://www.alpinebible.com/','https://www.alpinebible.com/about/beliefs/','(801) 341-8789','alpinebible@gmail.com','https://www.facebook.com/alpinebible','https://www.instagram.com/alpinebible','https://www.youtube.com/c/AlpineBibleChurch',NULL,'English',NULL,NULL,1750627728,1750627728,NULL,NULL,NULL);
INSERT INTO churches VALUES(184,'Alpine Church Brigham City','alpine-church-brigham-city','Listed',NULL,NULL,1751206953,'617 W 500 S Brigham City, UT',41.5004479497436,-112.025916929011,2,'https://alpinechurch.org/brigham-city','https://alpinechurch.org/about-alpine','(801) 392-8000','info@alpinechurch.org','https://www.facebook.com/alpinechurch','http://instagram.com/alpinechurch','https://www.youtube.com/channel/UC8B1I4YKMFlu3-uGUvLsNZQ?view_as=subscriber','https://open.spotify.com/show/49U18NzPOSsHESU5CBeyil','English',NULL,NULL,1750627728,1750627728,NULL,NULL,NULL);
INSERT INTO churches VALUES(185,'Alpine Church Layton','alpine-church-layton','Listed',NULL,NULL,1751207012,'254 W 2675 N Layton, UT 84041',41.0994369512322,-111.970819780598,6,'https://alpinechurch.org/layton','https://alpinechurch.org/about-alpine','(801) 392-8000','info@alpinechurch.org','https://www.facebook.com/alpinechurch','http://instagram.com/alpinechurch','https://www.youtube.com/channel/UC8B1I4YKMFlu3-uGUvLsNZQ?view_as=subscriber',NULL,'English',NULL,NULL,1750627728,1750627728,NULL,NULL,NULL);
INSERT INTO churches VALUES(186,'Alpine Church Logan','alpine-church-logan','Listed',NULL,NULL,1751207064,'395 S Main St, Logan, UT 84321',41.7243324216269,-111.835767294458,3,'https://alpinechurch.org/logan','https://alpinechurch.org/about-alpine','(801) 392-8000','info@alpinechurch.org','https://www.facebook.com/alpinechurch','http://instagram.com/alpinechurch','https://www.youtube.com/channel/UC8B1I4YKMFlu3-uGUvLsNZQ?view_as=subscriber','https://open.spotify.com/show/49U18NzPOSsHESU5CBeyil','English',NULL,NULL,1750627728,1750627728,NULL,NULL,NULL);
INSERT INTO churches VALUES(187,'Alpine Church Logan Español','alpine-church-logan-espaol','Listed',NULL,NULL,1751207147,'395 Main St #5205, Logan, UT 84321',41.7243324216269,-111.835767294458,3,'https://alpinechurch.org/espanol','https://alpinechurch.org/about-alpine','(435) 764-8365','info@alpinechurch.org','https://www.facebook.com/AlpineChurchEspanol',NULL,NULL,NULL,'English',NULL,NULL,1750627728,1750627728,NULL,NULL,NULL);
INSERT INTO churches VALUES(188,'Alpine Church Riverdale','alpine-church-riverdale','Listed',NULL,NULL,1751207176,'5050 1275 W, Riverdale, UT 84405',41.1723450824541,-112.01295180849,29,'https://alpinechurch.org/riverdale','https://alpinechurch.org/about-alpine','(801) 392-8000','info@alpinechurch.org','https://www.facebook.com/alpinechurch','http://instagram.com/alpinechurch','https://www.youtube.com/channel/UC8B1I4YKMFlu3-uGUvLsNZQ?view_as=subscriber','https://open.spotify.com/show/49U18NzPOSsHESU5CBeyil','English',NULL,NULL,1750627728,1750627728,NULL,NULL,NULL);
INSERT INTO churches VALUES(189,'Alpine Church Riverdale Español','alpine-church-riverdale-espaol','Listed',NULL,NULL,1751207228,'5050 1275 W, Riverdale, UT 84405',41.1723450824541,-112.01295180849,29,'https://alpinechurch.org/espanol','https://alpinechurch.org/about-alpine','(801) 392-8000','info@alpinechurch.org','https://www.facebook.com/alpinechurch','http://instagram.com/alpinechurch','https://www.youtube.com/channel/UC8B1I4YKMFlu3-uGUvLsNZQ?view_as=subscriber',NULL,'English',NULL,NULL,1750627728,1750627728,NULL,NULL,NULL);
INSERT INTO churches VALUES(190,'Alpine Church Syracuse','alpine-church-syracuse','Listed',NULL,NULL,1751207291,'848 W 1600 S Clearfield UT 84015',41.0907192680225,-112.042126413049,6,'https://alpinechurch.org/syracuse','https://alpinechurch.org/about-alpine','(801) 392-8000','info@alpinechurch.org','https://www.facebook.com/alpinechurch','http://instagram.com/alpinechurch','https://www.youtube.com/channel/UC8B1I4YKMFlu3-uGUvLsNZQ?view_as=subscriber','https://open.spotify.com/show/49U18NzPOSsHESU5CBeyil','English',NULL,NULL,1750627728,1750627728,NULL,NULL,NULL);
INSERT INTO churches VALUES(191,'Alpine Church West Haven','alpine-church-west-haven','Listed',NULL,NULL,1751207313,'4433 S 3100 W, West Haven, UT 84067',41.1830386709853,-112.055213862736,29,'https://alpinechurch.org/west-haven','https://alpinechurch.org/about-alpine','(801) 392-8000','info@alpinechurch.org','https://www.facebook.com/alpinechurch','http://instagram.com/alpinechurch','https://www.youtube.com/channel/UC8B1I4YKMFlu3-uGUvLsNZQ?view_as=subscriber','https://open.spotify.com/show/49U18NzPOSsHESU5CBeyil','English',NULL,NULL,1750627728,1750627728,NULL,NULL,NULL);
INSERT INTO churches VALUES(192,'Alta Canyon Baptist Church','alta-canyon-baptist-church','Listed',NULL,'Alta Canyon Baptist has moved. They are no longer across from Alta High School.',1751255760,'11194 South 1000 East, Sandy, Utah 84094',40.5478260303898,-111.863174711725,18,'http://altacanyonchurch.org/','http://altacanyonchurch.org/start-here/what-we-believe','(801) 580-9521','rdstewart12@msn.com','https://www.facebook.com/utahACBC','https://www.instagram.com/utahACBC/',NULL,NULL,'English',NULL,NULL,1750627728,1750627728,NULL,NULL,NULL);
INSERT INTO churches VALUES(193,'Anchor Baptist Church','anchor-baptist-church','Listed',NULL,NULL,1752496196,'1880 East 5600 South, Salt Lake City, UT 84121',40.6489798909666,-111.838256707683,18,'https://www.anchorbaptistslc.org/','https://www.anchorbaptistslc.org/about/beliefs/','(801) 272-9405','office@anchorbaptistslc.org','https://www.facebook.com/anchorbaptistchurchslc/','https://www.instagram.com/anchorbaptistslc/','https://www.youtube.com/@anchorbaptistchurchslc/streams',NULL,'English',NULL,NULL,1750627728,1750627728,NULL,NULL,NULL);
INSERT INTO churches VALUES(194,'Antioch Community Church','antioch-community-church','Unlisted',NULL,'Egalitarian',1751207349,'8700 Sandy Pkwy, Sandy, UT 84070',40.5936220837055,-111.905330920276,18,'http://antiochslc.com/','https://www.antiochslc.com/welcome-to-the-family','(801) 295-9439','info@antiochslc.com','https://www.facebook.com/AntiochSLC/','https://www.instagram.com/antiochslc/',NULL,'https://open.spotify.com/artist/4nzcnpoJkaMQ8j7b4uG2mD','English',NULL,NULL,1750627728,1750627728,NULL,NULL,NULL);
INSERT INTO churches VALUES(195,'Apologia Utah','apologia-utah','Listed',NULL,NULL,1751207366,'10778 S Redwood Rd, South Jordan, UT 84095',40.5555654130329,-111.939271905831,18,'https://apologiautah.com/','https://apologiautah.com/what-we-believe/',NULL,'contact@apologiautah.com','https://www.facebook.com/ApologiaUT/',NULL,'https://www.youtube.com/channel/UCf1q1tnlYUhwiAWvaqEpVdw',NULL,'English',NULL,NULL,1750627728,1750627728,NULL,NULL,NULL);
INSERT INTO churches VALUES(196,'Art City Church','art-city-church','Listed',NULL,NULL,1751207408,'385 S 400 E St, Springville, UT 84663',40.1614348193698,-111.603155233658,25,'https://www.artcity.church/','https://www.artcity.church/card/2','(385) 204-1840','artcitychurch@gmail.com','https://www.facebook.com/ArtCityChurch/',NULL,'https://youtube.com/@artcitychurch1722',NULL,'English',NULL,NULL,1750627728,1750627728,NULL,NULL,NULL);
INSERT INTO churches VALUES(197,'Ashley Valley Calvary Chapel','ashley-valley-calvary-chapel','Listed',NULL,'Web site is down?',1751207447,'1225 West 500 North, Vernal, Utah 84078',40.4633105686447,-109.577757319093,24,'https://www.avcalvary.org/','https://www.ashleyvalleycalvarychapel.org/what-we-believe','(435) 789-6834','pandedaggett@gmail.com','https://www.facebook.com/avcalvary/','https://www.instagram.com/avcalvary/','https://www.youtube.com/@AshleyValleyCalvaryChapel',NULL,'English',NULL,NULL,1750627728,1750627728,NULL,NULL,NULL);
INSERT INTO churches VALUES(198,'Aspen Grove Bible Church','aspen-grove-bible-church','Listed',NULL,NULL,1751207465,'1332 E Center St, Spanish Fork, UT 84660',40.1089782379517,-111.6319671465,25,'https://www.aspengrovebible.com','https://www.aspengrovebible.org/beliefs','(385) 472-5956','aspengrovebible@gmail.com','https://facebook.com/AspenGroveBible',NULL,'https://www.youtube.com/@AspenGroveBible',NULL,'English',NULL,NULL,1750627728,1750627728,NULL,NULL,NULL);
INSERT INTO churches VALUES(199,'Awaken City Church','awaken-city-church','Listed',NULL,NULL,1751207481,'4558 Patriot Ridge Dr, Herriman, UT 84065',40.4865591,-111.9998503,18,'https://www.awakencity.org/','https://www.awakencity.org/what-we-believe','(801) 810-4551','info@awakenslc.com','https://www.facebook.com/awakenslc/?ref=aymt_homepage_panel','https://www.instagram.com/awakenslc/',NULL,NULL,'English',NULL,NULL,1750627728,1750627728,NULL,NULL,NULL);
INSERT INTO churches VALUES(200,'Beacon Bible Church','beacon-bible-church','Unlisted',NULL,'Web site is down?',1751226843,'8739 Harrison St, Sandy, UT 84070',40.5928337520488,-111.900371825967,18,'https://www.beaconbibleutah.com/','https://www.beaconbibleutah.com/doctrinal-statement','(801) 568-9515','philandlois1970@gmail.com','https://www.facebook.com/philfoard',NULL,'https://www.youtube.com/@beaconbiblechurchutah/',NULL,'English',NULL,NULL,1750627728,1750627728,NULL,NULL,NULL);
INSERT INTO churches VALUES(201,'Bear River Valley Baptist Church','bear-river-valley-baptist-church','Listed',NULL,NULL,1751255725,'119 East Main Street, Tremonton, Utah 84337',41.7119754169895,-112.164256596238,2,'http://www.brvbaptistchurch.org/','http://www.brvbaptistchurch.org/our_beliefs','(435) 257-5992',NULL,'https://www.facebook.com/BearRiverValleyBaptistChurch',NULL,'https://www.youtube.com/@BearRiverBaptistChurch',NULL,'English',NULL,NULL,1750627728,1750627728,NULL,NULL,NULL);
INSERT INTO churches VALUES(202,'Berean Baptist Church','berean-baptist-church','Listed',NULL,NULL,1751207585,'3846 Jackson Avenue, Ogden, Utah 84403',41.1933698598173,-111.954025382712,29,'https://www.berean-baptist-utah.com/','https://www.berean-baptist-utah.com/statement-of-faith.html','(801) 399-3855',NULL,'https://www.facebook.com/bereanbaptistutah/',NULL,'https://www.youtube.com/@bereanbaptistchurchofogden8059',NULL,'English',NULL,NULL,1750627728,1750627728,NULL,NULL,NULL);
INSERT INTO churches VALUES(203,'Berean Bible Church','berean-bible-church','Listed',NULL,NULL,1751207672,'8630 S 60 E Sandy, UT 84070',40.5946734015868,-111.888905630455,18,'https://bereanbibleutah.org/','https://bereanbibleutah.org/beliefs','(801) 295-9439','bereanbibleutah@gmail.com','https://www.facebook.com/BereanSandy',NULL,'https://www.youtube.com/@bereanbibleutah',NULL,'English',NULL,NULL,1750627728,1750627728,NULL,NULL,NULL);
INSERT INTO churches VALUES(204,'Berean Presbyterian Church','berean-presbyterian-church','Listed',NULL,NULL,1751207735,'189 State St suite 130/135, Clearfield, UT 84015',41.1115853457077,-112.022764019049,6,'https://bereanopc.blogspot.com/','http://bereanopc.blogspot.com/2009/12/our-beliefs.html','(801) 540-6088','people2peoplemin@aol.com','https://www.facebook.com/p/Berean-Presbyterian-Church-OPC-100064785183427',NULL,NULL,NULL,'English',NULL,NULL,1750627728,1750627728,NULL,NULL,NULL);
INSERT INTO churches VALUES(205,'Beryl Baptist Church','beryl-baptist-church','Listed',NULL,'Parsonage is at 162 N.',1751207772,'182 N 200 W, Beryl, UT 84714',37.7101563105758,-113.660981846471,11,'https://www.facebook.com/groups/541615383136650/','https://bfm.sbc.net/bfm2000/','(435) 439-5319','pastoralexander435@gmail.com','https://www.facebook.com/groups/541615383136650/',NULL,NULL,NULL,'English',NULL,NULL,1750627728,1750627728,NULL,NULL,NULL);
INSERT INTO churches VALUES(206,'Bethany Korean Baptist Church','bethany-korean-baptist-church','Listed',NULL,'Statement of Faith is under "Intro Church" → "Vision"',1751207872,'1151 E. Hwy 193, Layton, UT 84040',41.1026337262737,-111.944142076194,6,'http://www.utbkbc.org/','https://www.firstbaptistworcester.org/about-us/what-we-believe','(801) 771-3124','info@firstbaptistworcester.org','https://www.facebook.com/FirstBaptistChurchWorcester',NULL,'https://www.youtube.com/channel/UC-182-466-222-2222',NULL,'English',NULL,NULL,1750627728,1750627728,NULL,NULL,NULL);
INSERT INTO churches VALUES(207,'Brigham City Baptist Church','brigham-city-baptist-church','Listed',NULL,'Planted out of Mt Logan Baptist Church in Logan, UT.',1751207910,'480 W Westland Dr, Brigham City, UT 84302',41.487642090652,-112.02575891452,2,'https://brighamcitybaptist.com/','https://brighamcitybaptist.com/what-we-believe/','(704) 791-7360','mtloganbc@gmail.com','https://www.facebook.com/profile.php?id=100093246633776',NULL,NULL,NULL,'English',NULL,NULL,1750627728,1750627728,NULL,NULL,NULL);
INSERT INTO churches VALUES(208,'Brigham City Bible Church','brigham-city-bible-church','Listed',NULL,NULL,1751207992,'634 S 200 E, Brigham City, UT 84302',41.4976904089015,-112.013476257062,2,'http://www.bcbcutah.org/','https://www.pcaac.org/bco/westminster-confession/','(801) 295-9439',NULL,'https://www.facebook.com/bcbcutah',NULL,'https://www.youtube.com/@brighamcitybiblechurch9412',NULL,'English',NULL,NULL,1750627728,1750627728,NULL,NULL,NULL);
INSERT INTO churches VALUES(209,'Cache Valley Bible Fellowship','cache-valley-bible-fellowship','Listed',NULL,NULL,1751255711,'1488 N 200 W, Logan, UT 84341',41.7594633481815,-111.838506196518,3,'https://www.cachevalleybible.org/','https://www.cachevalleybible.org/what-we-believe','(435) 752-9443','cachevalleybible@gmail.com','https://www.facebook.com/CacheValleyBibleFellowship',NULL,'https://www.youtube.com/channel/UCnUH7ApIZK7U90YzCnlCvdw',NULL,'English',NULL,NULL,1750627728,1750627728,NULL,NULL,NULL);
INSERT INTO churches VALUES(210,'Calvary Baptist Church','calvary-baptist-church','Unlisted',NULL,'No Statement of Faith',1751208022,'830 1200 S, Tremonton, UT 84337',41.698354972895,-112.177686602541,2,'https://calvarybaptchurch.org/','https://calvarybaptchurch.org/gospel/','(435) 279-6752',NULL,'https://www.facebook.com/profile.php?id=100080920141156#new_tab',NULL,NULL,NULL,'English',NULL,NULL,1750627728,1750627728,NULL,NULL,NULL);
INSERT INTO churches VALUES(211,'Calvary Chapel Cedar City','calvary-chapel-cedar-city','Listed',NULL,NULL,1751208142,'101 East Nichols Canyon Road, Cedar City, UT 84721',37.7218242784126,-113.060440455032,11,'https://calvarycedar.org/','https://calvarycedar.org/our-history-amp-beliefs','(435) 867-8188','info@calvarycedar.org','https://www.facebook.com/calvarycedar','https://www.instagram.com/calvarychapelcedarcity',NULL,NULL,'English',NULL,NULL,1750627728,1750627728,NULL,NULL,NULL);
INSERT INTO churches VALUES(212,'Calvary Chapel Eagle Mountain','calvary-chapel-eagle-mountain','Listed',NULL,NULL,1751208194,'1702 Trail Head Rd, Eagle Mountain, UT 84005',40.3779068593692,-111.965185105487,25,'https://eaglemtncalvary.org/','https://eaglemtncalvary.org/index.php/about-us','(801) 295-9439','eaglemountaincalvary@gmail.com','https://www.facebook.com/eaglemountaincalvary','https://www.instagram.com/eaglemountaincalvarychapel/','https://www.youtube.com/@eaglemountaincalvarychapel',NULL,'English',NULL,NULL,1750627728,1750627728,NULL,NULL,NULL);
INSERT INTO churches VALUES(213,'Calvary Chapel Hurricane Valley','calvary-chapel-hurricane-valley','Listed',NULL,NULL,1751208213,'92 W 100 S, Hurricane, UT 84737',37.1756048475529,-113.289803774782,27,'http://www.calvaryhv.com','http://www.calvaryhv.com/what-do-we-believe.html','(435) 635-9313','info@calvaryhv.com','https://www.facebook.com/calvaryhv',NULL,'https://www.youtube.com/@calvarychapelhurricanevall5834/featured',NULL,'English',NULL,NULL,1750627728,1750627728,NULL,NULL,NULL);
INSERT INTO churches VALUES(214,'Calvary Chapel Kanab','calvary-chapel-kanab','Listed',NULL,NULL,1751208253,'395 S 200 E, Kanab, UT 84741',37.0415313673389,-112.523906217499,13,'https://www.calvarychapelkanab.org/','https://www.calvarychapelkanab.org/blank-1','(435) 644-5343','calvarychapelkanab@gmail.com',NULL,NULL,'https://www.youtube.com/@calvarychapelkanab6903',NULL,'English',NULL,NULL,1750627728,1750627728,NULL,NULL,NULL);
INSERT INTO churches VALUES(215,'Calvary Chapel New Life','calvary-chapel-new-life','Listed',NULL,NULL,1751208289,'210 E Main St, Midway, UT 84049',40.5119430695068,-111.467849912209,26,'https://ccnewlife.com/','https://ccnewlife.com/about/statement-of-faith','(435) 990-3380',NULL,'https://www.facebook.com/calvarychapelutah/',NULL,'https://www.youtube.com/@ccnewlife3337',NULL,'English',NULL,NULL,1750627728,1750627728,NULL,NULL,NULL);
INSERT INTO churches VALUES(216,'Calvary Chapel Sevier Valley','calvary-chapel-sevier-valley','Listed',NULL,NULL,1751208308,'130 N Main St, Richfield, UT 84701',38.7699359374887,-112.084578081801,21,'http://www.calvarysevier.com','http://www.calvarysevier.com/the-gospel/','(435) 558-3060','calvarysevier@gmail.com','http://www.facebook.com/calvarysevier',NULL,'https://www.youtube.com/@calvarysevier/playlists',NULL,'English',NULL,NULL,1750627728,1750627728,NULL,NULL,NULL);
INSERT INTO churches VALUES(217,'Calvary Chapel St. George','calvary-chapel-st-george','Listed',NULL,NULL,1751255647,'3922 S Pioneer Road, Saint George, Utah 84790',37.0402713479372,-113.59981748643,27,'https://calvarysg.com/','https://calvarysg.com/beliefs','(435) 674-4955','info@calvarysg.com','https://www.facebook.com/calvarysg','https://instagram.com/calvarysg',NULL,NULL,'English',NULL,NULL,1750627728,1750627728,NULL,NULL,NULL);
INSERT INTO churches VALUES(218,'Calvary Christian Church','calvary-christian-church','Unlisted',NULL,NULL,1751208330,'4737 South 1900 West, Roy Utah 84067',41.1773432336076,-112.026798837696,29,'https://www.cccroy.com/',NULL,'(801) 825-1270',NULL,'https://www.facebook.com/CalvaryChristianChurchUtah',NULL,NULL,NULL,'English',NULL,NULL,1750627728,1750627728,NULL,NULL,NULL);
INSERT INTO churches VALUES(219,'Calvary City on a Hill','calvary-city-on-a-hill','Listed',NULL,NULL,1752003494,'105 100 N, Provo, UT 84606',40.2353176974975,-111.656524656185,25,'https://www.cityonahillut.org/','https://www.cityonahillut.org/statement-of-faith/','(801) 756-7770','cityonahillut@protonmail.com','https://www.facebook.com/CityonaHillUT/live_videos',NULL,'https://www.youtube.com/channel/UCxCI13VyxoDC6O-W1nkgPEQ',NULL,'English',NULL,NULL,1750627728,1750627728,NULL,NULL,NULL);
INSERT INTO churches VALUES(220,'Calvary Logan Church','calvary-logan-church','Listed',NULL,NULL,1751208364,'990 S Main St, Suite A, Logan, UT 84321',41.7138299964645,-111.834450189886,3,'http://calvarylogan.com/','https://calvarylogan.org/our-beliefs','(435) 994-2326','calvarylogan@gmail.com','https://www.facebook.com/BestChurchWebsiteBuilder','https://www.instagram.com/calvarylogan',NULL,NULL,'English',NULL,NULL,1750627728,1750627728,NULL,NULL,NULL);
INSERT INTO churches VALUES(221,'Calvary Mountain View','calvary-mountain-view','Listed',NULL,NULL,1751208388,'340 E State Rd, American Fork, UT 84003',40.3741512443308,-111.789730349768,25,'https://www.calvarymv.com/','https://www.calvarymv.com/who-we-are/','(801) 756-1446','info@calvarymv.com','https://www.facebook.com/CalvaryMV/','https://www.instagram.com/calvarymv/','https://www.youtube.com/user/CalvaryMV/featured','https://open.spotify.com/user/ehijv3t3rybhxf2sm5x4193vb/playlist/1ABWJLa7pvLlcHjmWCPU0N?si=lIEE2_FSR1utsNr00FlZvQ','English',NULL,NULL,1750627728,1750627728,NULL,NULL,NULL);
INSERT INTO churches VALUES(222,'Calvary Salt Lake','calvary-salt-lake','Listed',NULL,NULL,1751208444,'460 W Century Dr, Salt Lake City, UT 84123',40.6778729235104,-111.904099861636,18,'http://www.calvaryslc.org/','https://www.calvaryslc.org/what-we-believe','(801) 264-9999','info@calvaryslc.org','https://www.facebook.com/CalvarySLC/','https://www.instagram.com/calvaryslc/','https://www.youtube.com/CalvarySLC',NULL,'English',NULL,NULL,1750627728,1750627728,NULL,NULL,NULL);
INSERT INTO churches VALUES(223,'Canyon Road Church','canyon-road-church','Unlisted',NULL,'Egalitarian denomination.',1751208506,'1390 Canyon Road, Ogden, Utah 84404',41.2413703795524,-111.942568968927,29,'https://canyonroadchurch.com/','https://canyonroadchurch.com/beliefs-1','(801) 621-2185','churchoffice@canyonroadag.org','https://www.facebook.com/CanyonRoadChurch/','https://www.instagram.com/p/DJmbhCpOc61/',NULL,NULL,'English',NULL,NULL,1750627728,1750627728,NULL,NULL,NULL);
INSERT INTO churches VALUES(224,'Canyonlands Fellowship','canyonlands-fellowship','Listed',NULL,'Meets at Moab Arts & Recreation Center',1751208533,'420 Mi Vida Dr, Moab, UT 84532',38.575085000287,-109.548443372687,10,'https://canyonlandsfellowship.com/','https://bfm.sbc.net/bfm2000/','(435) 260-2434','canyonlandsfellowship@gmail.com','https://www.facebook.com/CanyonlandsFellowshipChurch',NULL,NULL,NULL,'English',NULL,NULL,1750627728,1750627728,NULL,NULL,NULL);
INSERT INTO churches VALUES(225,'Canyons Church','canyons-church','Listed',NULL,NULL,1751208607,'1700 E Fort Union Blvd, Cottonwood Heights, UT 84121',40.6246200941078,-111.843320988031,18,'https://canyonschurch.com','https://canyonschurch.com/what-we-believe','(801) 943-2241','office@canyonschurch.com','https://www.facebook.com/canyons.church','https://www.instagram.com/canyonsslcutah','https://www.youtube.com/@canyonsyoutube6715',NULL,'English',NULL,NULL,1750627728,1750627728,NULL,NULL,NULL);
INSERT INTO churches VALUES(226,'Capital Church (Park City)','capital-church-park-city','Unlisted',NULL,'Egalitarian',1751208704,'1400 Bitner Rd, Park City, UT 84098',NULL,NULL,18,'https://canyonroadchurch.com/',NULL,NULL,NULL,NULL,NULL,NULL,NULL,'English',NULL,NULL,1750627728,1750627728,NULL,NULL,NULL);
INSERT INTO churches VALUES(227,'Capital Church (Salt Lake City)','capital-church-salt-lake-city','Unlisted',NULL,'Egalitarian',1751208736,'1010 East 700 South, Salt Lake City, UT 84102',40.7537531339096,-111.86207843828,18,'https://www.capitalchurch.com/','https://www.capitalchurch.com/about/#beliefs','(801) 366-4222','ofc.saltlake@capitalchurch.com','https://www.facebook.com/capitalchurchutah','https://www.instagram.com/capitalchurch','https://www.youtube.com/capitalchurch',NULL,'English',NULL,NULL,1750627728,1750627728,NULL,NULL,NULL);
INSERT INTO churches VALUES(228,'Cedar Country Bible Fellowship','cedar-country-bible-fellowship','Listed',NULL,NULL,1751208755,'44210 W Fruitland, Fruitland, UT 84027',40.1975501472696,-110.823762495899,18,'https://www.cedarcountrybible.com/','https://www.cedarcountrybible.com/statement-of-faith','(435) 406-1299','jarrodmu@gmail.com','https://www.facebook.com/CedarCountryBibleFellowship?ref=hl',NULL,NULL,NULL,'English',NULL,NULL,1750627728,1750627728,NULL,NULL,NULL);
INSERT INTO churches VALUES(229,'CenterPoint Church','centerpoint-church','Unlisted',NULL,'Occasionally preaching female pastor on leadership team.',1751208798,'1550 Sandhill Road, Orem, UT 84058',40.2689765538976,-111.712311651866,25,'https://centerpointutah.org/','https://centerpointutah.org/what-we-believe','(801) 225-3038','staff@centerpointutah.org','https://www.facebook.com/centerpointutah/','https://www.instagram.com/centerpointchurchutah/','https://www.youtube.com/user/CenterPointUV',NULL,'English',NULL,NULL,1750627728,1750627728,NULL,NULL,NULL);
INSERT INTO churches VALUES(230,'Christ Community','christ-community','Unlisted','More info needed','Meets at Fossil Ridge Intermediate School.',1751256007,'383 S Mall Dr, St. George, UT 84790',37.101982041804,-113.53744536673,27,'https://christ-community-church-414494.churchcenter.com/home','https://christ-community-church-414494.churchcenter.com/pages/about-us','(435) 900-2056','cody@christcommunity.life','https://www.facebook.com/ChristCommunity.life','https://www.instagram.com/christcommunity.life/','https://www.youtube.com/channel/UCGOwqM10TUxNPoBRDbRh5eQ',NULL,'English',NULL,NULL,1750627728,1750627728,NULL,NULL,NULL);
INSERT INTO churches VALUES(231,'Christ Fellowship (Wasatch)','christ-fellowship-wasatch','Unlisted',NULL,'Has no publicly identifiable weekly gathering place',1751208846,NULL,NULL,NULL,18,'http://christfellowshipslc.com','http://christfellowshipslc.com/about/','(801) 388-5003','christfellowshipslc@hotmail.com',NULL,NULL,NULL,NULL,'English',NULL,NULL,1750627728,1750627728,NULL,NULL,NULL);
INSERT INTO churches VALUES(232,'Christ Fellowship Church','christ-fellowship-church','Listed',NULL,'Currently meeting at Fellowship Bible Church',1751255830,'375 N State St, Lindon, UT 84042',40.3442847929901,-111.723606109924,25,'https://www.cfcutah.org/','https://www.cfcutah.org/beliefs','(801) 900-0000','zach@christfellowshiputah.org',NULL,NULL,NULL,NULL,'English',NULL,NULL,1750627728,1750627728,NULL,NULL,NULL);
INSERT INTO churches VALUES(233,'Christ Lutheran Church','christ-lutheran-church','Listed',NULL,NULL,1751208883,'240 E 5600 S, Murray, UT 84107',40.6485162278073,-111.884741429541,18,'https://www.christlutheranmurray.com/','https://www.lcms.org/about/beliefs/doctrine/brief-statement-of-lcms-doctrinal-position','(801) 266-8714','clcmurray@gmail.com','https://www.facebook.com/CLCMurray/',NULL,'https://bitly.com/christlutheranyoutube',NULL,'English',NULL,NULL,1750627728,1750627728,NULL,NULL,NULL);
INSERT INTO churches VALUES(234,'Christ Our Shepherd Church','christ-our-shepherd-church','Closed',NULL,'Meets in Marriott-Slaterville. Formerly Living Faith Christian Church and Living Faith Discipleship Community?',1751210840,'985 1200 W St, Ogden, UT 84404',41.2754309456073,-112.010087320562,29,'https://www.ogdenlfdc.org','https://www.ogdenlfdc.org/our-beliefs','(801) 644-0768',NULL,NULL,NULL,NULL,NULL,'English',NULL,NULL,1750627728,1750627728,NULL,NULL,NULL);
INSERT INTO churches VALUES(235,'Christ Presbyterian Church','christ-presbyterian-church','Listed',NULL,NULL,1751210879,'8630 West Magna Main Street, Salt Lake City, UT 84044',40.7112521058304,-112.098264582196,18,'http://www.gospelutah.org/','https://opc.org/wcf.html','(801) 295-9439','jasonopc@aol.com',NULL,NULL,NULL,NULL,'English',NULL,NULL,1750627728,1750627728,NULL,NULL,NULL);
INSERT INTO churches VALUES(236,'Christian Life Center Church','christian-life-center-church','Unlisted',NULL,'Egalitarian denomination',1751210907,'2352 East Highway 193 Layton, Utah 84040',41.1048376176649,-111.922261284828,6,'https://clclayton.org','https://www.clcutah.org/what-we-believe','(801) 771-5433','info@clclayton.org','https://www.facebook.com/CLCUTAH','https://www.instagram.com/clcutah/','https://www.youtube.com/c/clcutah','https://open.spotify.com/show/5BLNWBgbMVI0Y3oUwXkqAD?si=-SY2e9KPSYG6taibHZ8VlA','English',NULL,NULL,1750627728,1750627728,NULL,NULL,NULL);
INSERT INTO churches VALUES(237,'Christian Life Church','christian-life-church','Unlisted',NULL,'Egalitarian denomination',1751211249,'1498 S 1700 W, Payson, UT 84651',40.0200549919499,-111.764492727025,25,'https://christianlifeutah.churchcenter.com/','https://christianlifeutah.churchcenter.com/pages/statement-of-faith','(801) 465-3838','office@clag.us','https://www.facebook.com/Christianlifeutah','https://www.instagram.com/christianlifepayson/','https://www.youtube.com/@christianlifechurch822',NULL,'English',NULL,NULL,1750627728,1750627728,NULL,NULL,NULL);
INSERT INTO churches VALUES(238,'Church of the Valley','church-of-the-valley','Listed',NULL,NULL,1751211305,'8558 S 1300 E, Sandy, UT 84094',40.5958575813932,-111.855202335094,18,'https://www.cotv.church/','https://www.cotv.church/statementoffaith','(801) 448-7142','hello@cotv.church','https://www.facebook.com/COTV.CHURCH','https://www.instagram.com/cotv.church/',NULL,'https://open.spotify.com/show/0vlKzSaFSxNOv9QI1pcLWT?si=4577442cd9074ae1','English',NULL,NULL,1750627728,1750627728,NULL,NULL,NULL);
INSERT INTO churches VALUES(239,'CityLight Church','citylight-church','Listed',NULL,'Formerly First Baptist Church of West Valley City',1751211411,'1380 S Main St, Salt Lake City, UT 84115',40.739636202566,-111.891659832731,18,'https://citylightslc.church/','https://bfm.sbc.net/bfm2000/','(801) 295-9439','office@citylightslc.org','https://www.facebook.com/CityLightChurchSLC','https://www.instagram.com/citylightchurchslc/','https://www.youtube.com/@CityLightChrchSLC',NULL,'English',NULL,NULL,1750627728,1750627728,NULL,NULL,NULL);
INSERT INTO churches VALUES(240,'Cliffview Chapel Baptist Church','cliffview-chapel-baptist-church','Listed',NULL,NULL,1751211440,'426 W Powell Drive, Kanab, Utah 84741',37.0393463379645,-112.539725396435,13,'https://www.cliffviewchapel.org','https://www.cliffviewchapel.org/beliefs.html','(435) 644-2889','contact@cliffviewchapel.org','https://facebook.com/cliffviewchapel',NULL,'https://youtube.com/cliffviewchapel',NULL,'English',NULL,NULL,1750627728,1750627728,NULL,NULL,NULL);
INSERT INTO churches VALUES(241,'Community Baptist Church','community-baptist-church','Listed',NULL,'No Statement of Faith',1751211501,'1041 N Highway 12, Tropic, UT 84776',37.6423021757672,-112.082699847877,9,'https://cbctropic.org/','https://cbctropic.org/doctrines-and-teachings-of-community-baptist-church/','(435) 979-4342',NULL,NULL,NULL,NULL,NULL,'English',NULL,NULL,1750627728,1750627728,NULL,NULL,NULL);
INSERT INTO churches VALUES(242,'Community of Grace Church','community-of-grace-church','Listed',NULL,'Meets at Common Grounds Center',1751211604,'45 West Johnson Avenue, Colorado City, AZ 86021',36.9864712128324,-112.974804016049,18,'https://www.cofgchurch.org/','https://www.cofgchurch.org/about-us','(435) 212-0629','brody.olson@gmail.com','https://www.facebook.com/watch/cofgchurch/',NULL,NULL,NULL,'English',NULL,NULL,1750627728,1750627728,NULL,NULL,NULL);
INSERT INTO churches VALUES(243,'Community Pentecostal Church','community-pentecostal-church','Unlisted',NULL,'Pentecostal. No web site.',1751211668,'1500 White Rocks Hwy, Fort Duchesne, UT 84026',40.3458214793232,-109.902243525079,7,NULL,NULL,'(435) 722-3027','fsmith1@ubtanet.com','https://www.facebook.com/p/Community-Pentecostal-Church-100069079820419/',NULL,NULL,NULL,'English',NULL,NULL,1750627728,1750627728,NULL,NULL,NULL);
INSERT INTO churches VALUES(244,'Copper Hills Church','copper-hills-church','Listed',NULL,NULL,1752536613,'4557 West Patriot Ridge Drive, Herriman, UT 84096',40.4855137558116,-111.998149680972,18,'https://www.copperhillschurch.com/','https://www.copperhillschurch.com/home/about/what-we-believe/','(803) 730-2756','mjackman@copperhillschurch.com','https://www.facebook.com/copperhillschurchutah/','https://www.instagram.com/copperhillschurchutah/','https://www.youtube.com/@copperhillschurch7864',NULL,'English',NULL,NULL,1750627728,1750627728,NULL,NULL,NULL);
INSERT INTO churches VALUES(245,'Corner Canyon Church','corner-canyon-church','Listed',NULL,NULL,1751211937,'12883 S 1300 E, Draper, UT 84020',40.5177691200484,-111.852896381798,18,'http://cornercanyonchurch.org','https://www.cornercanyonchurch.org/beliefs-1','(801) 214-8494','cornercanyonchurch@gmail.com','https://www.facebook.com/cornercanyonchurchutah/','https://www.instagram.com/corner_canyon_church/','https://www.youtube.com/channel/UC-mgF7QruZ0GTq0QmK_BdmQ?view_as=subscriber',NULL,'English',NULL,NULL,1750627728,1750627728,NULL,NULL,NULL);
INSERT INTO churches VALUES(246,'Cornerstone Baptist Church','cornerstone-baptist-church','Listed',NULL,NULL,1751211994,'276 E 500 N, Tooele, UT 84074',40.539686502335,-112.290891332912,23,'https://cornerstoneutah.org/','https://cornerstoneutah.org/articles-of-faith','(435) 882-6263','cbctooele@outlook.com','https://www.facebook.com/groups/463899870305609/',NULL,NULL,NULL,'English',NULL,NULL,1750627728,1750627728,NULL,NULL,NULL);
INSERT INTO churches VALUES(247,'Cornerstone Bible Church','cornerstone-bible-church','Listed',NULL,'Meeting in Monticello Academy',1751212055,'3024 W 300 N, Ste A, West Point, UT 84015',41.1190697474933,-112.085561039757,6,'https://cornerstoneofutah.com/','https://www.cornerstoneofutah.com/our-beliefs/','(801) 896-3043','cornerstoneofutah@gmail.com','https://www.facebook.com/CornerstoneBibleChurchUtah','https://www.instagram.com/cornerstoneofutah2012/',NULL,NULL,'English',NULL,NULL,1750627728,1750627728,NULL,NULL,NULL);
INSERT INTO churches VALUES(248,'Courageous Church','courageous-church','Unlisted',NULL,'Egalitarian',1751212068,'2139 Foothill Dr, Salt Lake City, UT 84109',40.724775599812,-111.813430477715,18,'https://www.courageouschurch.com',NULL,'(801) 923-4954','info@courageouschurch.com','https://facebook.com/courageousslc','https://instagram.com/courageousslc',NULL,NULL,'English',NULL,NULL,1750627728,1750627728,NULL,NULL,NULL);
INSERT INTO churches VALUES(249,'Covenant Grace Church','covenant-grace-church','Listed',NULL,NULL,1751226986,'1835 W 2250 S, Syracuse, UT 84075',41.0808123581141,-112.061917118371,6,'https://www.covenantgraceutah.org/','https://www.covenantgraceutah.org/about','(801) 710-1569','info@covenantgraceutah.org','https://www.facebook.com/Covenant-Grace-Church-110895167324140','http://instagram.com/covenantgraceutah',NULL,NULL,'English',NULL,NULL,1750627728,1750627728,NULL,NULL,NULL);
INSERT INTO churches VALUES(250,'CrossPoint Church','crosspoint-church','Unlisted',NULL,'Gathering places unidentified',1751212155,NULL,NULL,NULL,18,'https://crosspointutah.com/',NULL,'(801) 200-3818','desk@crosspointutah.com',NULL,NULL,NULL,NULL,'English',NULL,NULL,1750627728,1750627728,NULL,NULL,NULL);
INSERT INTO churches VALUES(251,'Crosspoint Presbyterian Church','crosspoint-presbyterian-church','Listed',NULL,NULL,1751212205,'3120 Pinebrook Rd, Park City, UT 84098',40.7485683061886,-111.570982212868,22,'https://crosspointpca.org','https://www.crosspointpca.org/beliefs','(435) 565-1236','info@crosspointpca.org','https://www.facebook.com/cpcparkcity/','https://www.instagram.com/cpcparkcity/','https://www.youtube.com/@cpcparkcity',NULL,'English',NULL,NULL,1750627728,1750627728,NULL,NULL,NULL);
INSERT INTO churches VALUES(252,'Crossroads Christian Fellowship','crossroads-christian-fellowship','Needs data','Confirm denomination','Egalitarian',1751212399,'6545 Combe Rd Uintah, UT 84403',41.1455466217748,-111.918613115748,18,'https://crossroadsgo.churchcenter.com/',NULL,'(801) 479-1052','info@crossroadsgo.org','https://www.facebook.com/CrossroadsCommunityGo/','https://www.instagram.com/crossroadsgo/','https://www.youtube.com/c/CrossroadsGo',NULL,'English',NULL,NULL,1750627728,1750627728,NULL,NULL,NULL);
INSERT INTO churches VALUES(253,'Crossroads Church','crossroads-church','Listed',NULL,NULL,1751212419,'166 E 10600 S, Sandy, UT 84070',40.5582121089866,-111.88582766732,18,'https://www.crossroadschurchutah.org','https://www.crossroadschurchutah.org/statement-of-faith','(801) 571-3721','info@crossroadschurchutah.org','https://www.facebook.com/Crossroads801',NULL,'https://www.youtube.com/@mediaatcrossroadschurchuta3525',NULL,'English',NULL,NULL,1750627728,1750627728,NULL,NULL,NULL);
INSERT INTO churches VALUES(254,'Crossroads Ogden Campus','crossroads-ogden-campus','Needs data','Confirm denomination','Egalitarian',1751212453,'789 2nd St, Ogden, UT 84404',41.2586972616239,-111.958726812999,29,'https://crossroadsgo.churchcenter.com/',NULL,'(801) 479-1052','info@crossroadsgo.org','https://www.facebook.com/CrossroadsCommunityGo/','https://www.instagram.com/crossroadsgo/','https://www.youtube.com/c/CrossroadsGo',NULL,'English',NULL,NULL,1750627728,1750627728,NULL,NULL,NULL);
INSERT INTO churches VALUES(255,'Delta Foursquare Church','delta-foursquare-church','Unlisted','Web site is down?','Egalitarian denomination',1751212517,'290 N 350 E Rd, Delta, UT',39.3569210716861,-112.566144065663,14,'https://deltafoursquare.com/',NULL,'(435) 864-5262','info@deltafoursquare.com',NULL,NULL,NULL,NULL,'English',NULL,NULL,1750627728,1750627728,NULL,NULL,NULL);
INSERT INTO churches VALUES(256,'Desert Edge Christian Church','desert-edge-christian-church','Needs data','Confirm denomination?',NULL,1751212601,'500 S Main St, Huntington, Utah 84528',39.3181689501614,-110.96379629173,8,'https://www.desertedgechurch.com/','https://www.desertedgechurch.com/our-mission','(435) 687-2933','desertedgechurch@gmail.com','https://www.facebook.com/pages/Desert%20Edge%20Christian%20Chapel/163283083701907/','https://www.instagram.com/desert_edge_church/',NULL,NULL,'English',NULL,NULL,1750627728,1750627728,NULL,NULL,NULL);
INSERT INTO churches VALUES(257,'Desert Ridge Baptist Church','desert-ridge-baptist-church','Listed',NULL,NULL,1751212627,'326 S 600 E, St George, Utah 84770',37.1026387026055,-113.571073605497,27,'https://drbc.us','https://drbc.us/about-us/statement-of-faith/','(435) 275-2003','drbcstg@gmail.com','https://www.facebook.com/DesertRidgeBaptistChurch',NULL,'https://www.youtube.com/@DesertRidgeBaptistChurch',NULL,'English',NULL,NULL,1750627728,1750627728,NULL,NULL,NULL);
INSERT INTO churches VALUES(258,'Discovery Christian Community','discovery-christian-community','Listed',NULL,NULL,1751212813,'123 Main St, Bountiful, UT 84010',40.6434603082385,-111.864968513452,18,'https://www.discoverychristian.org','https://cmalliance.org/who-we-are/our-faith-and-mission/statement-of-faith/','(801) 266-3600','office@discoverychristian.org','https://www.facebook.com/discoverychristian.org',NULL,'https://www.youtube.com/@DCCSLC/streams',NULL,'English',NULL,NULL,1750627728,1750627728,NULL,NULL,NULL);
INSERT INTO churches VALUES(259,'Duck Creek Community Church','duck-creek-community-church','Listed',NULL,'No statement of faith',1751297989,'830 East Movie Ranch Road, Duck Creek Village, Utah 84762',37.5289084392888,-112.665469357088,18,'https://www.duckcreekcommunitychurch.com/','https://duckcreekcommunitychurch.com/____impro/1/onewebmedia/i283726789546509070.jpg?etag=%221b68c-5db44839af051%22&sourceContentType=&ignoreAspectRatio&resize=612%2B792','(435) 682-3222',NULL,'https://www.facebook.com/pages/Duck-Creek-Community-Chuch/143507572408246',NULL,NULL,NULL,'English',NULL,NULL,1750627728,1750627728,NULL,NULL,NULL);
INSERT INTO churches VALUES(260,'Elevate Church','elevate-church','Unlisted',NULL,'Egalitarian',1751212940,'1094 West 1600 South, St George, Utah 84770',37.0821198385981,-113.608318930103,27,'https://www.elevatechurchsg.org/','https://www.elevatechurchsg.org/pages/what-we-believe','(435) 243-5637','info@elevatechurchsg.org','https://www.facebook.com/elevatechurchsg/','https://www.instagram.com/elevatechurchsg/','https://www.youtube.com/@elevatechurchutah',NULL,'English',NULL,NULL,1750627728,1750627728,NULL,NULL,NULL);
INSERT INTO churches VALUES(261,'Elevation Church','elevation-church','Unlisted',NULL,'Egalitarian',1751212972,'375 S State Street, Clearfield, Ut',41.1085895809002,-112.019937623638,6,'https://elevation.cc/','https://elevation.cc/what-we-believe','(801) 546-1553','Contact on website','https://www.facebook.com/ElevationChurchUtah/','https://www.instagram.com/elevationchurchut/','https://www.youtube.com/@ElevationChurchUtah',NULL,'English',NULL,NULL,1750627728,1750627728,NULL,NULL,NULL);
INSERT INTO churches VALUES(262,'Emmanuel Baptist Church','emmanuel-baptist-church','Listed',NULL,NULL,1751213033,'310 N 800 East, Hyrum, Utah',41.6390360442548,-111.831793201476,3,'https://www.ebchyrum.com','https://bfm.sbc.net/bfm2000/','(435) 245-5898','emmanuel@ebchyrum.com','https://www.facebook.com/groups/794722380886040',NULL,'https://www.youtube.com/channel/UCpjgzIX910HBGnB3ipfnWrw',NULL,'English',NULL,NULL,1750627728,1750627728,NULL,NULL,NULL);
INSERT INTO churches VALUES(263,'Ephraim Church of the Bible','ephraim-church-of-the-bible','Listed',NULL,NULL,1751213059,'380 S 400 E, Ephraim, UT 84627',39.3531371772175,-111.577803450497,20,'https://ephraimbible.org/','https://ephraimbible.org/about/beliefs.html','(435) 851-4983',NULL,NULL,NULL,'https://www.youtube.com/channel/UCwZJijS7KpMDcrlRUbhHWWA',NULL,'English',NULL,NULL,1750627728,1750627728,NULL,NULL,NULL);
INSERT INTO churches VALUES(264,'Esperanza Viva De SLC','esperanza-viva-de-slc','Listed','Confirm that church is still meeting.','Confirm that church is still meeting.',1751227378,'1235 California Ave, Salt Lake City, UT 84104',40.740274102141,-111.926862053345,18,NULL,'https://bfm.sbc.net/bfm2000/','(801) 860-7391','Esperanzaviva1013@gmail.com','https://www.facebook.com/p/Iglesia-Esperanza-viva-100080067940515/',NULL,NULL,NULL,'English',NULL,NULL,1750627728,1750627728,NULL,NULL,NULL);
INSERT INTO churches VALUES(265,'Evangelical Free Church of Salt Lake City','evangelical-free-church-of-salt-lake-city','Listed',NULL,NULL,1751297640,'6515 S S 3110 E, Salt Lake City, UT 84121',40.6315476026544,-111.803823974596,18,'https://www.slcevfree.org/','https://www.slcevfree.org/statement-of-faith','(801) 943-0091','evfreeoffice@slcevfree.org','https://facebook.com/evfreeslc','https://instagram.com/evfreechurch','https://www.youtube.com/@evangelicalfreechurchofsal8204',NULL,'English',NULL,NULL,1750627728,1750627728,NULL,NULL,NULL);
INSERT INTO churches VALUES(266,'Faith Baptist Church','faith-baptist-church','Listed',NULL,NULL,1752536489,'2430 N Fairfield Rd, Layton, UT 84041',41.0950036458941,-111.948367729401,6,'https://www.fbcutah.org/','https://www.fbcutah.org/we-believe','(801) 771-4652','fbclayton.utah@gmail.com','https://www.facebook.com/FaithBaptistUtah','https://instagram.com/faith_baptist_layton/','https://www.youtube.com/channel/UC2TMCoFsAHt3JuTIQ_PWYFw',NULL,'English',NULL,NULL,1750627728,1750627728,NULL,NULL,NULL);
INSERT INTO churches VALUES(267,'Faith Baptist Church (Salina)','faith-baptist-church-salina','Listed',NULL,NULL,1751228026,'165 S 400 E, Salina, UT 84654',38.9551658777551,-111.852740227363,21,'https://www.faithutah.com/','https://www.faithutah.com/statement-of-faith.html','(435) 529-3940','faithbaptistsalina@gmail.com',NULL,NULL,NULL,NULL,'English',NULL,NULL,1750627728,1750627728,NULL,NULL,NULL);
INSERT INTO churches VALUES(268,'Faith Baptist Church of Uintah Basin (Roosevelt)','faith-baptist-church-of-uintah-basin-roosevelt','Listed',NULL,NULL,1751227959,'800 S State St, Roosevelt, UT 84066',40.2878051023015,-109.992080689292,7,NULL,NULL,'(435) 630-1242','neolaorchards@gmail.com','https://www.facebook.com/p/Faith-Baptist-Church-of-Uintah-Basin-100064831836893/',NULL,NULL,NULL,'English',NULL,NULL,1750627728,1750627728,NULL,NULL,NULL);
INSERT INTO churches VALUES(269,'Faith Baptist Church of Utah Valley','faith-baptist-church-of-utah-valley','Listed',NULL,'KJV-only',1751227975,'730 E 800 N, Spanish Fork, Utah 84660',40.1197901542384,-111.64197882593,25,'https://www.fbcutah.com/','https://www.fbcutah.com/our-beliefs','(801) 798-9470','fbcutah@icloud.com','https://www.facebook.com/Faith-Baptist-Church-of-Utah-Valley-115868981775584',NULL,NULL,NULL,'English',NULL,NULL,1750627728,1750627728,NULL,NULL,NULL);
INSERT INTO churches VALUES(270,'Fellowship Bible Church (Liberty)','fellowship-bible-church-liberty','Listed',NULL,NULL,1751228054,'4783 N 3100 E, Liberty, UT 84310',41.3457441237146,-111.871691521659,18,'https://fbcliberty.com/','https://fbcliberty.com/beliefs','(801) 745-6200','info@fbcliberty.com','https://www.facebook.com/fellowshipbible/','https://instagram.com/fbcliberty/','https://www.youtube.com/channel/UCaT9J0PwZj_zdcWYaq5aM2g/featured',NULL,'English',NULL,NULL,1750627728,1750627728,NULL,NULL,NULL);
INSERT INTO churches VALUES(271,'Fellowship Bible Church (Lindon)','fellowship-bible-church-lindon','Listed',NULL,NULL,1751228082,'375 N State St, Lindon, UT 84042',40.3442383726446,-111.72350433711,25,'https://fbclindon.org/','https://fbclindon.org/our-core-beliefs','(801) 785-8122','contactus@fbclindon.org','https://www.facebook.com/FBCLindon','https://www.instagram.com/fbclindon/','https://www.youtube.com/channel/UCs1rYBaLbLOZnushgV43OgA',NULL,'English',NULL,NULL,1750627728,1750627728,NULL,NULL,NULL);
INSERT INTO churches VALUES(272,'First Baptist Church (Duchesne)','first-baptist-church-duchesne','Listed',NULL,NULL,1751228103,'592 E 400 S, Duchesne, UT 84021',40.1585477104403,-110.391115972379,7,'https://www.baptistduchesne.com/','https://www.baptistduchesne.com/about','(435) 738-5241','christianchurchduchesne@gmail.com','https://www.facebook.com/1stBaptistDuchesne',NULL,'https://www.youtube.com/channel/UCIcnnyzvkxYsjlFWbW617EA',NULL,'English',NULL,NULL,1750627728,1750627728,NULL,NULL,NULL);
INSERT INTO churches VALUES(273,'First Baptist Church (Moab)','first-baptist-church-moab','Listed','Web site is down?',NULL,1751228167,'420 Mi Vida Dr, Moab, UT 84532',38.5807249792383,-109.55340938949,10,'http://moabfirstbaptist.com/','https://moabfirstbaptist.com/our_beliefs','(435) 259-7310','moabfirst@gmail.com','https://www.facebook.com/moabfirstbaptist/',NULL,NULL,NULL,'English',NULL,NULL,1750627728,1750627728,NULL,NULL,NULL);
INSERT INTO churches VALUES(274,'First Baptist Church of Beaver','first-baptist-church-of-beaver','Unlisted',NULL,'Lacks Statement of Faith',1751255534,'220 East Center Street, Beaver, UT 84713',38.273917603719,-112.637248656711,1,'https://fbcbeaver.wordpress.com/',NULL,'(435) 438-2342','fbcbeaver@yahoo.com','https://www.facebook.com/BeaverFirstBaptist/',NULL,NULL,NULL,'English',NULL,NULL,1750627728,1750627728,NULL,NULL,NULL);
INSERT INTO churches VALUES(275,'First Baptist Church of Cedar City','first-baptist-church-of-cedar-city','Listed',NULL,NULL,1751228227,'324 West 200 North, Cedar City, Utah',37.6811977899485,-113.067329509065,11,'https://www.fbccc.org/','https://bfm.sbc.net/bfm2000/','(435) 263-7852','pastor@fbccc.org','https://www.facebook.com/profile.php?id=61560447839228','https://www.instagram.com/pastorfbccc/','https://www.youtube.com/@FBCCC-np7bv',NULL,'English',NULL,NULL,1750627728,1750627728,NULL,NULL,NULL);
INSERT INTO churches VALUES(276,'First Baptist Church of Escalante','first-baptist-church-of-escalante','Listed',NULL,NULL,1751228325,'220 N 300 E, Escalante, UT 84726',37.7736073136824,-111.593794286739,9,'https://fbcescalante.org','https://fbcescalante.org/statement-of-faith/','(435) 826-4915','preacherdale@gmail.com',NULL,NULL,NULL,NULL,'English',NULL,NULL,1750627728,1750627728,NULL,NULL,NULL);
INSERT INTO churches VALUES(277,'First Baptist Church of Grantsville','first-baptist-church-of-grantsville','Listed',NULL,NULL,1751286270,'235 W Main St, Grantsville, UT 84029',40.5994192107652,-112.470726683543,23,'https://fbcgrantsville.com/','https://bfm.sbc.net/bfm2000/','(435) 884-6025','wretchlikeme237@gmail.com','https://www.facebook.com/groups/450834922039808',NULL,NULL,NULL,'English',NULL,NULL,1750627728,1750627728,NULL,NULL,NULL);
INSERT INTO churches VALUES(278,'First Baptist Church of Nephi','first-baptist-church-of-nephi','Listed',NULL,NULL,1751228398,'982 E 700 N, Nephi, UT 84648',39.7179751727147,-111.816923395113,12,'https://firstbaptistnephi.org','https://first-baptist-nephi-435224.churchcenter.com/mission-beliefs','(435) 623-5613','fbcnephi@gmail.com',NULL,NULL,NULL,NULL,'English',NULL,NULL,1750627728,1750627728,NULL,NULL,NULL);
INSERT INTO churches VALUES(279,'First Baptist Church of Pleasant Grove','first-baptist-church-of-pleasant-grove','Listed',NULL,NULL,1751228460,'344 E Center St, Pleasant Grove, UT 84062',40.3635015874658,-111.734552046191,25,'https://www.facebook.com/pgfirstbaptist/','https://bfm.sbc.net/bfm2000/','(801) 787-9077',NULL,'https://www.facebook.com/pgfirstbaptist/',NULL,NULL,NULL,'English',NULL,NULL,1750627728,1750627728,NULL,NULL,NULL);
INSERT INTO churches VALUES(280,'First Baptist Church of Provo','first-baptist-church-of-provo','Listed',NULL,NULL,1751228492,'1144 Columbia Ln, Provo, UT 84604',40.2583692593477,-111.676823390274,25,'https://fbcprovo.org','https://fbcprovo.org/our-beliefs/','(801) 295-9439',NULL,'https://www.facebook.com/firstbaptistprovo/',NULL,NULL,NULL,'English',NULL,NULL,1750627728,1750627728,NULL,NULL,NULL);
INSERT INTO churches VALUES(281,'First Baptist Church of Roy','first-baptist-church-of-roy','Listed',NULL,NULL,1751228571,'2025 W 5700 S Roy, UT 84067',41.1593696042369,-112.028861237582,29,'https://firstbaptistroy.com','https://firstbaptistroy.com/?page_id=120','(801) 295-9439','royfbc@gmail.com',NULL,NULL,'https://www.youtube.com/@FBCROY',NULL,'English',NULL,NULL,1750627728,1750627728,NULL,NULL,NULL);
INSERT INTO churches VALUES(282,'First Baptist Church of Vernal','first-baptist-church-of-vernal','Listed',NULL,NULL,1751228601,'2100 W Hwy 40 Vernal, Ut',40.436712049538,-109.569858935264,24,'https://vernalfbc.org/','https://vernalfbc.org/about-us','(435) 789-1010','pastor@vernalfbc.org','https://www.facebook.com/FirstBaptistChurchVernal',NULL,'https://www.youtube.com/@firstbaptistchurchvernal7540',NULL,'English',NULL,NULL,1750627728,1750627728,NULL,NULL,NULL);
INSERT INTO churches VALUES(283,'First Lutheran Church','first-lutheran-church','Listed',NULL,NULL,1751228705,'349 N 7th St, Tooele, UT 84074',40.5372064980424,-112.28379977259,23,NULL,'https://www.lcms.org/about/beliefs/doctrine/brief-statement-of-lcms-doctrinal-position','(435) 882-1172','Quia.Concordia.1580@gmail.com','https://www.facebook.com/profile.php?id=61567028665142',NULL,NULL,NULL,'English',NULL,NULL,1750627728,1750627728,NULL,NULL,NULL);
INSERT INTO churches VALUES(284,'First Southern Baptist Church (Monticello)','first-southern-baptist-church-monticello','Listed',NULL,NULL,1751228741,'116 East 500 North, Monticello, UT 84535',37.8787386157833,-109.341025427807,19,'https://www.fbcmu.com/','https://bfm.sbc.net/','(435) 587-2534','one_fbc@citlink.net',NULL,NULL,NULL,NULL,'English',NULL,NULL,1750627728,1750627728,NULL,NULL,NULL);
INSERT INTO churches VALUES(285,'First Southern Baptist Church (Washington)','first-southern-baptist-church-washington','Listed',NULL,NULL,1751228761,'475 W Buena Vista Blvd, Washington, Utah 84780',37.1349783307786,-113.517819978696,27,'https://www.fsbcstg.org','https://www.fsbcstg.org/statement-of-faith','(435) 673-4511','office@fsbcstg.com','https://www.facebook.com/firstsouthernbaptistchurchut/',NULL,'https://www.youtube.com/channel/UCOFIGcGE0wEXqQR8Be10S9w',NULL,'English',NULL,NULL,1750627728,1750627728,NULL,NULL,NULL);
INSERT INTO churches VALUES(286,'First Vietnamese Baptist Church','first-vietnamese-baptist-church','Listed',NULL,NULL,1751228893,'1235 California Ave, Salt Lake City, UT 84104',40.7401936055678,-111.926678148847,18,NULL,'https://bfm.sbc.net/bfm2000/','(502) 298-2245',NULL,'https://www.facebook.com/pages/First-Vietnamese-Baptist-Church/106162866107521',NULL,NULL,NULL,'English',NULL,NULL,1750627728,1750627728,NULL,NULL,NULL);
INSERT INTO churches VALUES(287,'Flourishing Grace Church','flourishing-grace-church','Listed',NULL,NULL,1751228936,'390 N 400 E, Bountiful, UT 84010',40.8942404994,-111.872128690334,6,'https://www.flourishinggrace.org/','https://www.flourishinggrace.org/vision/beliefs','(801) 292-1661','info@flourishinggrace.org','https://www.facebook.com/FlourishingGC/','https://www.instagram.com/flourishinggrace/',NULL,NULL,'English',NULL,NULL,1750627728,1750627728,NULL,NULL,NULL);
INSERT INTO churches VALUES(288,'God''s Place','gods-place','Unlisted',NULL,'Egalitarian denomination',1751229016,'3717 Grant Avenue, Ogden, UT 84405',41.195499498782,-111.974234714487,29,'https://www.godsplace.us/','https://www.godsplace.us/what-we-believe','(801) 393-2518',NULL,NULL,NULL,NULL,NULL,'English',NULL,NULL,1750627728,1750627728,NULL,NULL,NULL);
INSERT INTO churches VALUES(289,'Good News Lutheran Church','good-news-lutheran-church','Listed',NULL,NULL,1751229053,'3281 N 1120 E, Lehi, UT 84043',40.4290821016258,-111.832797015805,25,'http://goodnewslehi.com/','https://goodnewslehi.com/about/our-beliefs','(801) 889-7942','pastor@goodnewslehi.com','https://www.facebook.com/Good-News-Lutheran-Lehi-UT-605195743010408/',NULL,'https://www.youtube.com/@goodnewslehi7636',NULL,'English',NULL,NULL,1750627728,1750627728,NULL,NULL,NULL);
INSERT INTO churches VALUES(290,'Good Shepherd Lutheran Church','good-shepherd-lutheran-church','Unlisted',NULL,'Egalitarian',1751229277,'8575 South 700 East, Sandy, UT 84070',40.5955864985291,-111.871776578298,18,'https://goodshepherdutah.com/','https://goodshepherdutah.com/about/statement-of-faith/','(801) 255-8181','shepherd@gslc.net','https://www.facebook.com/goodshepherdutah','https://www.instagram.com/goodshepherdut','https://www.youtube.com/channel/UCaLLH8l2Z3lvswgbSyau8Jg',NULL,'English',NULL,NULL,1750627728,1750627728,NULL,NULL,NULL);
INSERT INTO churches VALUES(291,'Gospel Grace','gospel-grace','Listed',NULL,NULL,1751907946,'662 E 1300 S, Salt Lake City, UT 84105',40.7413264,-111.8719729,18,'https://www.gospelgrace.com/','https://www.gospelgrace.com/about/beliefs','(801) 508-4610','info@gospelgracechurch.com','http://facebook.com/gospelgracechurch','http://instagram.com/gospelgracech','https://www.youtube.com/@GospelGraceChurch',NULL,'English',NULL,NULL,1750627728,1750627728,NULL,NULL,NULL);
INSERT INTO churches VALUES(292,'Gospel Hope','gospel-hope','Listed',NULL,NULL,1752380754,'11869 S 2700 W, Riverton, UT 84065',40.5355865,-111.9570069,18,'https://www.gospelhoperiverton.com/','https://www.gospelhoperiverton.com/about-what-we-believe','(801) 295-9439','contact@gospelhoperiverton.com','https://www.facebook.com/GospelHopeRiverton','http://instagram.com/gospelhopechurch','https://www.youtube.com/channel/UCG7VHolVH94BovHnMxAjXuQ/featured',NULL,'English',NULL,NULL,1750627728,1750627728,NULL,NULL,NULL);
INSERT INTO churches VALUES(293,'Gospel Light','gospel-light','Listed',NULL,NULL,1751907975,'1175 W 600 N, Salt Lake City, UT 84116',40.781976,-111.9249782,18,'https://www.gospellightchurch.com/','https://www.gospellightchurch.com/beliefs','(801) 363-6094','office@gospellightchurch.com','https://www.facebook.com/profile.php?id=61557439671515','https://www.instagram.com/gospellightchurchslc/','https://www.youtube.com/@gospellightchurchslc','https://open.spotify.com/show/0U7zl4qLV7uSkGlj5vGHXF','English',NULL,NULL,1750627728,1750627728,NULL,NULL,NULL);
INSERT INTO churches VALUES(294,'Gospel Peace','gospel-peace','Listed',NULL,NULL,1752530640,'290 N 400 E, Logan, UT 84321',41.7365817,-111.8239818,3,'https://gospelpeace.com/','https://gospelpeace.com/about-us/beliefs/','(435) 557-0792',NULL,'https://www.facebook.com/gospelpeacechurch/','https://www.instagram.com/gospelpeacechurch/','https://www.youtube.com/@gospelpeacechurch',NULL,'English',NULL,NULL,1750627728,1750627728,NULL,NULL,NULL);
INSERT INTO churches VALUES(295,'Grace Baptist Church (Delta)','grace-baptist-church-delta','Unlisted',NULL,'Statement of Faith needs section on the Trinity.',1751229782,'58 S Center, Delta, UT 84624',39.3514992850913,-112.575288968219,14,'https://www.gbcdelta.org/',NULL,'(435) 864-3870','gbcdeltaut@gmail.com','https://www.facebook.com/GBCDelta/',NULL,'https://www.youtube.com/@GBCDelta',NULL,'English',NULL,NULL,1750627728,1750627728,NULL,NULL,NULL);
INSERT INTO churches VALUES(296,'Grace Baptist Church (Logan)','grace-baptist-church-logan','Listed',NULL,NULL,1751229829,'475 W 600 N, Logan, UT 84321',41.7432559564735,-111.846751484769,3,'http://gracebaptistlogan.org/','http://baptiststudiesonline.com/wp-content/uploads/2007/02/the-new-hampshire-confession-of-faith.pdf','(435) 753-6871','preacherofgrace@yahoo.com','https://www.facebook.com/GBCofLogan?mibextid=LQQJ4d',NULL,NULL,NULL,'English',NULL,NULL,1750627728,1750627728,NULL,NULL,NULL);
INSERT INTO churches VALUES(297,'Grace Baptist Church (Orem)','grace-baptist-church-orem','Listed',NULL,'KJV-only',1751229902,'300 S 1200 W, Orem, UT 84058',40.2914775419309,-111.724486312804,25,'https://graceoforem.church/','https://graceoforem.church/about-us/','(801) 226-2070',NULL,'https://www.facebook.com/graceoforem',NULL,'https://www.youtube.com/@joyfulutahbride',NULL,'English',NULL,NULL,1750627728,1750627728,NULL,NULL,NULL);
INSERT INTO churches VALUES(298,'Grace Baptist Church (Vernal)','grace-baptist-church-vernal','Listed',NULL,NULL,1751229989,'3816 S 2500 E, Vernal, UT 84078',40.4003797873986,-109.480545315189,24,'https://www.gracechurchvernal.org/','https://www.garbc.org/about/','(435) 798-8738',NULL,'http://facebook.com/gracebaptistchurchvernal',NULL,NULL,NULL,'English',NULL,NULL,1750627728,1750627728,NULL,NULL,NULL);
INSERT INTO churches VALUES(299,'Grace Baptist Church (Washington)','grace-baptist-church-washington','Listed',NULL,NULL,1751230005,'1190 E Telegraph St, Washington, UT 84780',37.1306692716111,-113.489334239496,27,'https://mygracebaptist.org/','https://mygracebaptist.org/our-beliefs/','(435) 628-7453','mygbcutah@gmail.com','https://www.facebook.com/GBCWashington/',NULL,NULL,NULL,'English',NULL,NULL,1750627728,1750627728,NULL,NULL,NULL);
INSERT INTO churches VALUES(300,'Grace Baptist Church (West Valley City)','grace-baptist-church-west-valley-city','Listed',NULL,NULL,1751230024,'4737 West 4100 South, West Valley City, UT 84120',40.6815757605698,-112.004241019757,18,'http://graceutah.com/gbc/','https://graceutah.com/gbc/about-us','(385) 529-8509','grace@graceutah.com','https://www.facebook.com/gracewvc/',NULL,'https://www.youtube.com/channel/UCkye1NQ1sYPREN903Al4ITQ',NULL,'English',NULL,NULL,1750627728,1750627728,NULL,NULL,NULL);
INSERT INTO churches VALUES(301,'Grace Bible Church (Heber City)','grace-bible-church-heber-city','Listed',NULL,NULL,1751230035,'345 W 600 S Suite 130, Heber City, UT 84032',40.4986910073756,-111.419762677414,26,'https://www.gracechurchutah.org/','https://www.gracechurchutah.org/page/abbreviated-statement-of-faith','(435) 654-6327','tcowell93@gmail.com','https://www.facebook.com/gracechurchutah.org/',NULL,'https://www.youtube.com/@gracechurchutah',NULL,'English',NULL,NULL,1750627728,1750627728,NULL,NULL,NULL);
INSERT INTO churches VALUES(302,'Grace Bible Church (Springville)','grace-bible-church-springville','Listed',NULL,NULL,1751230057,'239 South Main Street, Springville, UT 84663',40.1633275646811,-111.610030716241,25,'https://gbcutah.org/','https://gbcutah.org/we-believe','(801) 295-9439','matt@freedomprovo.org','http://www.facebook.com/gbcspringville','http://instagram.com/gbcspringville',NULL,NULL,'English',NULL,NULL,1750627728,1750627728,NULL,NULL,NULL);
INSERT INTO churches VALUES(303,'Grace Bible Church (Tremonton)','grace-bible-church-tremonton','Listed',NULL,NULL,1751230076,'471 West 600 North, Tremonton, UT 84337',41.7184653988019,-112.173180093173,2,'https://gbcutah.com/','https://gbcutah.com/beliefs/','(435) 237-2333','gracetremonton@gmail.com','https://www.facebook.com/Grace-Bible-Church-Utah-962347167164210/?ref=aymt_homepage_panel',NULL,NULL,NULL,'English',NULL,NULL,1750627728,1750627728,NULL,NULL,NULL);
INSERT INTO churches VALUES(304,'Grace Chapel in Heber City','grace-chapel-in-heber-city','Listed',NULL,NULL,1751230091,'1400 Us-40, Heber City, UT 84032',40.5244531360433,-111.40907518669,26,'https://gracechapelheber.org/','https://gracechapelheber.org/what-we-believe/','(435) 300-1315','hvbc@heberworshipcenter.org','https://www.facebook.com/groups/155299831448',NULL,'https://www.youtube.com/channel/UCB22oUrTOiENfrOhMYMAbqg',NULL,'English',NULL,NULL,1750627728,1750627728,NULL,NULL,NULL);
INSERT INTO churches VALUES(305,'Grace Christian Church (Parowan)','grace-christian-church-parowan','Listed',NULL,NULL,1751230103,'845 West 200 South, Parowan, UT 84761',37.8382874347354,-112.84536683128,11,'https://gccparowan.com/','https://gccparowan.com/about/our-beliefs/','(435) 590-1663',NULL,'https://www.facebook.com/pages/Grace-Christian-Church-Parowan-UT/187046925033642',NULL,'https://www.youtube.com/@gccparowan7760',NULL,'English',NULL,NULL,1750627728,1750627728,NULL,NULL,NULL);
INSERT INTO churches VALUES(306,'Grace Christian Church (Torrey)','grace-christian-church-torrey','Listed',NULL,NULL,1751230119,'1155 West 100 North, Torrey, Utah 84775',38.2994757528329,-111.422478987321,28,'https://gracechristiantorrey.org/','https://gracechristiantorrey.org/about/what-we-believe','(801) 765-2277','info@gracechristiantorrey.org','https://www.facebook.com/gracechristiantorrey',NULL,'https://www.youtube.com/channel/UC-j31244112011111111111',NULL,'English',NULL,NULL,1750627728,1750627728,NULL,NULL,NULL);
INSERT INTO churches VALUES(307,'Grace Church of Utah','grace-church-of-utah','Listed',NULL,NULL,1751230133,'385 W Golden Ave, Layton, UT 84041',41.0698859828653,-111.97189566278,6,'https://graceutah.org/','https://graceutah.org/beliefs/','(801) 444-0839','office@graceutah.org','https://www.facebook.com/gracechurchofutah',NULL,'https://www.youtube.com/@gracechurchofutah7620',NULL,'English',NULL,NULL,1750627728,1750627728,NULL,NULL,NULL);
INSERT INTO churches VALUES(308,'Grace Community Bible Church','grace-community-bible-church','Listed',NULL,NULL,1751230152,'11592 South 1300 East, Sandy, UT 84094',40.5407538296377,-111.853870555974,18,'http://mygrace.us/','https://mygrace.us/beliefs','(801) 572-1011','office@mygrace.us','https://facebook.com/MyGraceUtah','https://instagram.com/mygraceutah','https://www.youtube.com/@mygraceutah',NULL,'English',NULL,NULL,1750627728,1750627728,NULL,NULL,NULL);
INSERT INTO churches VALUES(309,'Grace Lutheran Church (Sandy)','grace-lutheran-church-sandy','Listed',NULL,NULL,1751230166,'1815 E 9800 S, Sandy, UT 84092',40.574053464313,-111.840297511675,18,'https://gracesandy.org/','https://gracesandy.org/about-us/what-we-believe/','(801) 572-6375','church@gracesandy.org','https://www.facebook.com/gracesandyut/',NULL,'https://www.youtube.com/@GraceLutheran',NULL,'English',NULL,NULL,1750627728,1750627728,NULL,NULL,NULL);
INSERT INTO churches VALUES(310,'Grace Lutheran Church (Spanish Fork)','grace-lutheran-church-spanish-fork','Listed',NULL,'Meets at Angelus Theater',1751230197,'165 N Main St, Spanish Fork, UT 84660',40.1119830056488,-111.655117883117,25,'https://spanishforklcms.org/','https://spanishforklcms.org/beliefs/','(801) 572-6375','church@gracesandy.org',NULL,NULL,'https://www.youtube.com/@GraceLutheran',NULL,'English',NULL,NULL,1750627728,1750627728,NULL,NULL,NULL);
INSERT INTO churches VALUES(311,'Green River Bible Church','green-river-bible-church','Listed',NULL,NULL,1751230209,'320 Main St, Green River, UT 84525',38.9956728553856,-110.166719646767,8,'https://www.grbiblechurch.com/','https://www.ifca.org/page/what-we-believe','(307) 875-6343',NULL,'https://www.facebook.com/Green-River-Bible-Church-346777552016317/',NULL,NULL,NULL,'English',NULL,NULL,1750627728,1750627728,NULL,NULL,NULL);
INSERT INTO churches VALUES(312,'Greenhouse Community Church','greenhouse-community-church','Listed',NULL,NULL,1751230229,'1950 N Hillcrest Rd, Saratoga Springs, UT 84045',40.3985636881049,-111.919598733361,25,'https://www.greenhouseutah.com/','https://www.greenhouseutah.com/theology','(801) 341-9032','info@greenhouseutah.com','https://www.facebook.com/TheGreenHouseUtah/','https://www.instagram.com/greenhousechurchutah/','https://www.youtube.com/@OfficialGreenhouseChurchUtah/featured',NULL,'English',NULL,NULL,1750627728,1750627728,NULL,NULL,NULL);
INSERT INTO churches VALUES(313,'Gunnison Valley Fellowship Church','gunnison-valley-fellowship-church','Listed','Web site is down?',NULL,1751242475,'265 S 400 E St, Centerfield, UT 84622',39.1214621189916,-111.809339809012,18,'https://gvfellowshipchurch.org/','https://gvfellowshipchurch.org/#core-beliefs','(435) 340-0481','GVFellowshipChurch@gmail.com','https://www.facebook.com/gvfellowshipchurch',NULL,'https://www.youtube.com/@gunnisonvalleyfellowshipch5507',NULL,'English',NULL,NULL,1750627728,1750627728,NULL,NULL,NULL);
INSERT INTO churches VALUES(314,'Harbor Christian Church','harbor-christian-church','Listed',NULL,NULL,1751230490,'800 Washington Blvd, Ogden, Utah 84404',41.250139520022,-111.969241340626,29,'http://harborchristianogden.com/','http://harborchristianogden.com/what-we-believe','(801) 621-1111','harborchristianogden@gmail.com','https://www.facebook.com/HarborChristianChurch/?rf=1423953971178900',NULL,NULL,NULL,'English',NULL,NULL,1750627728,1750627728,NULL,NULL,NULL);
INSERT INTO churches VALUES(315,'Fellowship Church','fellowship-church-roosevelt','Unlisted','-> https://www.fellowshipchurchroosevelt.com/ ?','Web site is down since 7/16/2024.',1751256659,'310 S. Main, Roosevelt, Ut 84066',40.2993237587838,-109.990008532273,7,'https://www.fellowshipchurchroosevelt.com/','https://www.fellowshipchurchroosevelt.com/whatwebelive','(435) 722-0132','fellowshipchurchroosevelt@gmail.com',NULL,NULL,NULL,NULL,'English',NULL,NULL,1750627728,1750627728,NULL,NULL,NULL);
INSERT INTO churches VALUES(316,'Harvest Valley Baptist Church','harvest-valley-baptist-church','Listed',NULL,NULL,1751230507,'3305 West 12600 South, Riverton, UT 84065',40.5216974239323,-111.970834256899,18,'https://harvestvalleybaptist.org/','https://harvestvalleybaptist.org/we-believe/','(801) 302-1550','Info@harvestvalleybaptist.org','https://www.facebook.com/HVBC2003/',NULL,NULL,NULL,'English',NULL,NULL,1750627728,1750627728,NULL,NULL,NULL);
INSERT INTO churches VALUES(317,'Heritage Baptist Church','heritage-baptist-church','Listed',NULL,NULL,1751230608,'1502 Walnut Dr, Salt Lake City, UT 84116',40.7792314194784,-111.934235630962,18,'http://heritagebaptistchurchslc.com/','https://www.heritagebaptistchurchslc.com/what-we-believe.php','(801) 533-8913','docvbk@heritagebaptistcollege.org','https://www.facebook.com/profile.php?id=100064677341215',NULL,NULL,NULL,'English',NULL,NULL,1750627728,1750627728,NULL,NULL,NULL);
INSERT INTO churches VALUES(318,'High Pointe Church (Heber City)','high-pointe-church-heber-city','Unlisted',NULL,'Egalitarian denomination',1751230619,'2775 US-40 Unit 1, Heber City, UT 84032',40.4733923752401,-111.392685331838,26,'https://www.hputah.org/','https://www.hputah.org/what-we-believe/','(435) 315-5299','contactus@hputah.org','https://www.facebook.com/highpointechurchutah','https://www.instagram.com/highpointeutah?igshid=Y2IzZGU1MTFhOQ%3D%3D',NULL,NULL,'English',NULL,NULL,1750627728,1750627728,NULL,NULL,NULL);
INSERT INTO churches VALUES(319,'Hilltop Church','hilltop-church','Unlisted',NULL,'Egalitarian',1751230634,'1361 E Red Hills Pkwy, St George, Utah',37.1306468555757,-113.505314541315,27,'https://yourhilltop.church/','https://yourhilltop.church/whoweare','(435) 334-6984','info@yourhilltop.church','https://www.facebook.com/yourhilltop','https://www.instagram.com/yourhilltop','https://www.youtube.com/channel/UCQkJA24HaXkByzM-_gUao1g',NULL,'English',NULL,NULL,1750627728,1750627728,NULL,NULL,NULL);
INSERT INTO churches VALUES(320,'Hobble Creek Baptist Church','hobble-creek-baptist-church','Listed',NULL,NULL,1751230652,'135 W 900 N St, Springville, UT 84663',40.1890250436535,-111.64223023579,25,'https://www.hobblecreekbaptistchurch.com/','https://www.hobblecreekbaptistchurch.com/our-beliefs','(435) 210-1017','pastor.hobblecreekbaptist@gmail.com','https://www.facebook.com/HobbleCreekBaptistChurch','http://www.instagram.com/hobblecreekbaptistchurch','https://www.youtube.com/channel/UC7Kudlc1eEu5SbbPZuSP54g',NULL,'English',NULL,NULL,1750627728,1750627728,NULL,NULL,NULL);
INSERT INTO churches VALUES(321,'Holy Cross Lutheran Church (Brigham City)','holy-cross-lutheran-church-brigham-city','Unlisted',NULL,'Egalitarian denomination',1751230672,'750 E 100 S, Brigham City, UT 84302',41.5064491977952,-112.00451512304,2,'https://holycrossbc.net/','https://www.lcmc.net/statement-of-faith/231','(435) 246-0100','church@holycrossbc.net','http://www.facebook.com/holycrossbc','http://www.instagram.com/holycrossbc','https://www.youtube.com/user/holycrossbc',NULL,'English',NULL,NULL,1750627728,1750627728,NULL,NULL,NULL);
INSERT INTO churches VALUES(322,'Holy Trinity Lutheran Church (Logan)','holy-trinity-lutheran-church-logan','Listed',NULL,NULL,1751227287,'581 N 700 E, Logan, UT 84321',41.7421013626663,-111.81706995361,3,'http://www.holytrinitylutheranlogan.org/','https://www.lcms.org/about/beliefs/doctrine/brief-statement-of-lcms-doctrinal-position','(435) 752-1453',NULL,'https://www.facebook.com/profile.php?id=61570160292507','https://www.instagram.com/htlcloganut/','https://youtube.com/@holytrinitylutheranchurchl2173?si=lfKOD86OAToubBLh',NULL,'English',NULL,NULL,1750627728,1750627728,NULL,NULL,NULL);
INSERT INTO churches VALUES(323,'Holy Trinity Lutheran Church (Riverton)','holy-trinity-lutheran-church-riverton','Listed',NULL,NULL,1751230756,'13249 S Redwood Road, Riverton, UT 84065',40.5104547437453,-111.937026002308,18,'https://www.holytrinityut.org/','https://www.holytrinityut.org/?page_id=25','(801) 651-2300','pastor@holytrinityut.org','https://www.facebook.com/holytrinitylutheranchurchriverton/','https://www.instagram.com/holytrinitylutheran_riverton/','https://www.youtube.com/@holytrinitylutheranchurcha8671/streams',NULL,'English',NULL,NULL,1750627728,1750627728,NULL,NULL,NULL);
INSERT INTO churches VALUES(324,'Hope Baptist Church','hope-baptist-church','Unlisted',NULL,'KJV-only.',1751242703,'160 S Main St, Payson, UT 84651',40.0417573629916,-111.732551150095,25,'https://www.hopeforutah.org/about/','https://www.hopeforutah.org/services/','(513) 693-1166','hopebaptistchurchpaysonutah@gmail.com','https://www.facebook.com/profile.php?id=61563441894906',NULL,'https://www.youtube.com/@hopebaptist7283',NULL,'English',NULL,NULL,1750627728,1750627728,NULL,NULL,NULL);
INSERT INTO churches VALUES(325,'Hope Church','hope-church','Listed',NULL,NULL,1751286472,'7984 S 1300 E, Sandy, UT 84094',40.6065919207013,-111.854931607093,18,'https://www.hopechurchutah.com/','https://bfm.sbc.net/bfm2000/','(801) 953-9561','info@hopechurchutah.com','https://www.facebook.com/hopechurchutah','https://www.instagram.com/hopechurchutah/','https://www.youtube.com/@hopechurchutah241',NULL,'English',NULL,NULL,1750627728,1750627728,NULL,NULL,NULL);
INSERT INTO churches VALUES(326,'Hope Lutheran Church','hope-lutheran-church','Listed',NULL,NULL,1751242884,'2930 W 9000 S, West Jordan, UT 84088',40.5880155916148,-111.963193247181,18,'https://westjordanlutherans.org/','https://westjordanlutherans.org/about-us/what-we-believe/','(801) 569-1111','westjordanlutherans@gmail.com','https://www.facebook.com/WestJordanLutherans',NULL,'https://www.youtube.com/@HopeLutheranChurchWestJordanUT',NULL,'English',NULL,NULL,1750627728,1750627728,NULL,NULL,NULL);
INSERT INTO churches VALUES(327,'HopeValley Church','hopevalley-church','Listed',NULL,NULL,1751242973,'9453 S 6400 W, West Jordan, UT 84081',40.5796746722548,-112.043612015692,18,'https://hopevalleyutah.com/','https://hopevalleyutah.com/beliefs/','(385) 412-7247','dustin@hopevalleyutah.com','https://www.facebook.com/hopevalleyutah','https://www.instagram.com/hopevalleyutah/','https://www.youtube.com/@hopevalleychurch5848',NULL,'English',NULL,NULL,1750627728,1750627728,NULL,NULL,NULL);
INSERT INTO churches VALUES(328,'Horseshoe Mountain Fellowship Church','horseshoe-mountain-fellowship-church','Listed',NULL,NULL,1751243192,'2000 S Highway 117, Mount Pleasant, UT',39.5122138431911,-111.480777247908,20,'https://hmchristianfellowship.com/','https://hmchristianfellowship.com/#:~:text=Mountain%20Christian%20Fellowship-,Our%20Beliefs,-I.%20THE%20WORD','(435) 262-2172',NULL,'https://www.facebook.com/profile.php?id=100064598355490',NULL,'https://www.youtube.com/@horseshoemountainchristian5665/videos',NULL,'English',NULL,NULL,1750627728,1750627728,NULL,NULL,NULL);
INSERT INTO churches VALUES(329,'Iglesia Bautista Gracia Eterna','iglesia-bautista-gracia-eterna','Listed',NULL,'Meeting at Grace Baptist Church.',1751243426,'4737 West 4100 South, West Valley City, UT 84120',40.6816235407481,-112.003859548419,18,'https://ibgraciaeterna.churchtrac.com/','https://bfm.sbc.net/bfm2000/',NULL,'iglesiabautistagraciaeterna@gmail.com','https://www.facebook.com/IglesiaBautistaGraciaEterna','https://www.instagram.com/IBGRACIAETERNA?fbclid=IwY2xjawLOudRleHRuA2FlbQIxMABicmlkETFxc2NVeEtNUHpRUDdOeHdSAR6UlJGo3KDPGn53kfc2WhXYM8Orcounej7zocmLdr9F3AkIenzpHNLbEDzVbA_aem_pTNdSObGnpgyOPSCXi1N1A','https://youtube.com/@IBGraciaEterna',NULL,'English',NULL,NULL,1750627728,1750627728,NULL,NULL,NULL);
INSERT INTO churches VALUES(330,'Iglesia Bautista Gracia Sobre Gracia','iglesia-bautista-gracia-sobre-gracia','Listed',NULL,'Meeting at FBC Provo.',1751251103,'1144 Columbia Lane, Provo, UT 84604',40.2585523829781,-111.676787748905,25,NULL,'https://bfm.sbc.net/bfm2000/','(385) 321-4027','iglesiabautistaprovo@gmail.com','https://www.facebook.com/iglesiabautistaprovo/',NULL,NULL,NULL,'English',NULL,NULL,1750627728,1750627728,NULL,NULL,NULL);
INSERT INTO churches VALUES(331,'Iglesia Bautista Roca de los Siglos','iglesia-bautista-roca-de-los-siglos','Listed',NULL,'Meeting at Cornerstone Church',1751243792,'1175 West 600 North, Salt Lake City, UT 84116',NULL,NULL,18,NULL,'https://bfm.sbc.net/bfm2000/','(801) 631-5232',NULL,'https://www.facebook.com/IglesiaRocadelosSiglos/',NULL,NULL,NULL,'English',NULL,NULL,1750627728,1750627728,NULL,NULL,NULL);
INSERT INTO churches VALUES(332,'Iglesia Bautista Sola Gracia','iglesia-bautista-sola-gracia','Listed',NULL,'Meets at Gospel Hope Church. 1689 LBCF.',1752449843,'11869 S 2700 W, Riverton, UT 84065',40.5355865,-111.9570069,18,NULL,'https://bfm.sbc.net/bfm2000/','(801) 889-9645','igbsolagracia@gmail.com','https://www.facebook.com/ibsolagracia/',NULL,NULL,NULL,'English',NULL,NULL,1750627728,1750627728,NULL,NULL,NULL);
INSERT INTO churches VALUES(333,'Iglesia Redencion','iglesia-redencion','Listed',NULL,NULL,1751250291,'585 39th St, South, Ogden, UT 84403',41.1909632051549,-111.965216378554,29,'https://redemptionutah.com/','https://redemptionutah.com/who-we-are/#what-we-believe','(801) 548-0245','nathan@redemptionutah.com',NULL,NULL,NULL,NULL,'English',NULL,NULL,1750627728,1750627728,NULL,NULL,NULL);
INSERT INTO churches VALUES(334,'Integrity Christian Fellowship','integrity-christian-fellowship','Unlisted',NULL,'Egalitarian',1751250353,'1150 West Riverdale Road, Riverdale, UT 84405',41.1768892560169,-112.008328987357,29,'https://icfut.com/','https://icfut.com/about-us/what-we-believe/','(801) 476-0102',NULL,'https://www.facebook.com/pages/Integrity-Christian-Fellowship/902242253197089',NULL,'https://www.youtube.com/@integritychristianfellowsh8570',NULL,'English',NULL,NULL,1750627728,1750627728,NULL,NULL,NULL);
INSERT INTO churches VALUES(335,'Intermountain Baptist Church','intermountain-baptist-church','Listed',NULL,NULL,1751250445,'4770 S 1950 W, Salt Lake City, UT 84129',40.6659214378689,-111.943729380835,18,'https://www.intermountainbaptist.org/','https://www.intermountainbaptist.org/about','(801) 969-1593','pastor@intermountainbaptist.org','https://www.facebook.com/profile.php?id=100089668572863',NULL,'https://www.youtube.com/channel/UC1XMSeEXfWO0n7iki_WvX8w',NULL,'English',NULL,NULL,1750627728,1750627728,NULL,NULL,NULL);
INSERT INTO churches VALUES(336,'Jordan Valley Church','jordan-valley-church','Listed',NULL,'Also available: Servicio con Apoyo en Español',1751250642,'3671 Old Bingham Hwy, West Jordan, UT 84088',40.5934463510479,-111.978115122628,18,'https://www.jordanvalleychurch.org/','https://www.jordanvalleychurch.org/beliefs','(801) 280-6778','info@jordanvalleychurch.org','https://www.facebook.com/profile.php?id=61572463951491','https://www.instagram.com/jordanvalleychurch/','https://www.facebook.com/jordanvalleychurch',NULL,'English',NULL,NULL,1750627728,1750627728,NULL,NULL,NULL);
INSERT INTO churches VALUES(337,'Kamas Bible Church','kamas-bible-church','Listed',NULL,NULL,1751250689,'307 N 100 W, Kamas, UT 84036',40.6481382779764,-111.283363116408,22,'https://www.kamasbible.org/','https://www.kamasbible.org/beliefs','(435) 783-4000','contact@kamasbible.org','https://www.facebook.com/kamasbible','https://www.instagram.com/kamasbiblechurch/',NULL,NULL,'English',NULL,NULL,1750627728,1750627728,NULL,NULL,NULL);
INSERT INTO churches VALUES(338,'K2 the Church','k2-the-church','Listed',NULL,NULL,1751250765,'1881 E Vine Street, Murray, UT 84121',40.6409069410521,-111.8386891308,18,'https://www.k2thechurch.com/','https://www.k2thechurch.com/statement-of-faith','(801) 486-2240','jdunn@k2thechurch.com','https://www.facebook.com/k2thechurch/','https://www.instagram.com/k2thechurch/','https://www.youtube.com/channel/UCS2UdQ5e3kPF0ai7_rvJKMQ',NULL,'English',NULL,NULL,1750627728,1750627728,NULL,NULL,NULL);
INSERT INTO churches VALUES(339,'Kaysville Bible Church','kaysville-bible-church','Listed',NULL,NULL,1751250790,'181 North Flint Street, Kaysville, Utah 84037',41.0377147665924,-111.964236386754,6,'https://kaysvillebible.org/','https://kaysvillebible.org/kbc-statement-of-faith','(801) 546-0881',NULL,'https://www.facebook.com/169449296987501','https://www.instagram.com/kaysvillebiblechurch/','https://www.youtube.com/@kaysvillebiblechurch11',NULL,'English',NULL,NULL,1750627728,1750627728,NULL,NULL,NULL);
INSERT INTO churches VALUES(340,'King''s Cross Church','kings-cross-church','Listed',NULL,'"Lifepoint Church in Farmington has merged into King’s Cross Church."',1751250978,'22 S 650 W, Farmington, UT 84025',40.979619115189,-111.902455694416,6,'https://kingscrossutah.com/','https://kingscrossutah.com/aboutus/#beliefs',NULL,'austin@kingscrossutah.com','https://www.facebook.com/kingscrossutah','https://www.instagram.com/kingscrossutah/','https://www.youtube.com/playlist?list=PLLVdVgWx5-0f_jR4FoPKRYKC3t8zbW27r',NULL,'English',NULL,NULL,1750627728,1750627728,NULL,NULL,NULL);
INSERT INTO churches VALUES(341,'La Iglesia Mountain Life','la-iglesia-mountain-life','Listed',NULL,NULL,1751227606,'7375 Silver Creek Rd, Park City, UT 84098',40.7399671981209,-111.500806048472,22,'https://www.mountainlife.org/espanol/','https://www.mountainlife.org/beliefs/','(520) 272-8346','info@mountainlife.org','https://www.facebook.com/MountainLifeChurch','https://www.instagram.com/mtnlifechurch/','https://www.youtube.com/user/mtnlifechurchpc',NULL,'English',NULL,NULL,1750627728,1750627728,NULL,NULL,NULL);
INSERT INTO churches VALUES(342,'Lakeside Community Church','lakeside-community-church','Unlisted',NULL,'Egalitarian denomination',1751251923,'1094 W 1800 N, Clinton, UT 84015',41.1405480284866,-112.047220582255,6,'https://www.lcagchurch.com/','https://www.lcagchurch.com/what-we-believe','(801) 644-6976',NULL,'https://www.facebook.com/LakesideCommunityAG',NULL,'https://www.youtube.com/@LakesideCommunityChurchAG','https://open.spotify.com/show/2wT2oSgZi4nuVH8Bcqkx6A','English',NULL,NULL,1750627728,1750627728,NULL,NULL,NULL);
INSERT INTO churches VALUES(343,'Lakeview Church (Grantsville)','lakeview-church-grantsville','Listed',NULL,NULL,1751251937,'163 UT-112, Grantsville, UT 84029',40.5960033744149,-112.425340494699,23,'https://www.lakeviewchurchutah.com/grantsville','https://www.lakeviewchurchutah.com/beliefs','(435) 994-8550','admin@lvcutah.com','https://www.facebook.com/groups/1495063984210206',NULL,'https://www.youtube.com/c/LakeviewChurch',NULL,'English',NULL,NULL,1750627728,1750627728,NULL,NULL,NULL);
INSERT INTO churches VALUES(344,'Lakeview Church (Stansbury Park)','lakeview-church-stansbury-park','Listed',NULL,NULL,1751251975,'500 Village Blvd Suite 210, Stansbury Park, Utah 84074',40.6300135125743,-112.29276739625,23,'https://www.lakeviewchurchutah.com/','https://www.lakeviewchurchutah.com/beliefs','(435) 994-8550','admin@lvcutah.com','https://www.facebook.com/groups/1495063984210206',NULL,'https://www.youtube.com/c/LakeviewChurch',NULL,'English',NULL,NULL,1750627728,1750627728,NULL,NULL,NULL);
INSERT INTO churches VALUES(345,'Layton Hills Baptist Church','layton-hills-baptist-church','Listed',NULL,NULL,1751252001,'1332 N Hill Field Rd, Layton, UT 84041',41.0792142363797,-111.972872049132,6,'https://laytonhills.org/','https://laytonhills.org/about-us/','(801) 544-2426','arturom@me.com',NULL,NULL,'https://www.youtube.com/@LaytonHillsBaptistChurch',NULL,'English',NULL,NULL,1750627728,1750627728,NULL,NULL,NULL);
INSERT INTO churches VALUES(346,'Liberty Bible Church','liberty-bible-church','Listed',NULL,NULL,1751252015,'2027 N 3275 W, Plain City, Utah 84404',41.2947361093837,-112.059185333952,29,'https://www.libertybible.net/','https://www.libertybible.net/beliefs','(801) 731-6779','pastor@libertybible.net','https://www.facebook.com/libertybibleplaincity','https://rumble.com/c/LibertyBibleChurch','https://www.youtube.com/@libertybible9965',NULL,'English',NULL,NULL,1750627728,1750627728,NULL,NULL,NULL);
INSERT INTO churches VALUES(347,'Liberty Christian Church','liberty-christian-church','Closed',NULL,'Old web site: ',1751252095,'2465 N Main St #14, Sunset, UT 84015',41.1511141223529,-112.026824073289,6,'https://lccut.org/','https://lccut.org/we-believe/','(801) 773-5653','lccutah@icloud.com',NULL,NULL,'https://www.youtube.com/@libertychristianchurchofsu5451',NULL,'English',NULL,NULL,1750627728,1750627728,NULL,NULL,NULL);
INSERT INTO churches VALUES(348,'Liberty Church SLC','liberty-church-slc','Unlisted',NULL,'Egalitarian denomination',1751252186,'3855 South 500 West, Suite P, Salt Lake City, UT',40.6880062852382,-111.904876044425,18,'http://libertychurchslc.org',NULL,'(801) 973-0088',NULL,'https://www.facebook.com/Liberty-Church-Salt-Lake-292342004119645','https://www.instagram.com/libertychurchslc/',NULL,NULL,'English',NULL,NULL,1750627728,1750627728,NULL,NULL,NULL);
INSERT INTO churches VALUES(349,'Liberty Faith Fellowship','liberty-faith-fellowship','Unlisted',replace(replace('https://www.libertyfaithfellowship.org/\r\nWeb site seems down?','\r',char(13)),'\n',char(10)),'Egalitarian, Pentecostal denomination',1751898763,'1630 N 1500 W, Price, UT 84501',39.6242101074847,-110.84325511587,4,'https://www.libertyfaithfellowship.org/','https://foursquare-org.s3.amazonaws.com/resources/Print_Brochure_What_Foursquare_Believes_English.pdf','(435) 637-7772','libertyfaithfellowship@gmail.com',NULL,NULL,NULL,NULL,'English',NULL,NULL,1750627728,1750627728,NULL,NULL,NULL);
INSERT INTO churches VALUES(350,'Life Church Tooele','life-church-tooele','Closed',NULL,'Egalitarian denomination',1751252212,'27 N 7th St, Tooele, UT 84074',40.5309209813013,-112.283817162122,23,'https://www.lifechurchutah.com/tooele-home',NULL,'(801) 968-3715','life@lifechurchutah.com','https://www.facebook.com/lifechurchtooele/',NULL,'https://www.youtube.com/@lifechurchtooele',NULL,'English',NULL,NULL,1750627728,1750627728,NULL,NULL,NULL);
INSERT INTO churches VALUES(351,'Life in Christ Christian Reformed Church','life-in-christ-christian-reformed-church','Unlisted',NULL,'Egalitarian denomination',1751252239,'801 Harvey Milk Blvd, Salt Lake City, UT 84102',40.7499987643147,-111.867898173404,18,'http://www.lifeinchristcrc.org/','https://www.lifeinchristcrc.org/what-we-believe','(801) 359-4243','info@lifeinchristcrc.org','https://facebook.com/lifeinchristcrc','https://www.instagram.com/lifeinchristcrc/','https://www.youtube.com/channel/UCgIOwXlPzU8WVemfhx5TYCw/videos',NULL,'English',NULL,NULL,1750627728,1750627728,NULL,NULL,NULL);
INSERT INTO churches VALUES(352,'LifeChurch','lifechurch','Unlisted',NULL,'Egalitarian denomination',1751252297,'3818 W 4700 S, Salt Lake City, UT 84129',40.6681096741454,-111.982183397991,18,'http://www.lifechurchutah.com/','https://ag.org/beliefs/statement-of-fundamental-truths','(801) 968-3715','life@lifechurchutah.com','https://www.facebook.com/lifechurchutah/','https://www.instagram.com/lifechurchutah/','https://www.youtube.com/channel/UCsyT16Snqels923Meo2H6Ow','https://open.spotify.com/show/5s9rcJ3iHHKPgIphuWlZIc?si=e5361e80d41a42ef','English',NULL,NULL,1750627728,1750627728,NULL,NULL,NULL);
INSERT INTO churches VALUES(353,'Lifeline Community','lifeline-community','Listed',NULL,'.',1752464650,'4431 West Lifeline Lane, West Jordan, UT 84088',40.6018149466538,-111.996893323809,18,'https://www.lifelinecommunity.com/','https://www.lifelinecommunity.com/about/beliefs','(801) 280-8111',NULL,'https://www.facebook.com/LifelineUT','https://www.instagram.com/lifelineut/','https://www.youtube.com/channel/UCDyT-lHlB6_unG3ftVmrN-Q/videos',NULL,'English',NULL,NULL,1750627728,1750627728,NULL,NULL,NULL);
INSERT INTO churches VALUES(354,'Light of the Valley Lutheran Church','light-of-the-valley-lutheran-church','Listed',NULL,NULL,1751253262,'1074 Fairfield Rd, Layton, UT 84041',41.0756284353295,-111.949644437161,6,'https://www.lotvlayton.org/','https://wels.net/about-wels/what-we-believe/doctrinal-statements/','(801) 444-1591','secretary@lotvlayton.org','https://www.facebook.com/LOTVLayton',NULL,'https://www.youtube.com/@LOTVLayton/streams',NULL,'English',NULL,NULL,1750627728,1750627728,NULL,NULL,NULL);
INSERT INTO churches VALUES(355,'Light on the Hill (First Baptist Church Tooele)','light-on-the-hill-first-baptist-church-tooele','Listed',NULL,'See also http://www.firstbaptisttooele.org',1751252390,'580 S Main St, Tooele, UT 84074',40.5179647857002,-112.300668868592,23,'https://firstbaptisttooele.com/','https://firstbaptisttooele.com/about-us/what-we-believe/','(435) 882-2048','tooelefirstbaptist@digis.net','https://www.facebook.com/TheTooeleLight/',NULL,NULL,NULL,'English',NULL,NULL,1750627728,1750627728,NULL,NULL,NULL);
INSERT INTO churches VALUES(356,'Living Stone Fellowship','living-stone-fellowship','Listed',NULL,NULL,1751252406,'1910 E 3900 S, Salt Lake City, UT 84124',40.6867747885051,-111.83632167451,18,'https://slccchristianchurch.weebly.com/','https://slccchristianchurch.weebly.com/beliefs.html','(801) 278-4723','livingstonefellow@gmail.com','https://www.facebook.com/slcccclsf',NULL,'https://www.youtube.com/@livingstonefellowship7476',NULL,'English',NULL,NULL,1750627728,1750627728,NULL,NULL,NULL);
INSERT INTO churches VALUES(357,'Living Water Mennonite Church','living-water-mennonite-church','Listed',NULL,'Anabaptist. Distinctives: nonresistance, women’s head covering, and permanence view of marriage.',1751252437,'82 Lakeshore Dr, Provo, UT 84601',40.2348729284888,-111.712963361648,25,'https://www.livingwaterutah.com/','https://www.livingwaterutah.com/?page_id=5','(801) 295-9439','info@livingwaterutah.com',NULL,NULL,'https://www.youtube.com/channel/UCLo3PUa1Aek4SDTmkym1lwA/featured',NULL,'English',NULL,NULL,1750627728,1750627728,NULL,NULL,NULL);
INSERT INTO churches VALUES(358,'Logan Potter''s House Christian Center','logan-potters-house-christian-center','Unlisted',replace(replace('https://www.gotquestions.org/Potters-House-Christian-Fellowship.html\r\n\r\nhttps://www.equip.org/articles/the-potters-house/','\r',char(13)),'\n',char(10)),'Pentecostal',1751992201,'70 E Golf Course Rd, Suite 140, Logan, Utah 84341',41.7142435977136,-111.834016349635,3,'https://www.loganpottershouse.com/','https://www.loganpottershouse.com/what-we-believe','(435) 512-0001','loganpottershousecfm@gmail.com',NULL,NULL,NULL,NULL,'English',NULL,NULL,1750627728,1750627728,NULL,NULL,NULL);
INSERT INTO churches VALUES(359,'Lone Peak Bible Church','lone-peak-bible-church','Listed',NULL,NULL,1751252467,'5422 W 10030 N, Highland, UT 84003',40.414513068947,-111.788553717309,25,'https://lonepeak.church/','https://lonepeak.church/about/','(801) 784-0038','hello@lonepeak.church','https://www.facebook.com/lonepeakchurch/about',NULL,'https://www.youtube.com/@lpbcUtah',NULL,'English',NULL,NULL,1750627728,1750627728,NULL,NULL,NULL);
INSERT INTO churches VALUES(360,'Main Street Church','main-street-church','Listed',NULL,'Formerly Living Hope Christian Fellowship',1751252484,'48 N. Main St Brigham City, UT 84302',41.5115388269929,-112.015429717217,2,'http://www.mscbc.org/','http://www.mscbc.org/statfaith.htm','(435) 723-6469','church@mscbc.org','https://www.facebook.com/mscbc/',NULL,'https://www.youtube.com/user/mainstreetbrigham/',NULL,'English',NULL,NULL,1750627728,1750627728,NULL,NULL,NULL);
INSERT INTO churches VALUES(361,'Marysvale Baptist Church','marysvale-baptist-church','Unlisted',NULL,'Lacks Statement of Faith',1751252496,'180 N Main St, Marysvale, Utah 84750',38.4510186104787,-112.230170345607,16,'https://marysvalebaptist.com/','https://marysvalebaptist.com/beliefs','(435) 527-6011','marysvalebaptistchurch@gmail.com','https://www.facebook.com/pages/Marysvale-Baptist-Church/468125073241260',NULL,'https://www.youtube.com/@marysvalebaptistchurch/streams',NULL,'English',NULL,NULL,1750627728,1750627728,NULL,NULL,NULL);
INSERT INTO churches VALUES(362,'Mercy Church','mercy-church','Needs data','Revisit – separate churches?','Meets at Angelus Theatre',1751252610,'255 S Canyon Ave, Springville, UT 84663',40.1635022032462,-111.588608811114,25,'https://mercychurchutah.com/','https://mercychurchutah.com/about-us/','(360) 510-9555','vincerediger@gmail.com',NULL,NULL,NULL,NULL,'English',NULL,NULL,1750627728,1750627728,NULL,NULL,NULL);
INSERT INTO churches VALUES(363,'Midvalley Bible Church','midvalley-bible-church','Listed',NULL,NULL,1751252627,'13985 2700 W, Bluffdale, UT 84065',40.4975179725223,-111.957004928021,18,'https://midvalleybible.org/','https://midvalleybible.org/beliefs/','(801) 302-3100','midvalleybiblechurch@gmail.com','https://www.facebook.com/midvalleybible','https://www.instagram.com/midvalleybiblechurch/','https://www.youtube.com/@MidvalleyBibleChurch/streams',NULL,'English',NULL,NULL,1750627728,1750627728,NULL,NULL,NULL);
INSERT INTO churches VALUES(364,'Moab Baptist Church','moab-baptist-church','Unlisted',NULL,'Lacks Statement of Faith',1751252676,'356 Kane Creek Blvd, Moab, UT 84532',38.5674588063922,-109.553644899344,10,'http://www.moabbaptistchurch.org/','http://www.moabbaptistchurch.org/page/id/26/Plan_of_Salvation','(435) 259-8481','churchoffice@moabbaptistchurch.org','https://www.facebook.com/pages/Moab-Baptist-Church/128767530487863','https://www.instagram.com/moabbaptist/','https://www.youtube.com/@MoabBaptistChurch',NULL,'English',NULL,NULL,1750627728,1750627728,NULL,NULL,NULL);
INSERT INTO churches VALUES(365,'Morgan Grace Church','morgan-grace-church','Listed',NULL,NULL,1752536527,'103 N Commercial St, Morgan, UT 84050',41.0436051231123,-111.671192734934,15,'https://www.morgangracechurch.com/','https://www.morgangracechurch.com/beliefs','(385) 317-8521','info@morgangracechurch.com','https://www.facebook.com/MorganGraceFellowship',NULL,'https://www.youtube.com/@MorganGraceChurch',NULL,'English',NULL,NULL,1750627728,1750627728,NULL,NULL,NULL);
INSERT INTO churches VALUES(366,'Morgan Valley Church','morgan-valley-church','Listed',NULL,'Meets at Mountain Green Middle School',1751252737,'6200 N 5000 W, Mountain Green, UT 84050',41.1486388098847,-111.793647827959,18,'http://morganvalleychurch.org.s3-website-us-west-2.amazonaws.com/','http://morganvalleychurch.org.s3-website-us-west-2.amazonaws.com/what-we-believe','(801) 829-1136','info@morganvalleychurch.org','https://www.facebook.com/morganvalleychurch','https://www.instagram.com/morganvalleychurch/','https://www.youtube.com/@morganvalleychurch7656',NULL,'English',NULL,NULL,1750627728,1750627728,NULL,NULL,NULL);
INSERT INTO churches VALUES(367,'Mosaic Church Provo','mosaic-church','Listed',NULL,NULL,1751251088,'106 W Center St, Provo, UT 84601',40.2339726623029,-111.660663655702,25,'https://mosaicprovo.com/','https://bfm.sbc.net/bfm2000/',NULL,'Mosaicprovo@gmail.com','https://www.facebook.com/MosaicChurchProvo','https://www.instagram.com/mosaicchurchprovo',NULL,NULL,'English',NULL,NULL,1750627728,1750627728,NULL,NULL,NULL);
INSERT INTO churches VALUES(368,'Mosaic Church Vineyard','mosaic-church-vineyard','Listed',NULL,NULL,1751251051,'773 E Mill Rd, Vineyard, UT 84059',40.297918660897,-111.735101977517,25,'https://mosaicvineyard.com/','https://bfm.sbc.net/bfm2000/','(801) 224-4111','mosaicchurchvineyard@gmail.com','https://www.facebook.com/people/Mosaic-Church-Vineyard/61562318717548/','https://www.instagram.com/mosaicchurchvineyard',NULL,NULL,'English',NULL,NULL,1750627728,1750627728,NULL,NULL,NULL);
INSERT INTO churches VALUES(369,'Mountain Life Church','mountain-life-church','Listed',NULL,NULL,1751252791,'7375 Silver Creek Rd, Park City, UT 84098',40.7400244859853,-111.500562517946,22,'https://www.mountainlife.org/','https://www.mountainlife.org/beliefs/','(435) 647-5855','info@mountainlife.org','https://www.facebook.com/MountainLifeChurch','https://www.instagram.com/mtnlifechurch/','https://www.youtube.com/user/mtnlifechurchpc',NULL,'English',NULL,NULL,1750627728,1750627728,NULL,NULL,NULL);
INSERT INTO churches VALUES(370,'Mountain of Faith Lutheran Church','mountain-of-faith-lutheran-church','Unlisted',NULL,'Female pastor. Egalitarian.',1751252806,'560 S Main St, Tooele, UT 84074',40.5186423677889,-112.301040053986,23,'http://www.mountainoffaith.net','https://www.lcmc.net/statement-of-faith/231','(801) 577-4100','info@mountainoffaith.net','https://www.facebook.com/pages/Mountain-of-Faith-Lutheran-Church/130031980391090',NULL,'https://www.youtube.com/@mountainoffaithlutheranchu4059',NULL,'English',NULL,NULL,1750627728,1750627728,NULL,NULL,NULL);
INSERT INTO churches VALUES(371,'Mountain Springs Community Church','mountain-springs-community-church','Unlisted',NULL,'Egalitarian denomination',1751252817,'7136 S 1700 E, Cottonwood Heights, UT 84121',40.6215848672359,-111.844843300425,18,'http://mountainspringscommunitychurch.org/','http://mountainspringscommunitychurch.org/sunday','(801) 944-9840','office@mountainspringscommunitychurch.org','https://www.facebook.com/mountainspringscommunitychurch.org/',NULL,NULL,NULL,'English',NULL,NULL,1750627728,1750627728,NULL,NULL,NULL);
INSERT INTO churches VALUES(372,'Mountain View Baptist Church (Cedar City)','mountain-view-baptist-church-cedar-city','Listed',NULL,NULL,1751252830,'1160 S 860 W, Cedar City, UT',37.6574686722945,-113.074309403302,11,'https://www.mvbaptistcedar.org/','https://www.mvbaptistcedar.org/our-beliefs.html','(435) 865-1211','mrad0112@hotmail.com','https://www.facebook.com/mvbaptistcedar',NULL,NULL,NULL,'English',NULL,NULL,1750627728,1750627728,NULL,NULL,NULL);
INSERT INTO churches VALUES(373,'Mountain View Baptist Church (Grantsville)','mountain-view-baptist-church-grantsville','Listed',NULL,NULL,1751252885,'628 Quirk St, Grantsville, Utah 84029',40.5805355721186,-112.457509466131,23,'https://www.mtvbc.com/','https://www.mtvbc.com/beliefs','(801) 641-1491','rehmann@nbmwest.org','https://www.facebook.com/groups/403883896336840',NULL,'https://www.youtube.com/@MountainViewBaptistChurchUT',NULL,'English',NULL,NULL,1750627728,1750627728,NULL,NULL,NULL);
INSERT INTO churches VALUES(374,'Mountain View Baptist Church (Layton)','mountain-view-baptist-church-layton','Listed',NULL,NULL,1751252904,'2585 East Hwy 193 Layton, UT 84040',41.1088021523004,-111.917077378189,6,'https://mvbc.net/','https://mvbc.net/beliefs','(801) 771-3204','office@mvbc.net','https://www.facebook.com/MVBCUtah/','https://www.instagram.com/mvbcutah','https://www.youtube.com/user/MVBCLive',NULL,'English',NULL,NULL,1750627728,1750627728,NULL,NULL,NULL);
INSERT INTO churches VALUES(375,'Mountain View Baptist Fellowship','mountain-view-baptist-fellowship','Listed',NULL,NULL,1751227669,'485 North 100 West, Milford, Utah 84751',38.4020015542343,-113.01132461741,1,'https://www.milfordbaptistfellowship.org/','https://www.milfordbaptistfellowship.org/beliefs.html','(435) 387-5615','info@milfordbaptistfellowship.org','https://www.facebook.com/groups/MtViewBaptistFellowship/',NULL,NULL,NULL,'English',NULL,NULL,1750627728,1750627728,NULL,NULL,NULL);
INSERT INTO churches VALUES(376,'Mountain View Bible Church','mountain-view-bible-church','Listed',NULL,NULL,1751252920,'88 North State St, La Verkin, UT 84745',37.2029805695706,-113.271630101448,18,'https://www.mountainviewbiblechurch.org/','https://www.mountainviewbiblechurch.org/our-foundation','(435) 635-3344','info@mountainviewbiblechurch.org','https://www.facebook.com/mountainviewbible/','https://www.instagram.com/mountain_view_bible/','https://www.youtube.com/channel/UClsPaJIU6PyfQqlcK3mzczQ',NULL,'English',NULL,NULL,1750627728,1750627728,NULL,NULL,NULL);
INSERT INTO churches VALUES(377,'Mountain View Fellowship (Heber City)','mountain-view-fellowship-heber-city','Listed',NULL,NULL,1751252931,'271 N 600 W, Heber City, UT 84032',40.5110199688765,-111.425867801551,26,'https://mvfchurch.com/','https://www.efca.org/sof','(435) 654-3775','connect@mvfchurch.com','https://www.facebook.com/mvfchurcheber','https://www.instagram.com/mvf.church/','https://www.youtube.com/mvfchurch',NULL,'English',NULL,NULL,1750627728,1750627728,NULL,NULL,NULL);
INSERT INTO churches VALUES(378,'Movement Church Salt Lake','movement-church-salt-lake','Unlisted',NULL,NULL,1751252943,NULL,NULL,NULL,18,'https://www.mymovementchurch.com/west',NULL,NULL,NULL,'https://www.facebook.com/MovementChurchSaltLake/','https://www.instagram.com/movementchurchsaltlake/','https://www.youtube.com/channel/UCrSs54DjLWJIcVegcGI6wew',NULL,'English',NULL,NULL,1750627728,1750627728,NULL,NULL,NULL);
INSERT INTO churches VALUES(379,'Movement Church Sunset Vista','movement-church-sunset-vista','Unlisted',NULL,'Egalitarian denomination',1751252996,'8460 West Sunset Hills Dr, Magna, UT 84044',NULL,NULL,18,'https://www.mymovementchurch.com/sunset-vista',NULL,'(409) 350-7353','lynnlee@mymovementchurch.com','https://www.facebook.com/MovementChurchSaltLake/','https://www.instagram.com/movementchurchsaltlake/','https://www.youtube.com/channel/UCrSs54DjLWJIcVegcGI6wew',NULL,'English',NULL,NULL,1750627728,1750627728,NULL,NULL,NULL);
INSERT INTO churches VALUES(380,'Movement Church West Valley','movement-church-west-valley','Unlisted',NULL,'Egalitarian denomination',1751253011,'3193 W 4700 S Taylorsville, UT 84129',NULL,NULL,18,'https://www.mymovementchurch.com/west','https://www.mymovementchurch.com/about',NULL,NULL,'https://www.facebook.com/MovementChurchSaltLake/','https://www.instagram.com/movementchurchsaltlake/','https://www.youtube.com/channel/UCrSs54DjLWJIcVegcGI6wew',NULL,'English',NULL,NULL,1750627728,1750627728,NULL,NULL,NULL);
INSERT INTO churches VALUES(381,'Mt. Logan Baptist Church','mt-logan-baptist-church','Listed',NULL,'KJV-only.',1751253046,'1601 N 400 E, North Logan, UT 84341',41.7615439783194,-111.824763692563,3,'https://www.mtloganbc.com/','https://www.mtloganbc.com/core-beliefs/','435-915-6794',NULL,'https://www.facebook.com/mtloganbc',NULL,NULL,NULL,'English',NULL,NULL,1750627728,1750627728,NULL,NULL,NULL);
INSERT INTO churches VALUES(382,'Nations For Christ','nations-for-christ-cityhope','Unlisted',NULL,'Lacks Statement of Faith.',1751253123,'562 S 1000 E, Clearfield, UT 84015',41.1055985519309,-112.00754271623,6,'https://www.n4c.church/',NULL,'(801) 779-0000','Fernandocalaguas@gmail.com','https://www.facebook.com/nations4christ/',NULL,NULL,NULL,'English',NULL,NULL,1750627728,1750627728,NULL,NULL,NULL);
INSERT INTO churches VALUES(383,'Neighborhood Church','neighborhood-church','Unlisted','Is this church egalitarian?','Meets at Advantage Arts Academy',1751250384,'6171 W 11800 S, Herriman, UT 84096',40.5360953449586,-112.037483757326,18,'https://www.heyneighborhood.com/','https://www.heyneighborhood.com/about-us','(801) 295-9439','info@neighborhood.church','https://www.facebook.com/neighborhoodchurchutah','https://www.instagram.com/heyneighborhood','https://www.youtube.com/@heyneighborhood',NULL,'English',NULL,NULL,1750627728,1750627728,NULL,NULL,NULL);
INSERT INTO churches VALUES(384,'New Creation Church','new-creation-church','Unlisted',NULL,'Egalitarian',1751253150,'8700 Sandy Pkwy, Sandy, UT 84070',40.5936174503409,-111.905334938643,18,'http://newcreationslc.com/','https://www.newcreationslc.com/beliefs','(801) 272-2207','info@newcreationslc.com',NULL,NULL,'https://www.youtube.com/channel/UCav2nli2JXJzNMT1xOImVKw',NULL,'English',NULL,NULL,1750627728,1750627728,NULL,NULL,NULL);
INSERT INTO churches VALUES(385,'New Hope Calvary Chapel','new-hope-calvary-chapel','Listed',NULL,NULL,1751253168,'580 W State Street, Unit A, Lehi, UT 84043',40.4054446817809,-111.858754344391,25,'https://www.nhccchurch.com/','https://www.nhccchurch.com/our-beliefs','(801) 623-8036','Info@nhccchurch.com','https://www.facebook.com/nhccchurch','https://www.instagram.com/nhccchurch/','https://youtube.com/@newhopecalvarychapel',NULL,'English',NULL,NULL,1750627728,1750627728,NULL,NULL,NULL);
INSERT INTO churches VALUES(386,'New Hope Fellowship','new-hope-fellowship','Listed',NULL,NULL,1751253183,'1204 E 1450 S Clearfield, UT 84015',41.0921773112254,-112.00152182807,6,'https://www.newhopeutah.com','https://www.newhopeutah.com/what-we-believe','(801) 837-1450','nhf@newhopeutah.com','https://www.facebook.com/NewHopeUtah/?ref=page_internal','https://instagram.com/new_hopefellowship?igshid=YmMyMTA2M2Y=',NULL,NULL,'English',NULL,NULL,1750627728,1750627728,NULL,NULL,NULL);
INSERT INTO churches VALUES(387,'New Hope Lutheran Church','new-hope-lutheran-church','Unlisted',NULL,'Egalitarian denomination',1751253199,'5051 S 1900 W, Roy, Utah 84067',41.1715607644064,-112.027149846231,29,'https://newhopelutheran.church/',NULL,'(801) 721-1922','newhopelutheranutah@gmail.com','https://www.facebook.com/pastorbruceandfamily',NULL,'https://www.youtube.com/@NHLUTAH',NULL,'English',NULL,NULL,1750627728,1750627728,NULL,NULL,NULL);
INSERT INTO churches VALUES(388,'New Life Fellowship','new-life-fellowship','Unlisted',NULL,'Egalitarian denomination',1751253283,'2045 N. 800 E. Logan, UT 84341',41.7688317810873,-111.813850209577,3,'https://www.newlifelogan.com/','https://newlifelogan.com/what-we-believe','(435) 753-5312','office@newlifelogan.com','https://www.facebook.com/newlifelogan','https://www.instagram.com/newlifelogan/',NULL,NULL,'English',NULL,NULL,1750627728,1750627728,NULL,NULL,NULL);
INSERT INTO churches VALUES(389,'New Zion Baptist Church','new-zion-baptist-church','Unlisted',NULL,'Egalitarian',1751253331,'2935 Lincoln Avenue, Ogden, Utah 84401',41.2115267547812,-111.976724400512,29,'https://www.nzbcut.org/','https://www.nzbcut.org/who-we-are/our-history/','(801) 392-2211','newzionut@aol.com','http://www.facebook.com/pages/New-Zion-Baptist-Church/175388332504605',NULL,NULL,NULL,'English',NULL,NULL,1750627728,1750627728,NULL,NULL,NULL);
INSERT INTO churches VALUES(390,'North Valley BIble Church','north-valley-bible-church','Listed',NULL,NULL,1751253358,'2224 US-89, Harrisville, UT 84404',41.2980745033036,-111.996887956138,29,'https://northvalleybiblechurch.com/','https://northvalleybiblechurch.com/','(801) 295-9439','ministry@northvalleybiblechurch.com','https://www.facebook.com/northvalleybiblechurch','https://www.instagram.com/northvalleybiblechurch',NULL,NULL,'English',NULL,NULL,1750627728,1750627728,NULL,NULL,NULL);
INSERT INTO churches VALUES(391,'Northview Church','northview-church','Unlisted',NULL,'Egalitarian denomination',1751253374,'3615 UT-126, Farr West, UT 84404',41.3225363053146,-112.031664989984,29,'http://northviewutah.com','https://northviewutah.com/what-we-believe','(801) 695-1111','info@northviewutah.com','https://www.facebook.com/NorthviewChurchUtah/','https://www.instagram.com/northviewchurchutah/','https://www.youtube.com/@northviewutah',NULL,'English',NULL,NULL,1750628491,1750628491,NULL,NULL,NULL);
INSERT INTO churches VALUES(392,'Ogden Valley Community Church','ogden-valley-community-church','Listed',NULL,NULL,1751253412,'9228 E. 100 S. Huntsville, UT 84317',41.2622042890233,-111.727852205798,18,'http://ovcchuntsville.org/','https://mcusercontent.com/ecf6da567ef7bb68c9416bf33/files/b5e6cbb5-3e85-6f2b-97d9-f6f3c38d916c/OVCCStatementOfFaith.pdf','(801) 920-6841','your@email.com','http://www.facebook.com/ovcchuntsville','http://instagram.com/ovcchuntsville','https://www.youtube.com/watch?v=fRlMYAoibvA',NULL,'English',NULL,NULL,1750628491,1750628491,NULL,NULL,NULL);
INSERT INTO churches VALUES(393,'Orchard Hills Bible Church','orchard-hills-bible-church','Listed',NULL,NULL,1752093151,'1612 UT-198, Payson, UT 84651',40.0166219,-111.7447967,25,'https://www.orchardhillsbiblechurch.com/','https://www.orchardhillsbiblechurch.com/what-we-believe','(801) 609-4107','orchardhillsbiblechurch@gmail.com','https://www.facebook.com/ohbcpayson',NULL,'https://www.youtube.com/c/OrchardHillsBibleChurch',NULL,'English',NULL,NULL,1750628491,1750628491,NULL,NULL,NULL);
INSERT INTO churches VALUES(394,'Pioneer Community Church','pioneer-community-church','Listed',NULL,NULL,1751253498,'4038 N, Ira Hodges Scenic Pkwy, Eagle Mountain, UT 84005',40.3060457901283,-112.01654949809,25,'https://pccutah.org/','https://pccutah.org/our-beliefs/','(385) 258-3140','contact@pccutah.org','https://www.facebook.com/pccutah/','https://www.instagram.com/pccutah/','https://www.youtube.com/@pccutah/streams',NULL,'English',NULL,NULL,1750628491,1750628491,NULL,NULL,NULL);
INSERT INTO churches VALUES(395,'Prince of Peace Lutheran Church (Taylorsville)','prince-of-peace-lutheran-church-taylorsville','Listed',NULL,NULL,1751253510,'1441 Tamarack Rd, Taylorsville, Utah 84123',40.6691285432407,-111.932807932337,18,'https://www.popslc.org/','https://wels.net/about-wels/what-we-believe/doctrinal-statements/','(801) 960-5000','princeofpeace@popslc.org','https://www.facebook.com/poplutheranslc','https://www.instagram.com/poplutheranslc/','https://www.youtube.com/channel/UC_nRoOVbMhts9r1IRfJN7CA/live',NULL,'English',NULL,NULL,1750628491,1750628491,NULL,NULL,NULL);
INSERT INTO churches VALUES(396,'Provo Bible Church','provo-bible-church','Listed',NULL,NULL,1751253532,'1449 W 1150 S, Provo, UT 84601',40.2180326423979,-111.683507331972,25,'https://www.provobible.com/','https://www.provobible.com/our-beliefs','(801) 375-0333','ProvoBibleChurch1977@gmail.com','https://www.facebook.com/ProvoBible/',NULL,'https://www.youtube.com/channel/UC54_Wcb5--NybeTGPzxe8cQ',NULL,'English',NULL,NULL,1750628491,1750628491,NULL,NULL,NULL);
INSERT INTO churches VALUES(397,'Provo Potter''s House Christian Center','provo-potters-house-christian-center','Unlisted',NULL,'Pentecostal. Statement of Faith lacks section on the Trinity.',1751253596,'821 Columbia Lane, Provo, UT, 84601',40.2534627813636,-111.673576897039,25,'https://www.provopottershouse.com/','https://www.provopottershouse.com/our-beliefs','(801) 375-0000',NULL,NULL,NULL,NULL,NULL,'English',NULL,NULL,1750628491,1750628491,NULL,NULL,NULL);
INSERT INTO churches VALUES(398,'Red Hills Southern Baptist Church','red-hills-southern-baptist-church','Listed',NULL,NULL,1751253626,'4277 N Wagon Wheel Dr Enoch, UT 84721',37.7532745428221,-113.030102606295,11,'https://redhillssbc.churchcenter.com/home','https://redhillssbc.churchcenter.com/pages/about-us','(801) 295-9439','info@redhillssbc.org','https://www.facebook.com/redhillssbc',NULL,'https://www.youtube.com/channel/UC7f01y0f4b05224301234567',NULL,'English',NULL,NULL,1750628491,1750628491,NULL,NULL,NULL);
INSERT INTO churches VALUES(399,'Red Mesa Fellowship','red-mesa-fellowship','Listed',NULL,NULL,1751253673,'95 S 800 E, St. George, UT 84770',37.1066777453091,-113.565919713247,27,'https://www.gracetowalk.org/','https://www.gracetowalk.org/what-we-believe','(435) 673-2302','hello@gracetowalk.org','http://facebook.com/gracetowalk',NULL,'https://youtube.com/channel/UCTrRKHavbJahwJ5pgx0Lv2Q',NULL,'English',NULL,NULL,1750628491,1750628491,NULL,NULL,NULL);
INSERT INTO churches VALUES(400,'Redeemer Lutheran Church','redeemer-lutheran-church','Listed',NULL,NULL,1751253691,'1955 Stratford Ave S, Salt Lake City, UT 84106',40.7158798770705,-111.835080249822,18,'https://www.rlcs-slc.org','https://www.lcms.org/about/beliefs/doctrine/brief-statement-of-lcms-doctrinal-position','(801) 487-6283','info@rlcs-slc.org','https://www.facebook.com/RLCSadmin/','https://www.instagram.com/rlcsslc/','https://www.youtube.com/@redeemerlutheransaltlakeci1217',NULL,'English',NULL,NULL,1750628491,1750628491,NULL,NULL,NULL);
INSERT INTO churches VALUES(401,'Redeeming Life Church','redeeming-life-church','Listed',NULL,NULL,1751253722,'696 N 400 E, Bountiful, UT 84010',40.8969419898886,-111.871834850147,6,'http://www.redeeminglifeutah.org/','https://www.redeeminglifeutah.org/beliefs','(385) 368-6665','info@redeeminglifeutah.org','https://www.facebook.com/redeeminglifeutah','http://instagram.com/redeeminglifeut','https://www.youtube.com/@redeeminglifechurch2707','https://open.spotify.com/show/3pICQtMK7Bq5LrE7pHCNPw?si=24ea318f71e54c49','English',NULL,NULL,1750628491,1750628491,NULL,NULL,NULL);
INSERT INTO churches VALUES(402,'Redemption Church (North Davis)','redemption-church-north-davis','Listed',NULL,NULL,1751251064,'858 W 350 N, Kaysville, UT 84037',41.0409389642603,-111.954951055506,6,'https://northdavis.redemptionutah.com/','https://redemptionutah.com/who-we-are/#what-we-believe','(918) 285-1784','nathan@redemptionutah.com','https://www.facebook.com/people/Redemption-Church-North-Davis/100090901754298/','https://www.instagram.com/redemption_northdavis/','https://www.youtube.com/@RedemptionNorthDavis',NULL,'English',NULL,NULL,1750628491,1750628491,NULL,NULL,NULL);
INSERT INTO churches VALUES(403,'Redemption Church (North Ogden)','redemption-church-north-ogden','Listed',NULL,'Launches September 8th.',1751251076,'3885 US-89, Pleasant View, UT 84414',41.3297452376502,-112.023968126516,29,'https://northogden.redemptionutah.com/','https://redemptionutah.com/who-we-are/#what-we-believe/','(435) 278-0212','eric@redemptionutah.com','https://www.facebook.com/profile.php?id=61556600827703',NULL,NULL,NULL,'English',NULL,NULL,1750628491,1750628491,NULL,NULL,NULL);
INSERT INTO churches VALUES(404,'Redemption Church (Ogden)','redemption-church-ogden','Listed',NULL,NULL,1751253776,'585 39th Street, South Ogden, UT 84403',41.191224793863,-111.965847210874,29,'https://ogden.redemptionutah.com/','https://ogden.redemptionutah.com/N/A','(801) 871-8271','info@redemptionutah.com','https://www.facebook.com/redemptionogden/','https://www.instagram.com/redemption_utah/','https://www.youtube.com/@RedemptionChurchUtah',NULL,'English',NULL,NULL,1750628491,1750628491,NULL,NULL,NULL);
INSERT INTO churches VALUES(405,'Redemption Hill','redemption-hill','Listed',NULL,NULL,1751253791,'9517 Mount Airey Dr, Eagle Mountain, Utah 84005',40.3840215919021,-111.965426553757,25,'https://rhutah.church/','https://rhutah.church/about-us/#beliefs','(385) 394-2006',NULL,'https://www.facebook.com/RHUtahChurch','https://www.instagram.com/rhutahchurch/','https://www.youtube.com/channel/UCqP502cI0mqdYJmO1NrRQqQ',NULL,'English',NULL,NULL,1750628491,1750628491,NULL,NULL,NULL);
INSERT INTO churches VALUES(406,'Redemption Lutheran Church','redemption-lutheran-church','Listed',NULL,NULL,1751253807,'348 North Bluff Street, Saint George, Utah 84770',37.1141524359894,-113.595147257038,27,'https://www.redemptionsg.com/','https://wels.net/about-wels/what-we-believe/doctrinal-statements/','(435) 275-9217','pastorq@redemptionsg.com','https://www.facebook.com/redemptionsg',NULL,'https://www.youtube.com/@redemptionstgeorge6026',NULL,'English',NULL,NULL,1750628491,1750628491,NULL,NULL,NULL);
INSERT INTO churches VALUES(407,'Reformation Baptist Church','reformation-baptist-church','Listed',NULL,'Meets at Springhill Suites Conference Room',1751253817,'1477 S Old Hwy 91 Cedar City, UT 84720',37.6511281478747,-113.081759407816,11,'https://www.rbcedarcity.com/','https://www.rbcedarcity.com/1689-london-baptist-confession-of-faith.html','(435) 590-8428',NULL,'https://www.facebook.com/AmericanRevival77/',NULL,NULL,NULL,'English',NULL,NULL,1750628491,1750628491,NULL,NULL,NULL);
INSERT INTO churches VALUES(408,'Refuge Church','refuge-church','Listed',NULL,'”We affirm a Christlike father-rule within the home, often referred to as biblical patriarchy.” (“What We Believe”)',1751253922,'607 26th Street, Ogden, UT 84401',41.2181678919379,-111.96415775387,29,'https://www.refugeutah.org/','https://www.refugeutah.org/weber-church/what-we-believe','(801) 295-9439','info@refugeutah.org','https://www.facebook.com/refugeutah/','https://www.instagram.com/refugeutah/?hl=en','https://www.youtube.com/@refugechurch626',NULL,'English',NULL,NULL,1750628491,1750628491,NULL,NULL,NULL);
INSERT INTO churches VALUES(409,'Richfield Bible Church','richfield-bible-church','Listed',NULL,NULL,1751253932,'780 UT-118, Central Valley, UT 84754',38.7193440126478,-112.10139117869,18,'https://www.richfieldbiblechurch.org/','https://www.richfieldbiblechurch.org/our-beliefs','(435) 896-5354','richfieldbiblechurch@outlook.com','https://www.facebook.com/RichfieldBibleChurch/',NULL,'https://www.youtube.com/channel/UCohUd_t2bQYl9ZH2OllSdrg',NULL,'English',NULL,NULL,1750628491,1750628491,NULL,NULL,NULL);
INSERT INTO churches VALUES(410,'Risen Life Church','risen-life-church','Listed',NULL,NULL,1751254013,'2780 E 3900 S, Salt Lake City, UT 84124',40.6865911960153,-111.813365528343,18,'http://www.risenlifeutah.org/','https://www.risenlifeutah.org/about-us/our-beliefs/','(801) 277-9412','contact@example.org','https://www.facebook.com/risenlifechurch/','https://www.instagram.com/risenlifeslc/','https://www.youtube.com/channel/UCxVX1ygNqNSA76dJI2tVnqA',NULL,'English',NULL,NULL,1750628491,1750628491,NULL,NULL,NULL);
INSERT INTO churches VALUES(411,'River Community Church','river-community-church','Listed',NULL,NULL,1751251019,'1098 South Jordan Parkway Suite 103-104, South Jordan, UT 84095',40.5618598622775,-111.922615302126,18,'https://riverutah.church/','https://riverutah.church/beliefs/','(385) 240-4500','connect@riverutah.church','https://www.facebook.com/Come2TheRiver/','https://instagram.com/come2theriver','https://www.youtube.com/@come2theriver',NULL,'English',NULL,NULL,1750628491,1750628491,NULL,NULL,NULL);
INSERT INTO churches VALUES(412,'River of Life Church','river-of-life-church','Unlisted',NULL,'Egalitarian denomination',1751254030,'85 S 100 E, Tremonton, UT 84337',41.7108545342835,-112.16396548767,2,'http://rolctremonton.com/','http://rolctremonton.com/about.html','(435) 213-7505','rolctremonton@gmail.com','https://www.facebook.com/riverofelifechurchtremonton','https://instagram.com/River.oflifetremonton','https://www.instagram.com/River.oflifetremonton',NULL,'English',NULL,NULL,1750628491,1750628491,NULL,NULL,NULL);
INSERT INTO churches VALUES(413,'Rocky Mountain Bible Church','rocky-mountain-bible-church','Listed',NULL,NULL,1751254083,'659 North Main Street, Brigham City, UT 84302',41.5241499057744,-112.016243694628,2,'https://www.rocky-mountain.org/','https://rocky-mountain.org/we-believe/','(435) 339-0133','rmbcutah@gmail.com','https://www.facebook.com/RMBCUtah',NULL,'https://www.youtube.com/@rockymountainbiblechurch6165',NULL,'English',NULL,NULL,1750628491,1750628491,NULL,NULL,NULL);
INSERT INTO churches VALUES(414,'Roosevelt Baptist Church','roosevelt-baptist-church','Listed',NULL,NULL,1751254100,'402 N Hillcrest Dr, Roosevelt, UT 84066',40.3047017847593,-110.001779287144,7,'https://www.rooseveltbaptist.com/','https://www.rooseveltbaptist.com/statement-of-faith','(435) 722-3540','info@rooseveltbaptist.com','https://www.facebook.com/rooseveltbaptist',NULL,'https://www.youtube.com/@rooseveltbaptistchurch',NULL,'English',NULL,NULL,1750628491,1750628491,NULL,NULL,NULL);
INSERT INTO churches VALUES(415,'Roosevelt Christian Assembly','roosevelt-christian-assembly','Unlisted',NULL,'Egalitarian denomination',1751254132,'870 E 200 N, Roosevelt, UT 84066',40.3017037725652,-109.978343898883,7,'https://rooseveltchristianassembly.org/',NULL,'(435) 722-2558','pastordee@mac.com','https://www.facebook.com/RooseveltChristianAssembly/',NULL,NULL,NULL,'English',NULL,NULL,1750628491,1750628491,NULL,NULL,NULL);
INSERT INTO churches VALUES(416,'Roy Bible Church','roy-bible-church','Listed',NULL,NULL,1751267182,'5757 S 3100 W, Roy, UT 84067',41.1585788865516,-112.05567232022,29,'https://www.roybiblechurch.org/','https://www.roybiblechurch.org/who-we-are/what-we-believe','(801) 776-1823','email@roybiblechurch.org','https://www.facebook.com/roybiblechurch',NULL,'https://www.youtube.com/channel/UC2AlQMQHBUjlulwraDLY3YQ',NULL,'English',NULL,NULL,1750628491,1750628491,NULL,NULL,NULL);
INSERT INTO churches VALUES(417,'North Park Church','roy-north-church','Unlisted',NULL,'Egalitarian denomination',1751254223,'4275 S 1900 W, Roy, UT 84067',41.1856933323913,-112.026303815423,29,'https://www.roy.church/','https://www.roy.church/beliefs.html',NULL,NULL,'https://www.facebook.com/NPC4Square/',NULL,NULL,NULL,'English',NULL,NULL,1750628491,1750628491,NULL,NULL,NULL);
INSERT INTO churches VALUES(418,'Saint John’s Anglican Church (Ogden/Layton)','saint-johns-anglican-church-ogdenlayton','Unlisted',NULL,'Meets at Alpine Church Layton',1751254272,'254 W 2675 N, Layton, UT 84041',41.0994434780086,-111.970839051189,6,'https://sjutah.org/ogdenlayton-gathering','https://sjutah.org/our-beliefs','(650) 906-4084','andyrutkowski@fuller.edu',NULL,NULL,NULL,NULL,'English',NULL,NULL,1750628491,1750628491,NULL,NULL,NULL);
INSERT INTO churches VALUES(419,'Saint John’s Anglican Church (SLC)','saint-johns-anglican-church-slc','Unlisted',NULL,NULL,1751254280,'120 Fort Douglas Blvd, Salt Lake City, UT 84113',40.7665484118952,-111.834945114312,18,'https://sjutah.org/','https://sjutah.org/our-beliefs',NULL,NULL,'https://www.facebook.com/SaintJohnsUtah','https://www.instagram.com/saintjohnsutah/','https://www.youtube.com/channel/UCD4iic8OtVWWxvDxbJiGaMQ',NULL,'English',NULL,NULL,1750628491,1750628491,NULL,NULL,NULL);
INSERT INTO churches VALUES(420,'Salt + Light Church','salt-light-church','Listed',NULL,'Formerly Lifestone Church',1751254330,'12309 Mustang Trail Way, Herriman, UT 84096',40.5264386438793,-112.032136803518,18,'https://www.saltandlightutah.com/','https://www.saltandlightutah.com/what-we-believe',NULL,'hello@saltandlightutah.com','https://www.facebook.com/salt.lightchurch','https://www.instagram.com/salt.lightchurch/','https://www.youtube.com/@SaltAndLightUtah',NULL,'English',NULL,NULL,1750628491,1750628491,NULL,NULL,NULL);
INSERT INTO churches VALUES(421,'Salt Lake Christian Center','salt-lake-christian-center','Unlisted',NULL,'Egalitarian denomination; female pastors',1751254348,'4300 S 700 E, Salt Lake City, UT 84107',40.6781798048596,-111.871942213807,18,'http://www.saltlakechristiancenter.org/','https://www.saltlakechristiancenter.org/core-beliefs/','(801) 272-7700','slcc316@aol.com','https://www.facebook.com/saltlakechristiancenter','https://www.instagram.com/saltlakechristiancenter/','https://www.youtube.com/channel/UClh7qyrscZEvdnyPQTJbyzg','https://open.spotify.com/show/1IpO3UFS9aiFJFVmGR6jN0','English',NULL,NULL,1750628491,1750628491,NULL,NULL,NULL);
INSERT INTO churches VALUES(422,'Sandy Ridge Church','sandy-ridge-church','Listed',NULL,NULL,1751254357,'1829 Dimple Dell Rd, Sandy, UT 84092',40.5572138394637,-111.83972229634,18,'https://sandyridgechurch.org/','https://sandyridgechurch.org/doctrinal-statement/','(801) 572-0044','pastorderek@sandyridgechurch.org','https://www.facebook.com/SandyRidgeCommunityChurch/','https://www.instagram.com/sandyridgechurch/','https://www.youtube.com/@sandyridgechurch',NULL,'English',NULL,NULL,1750628491,1750628491,NULL,NULL,NULL);
INSERT INTO churches VALUES(423,'Second Baptist Church','second-baptist-church','Listed',NULL,NULL,1751254373,'227 27th St, Ogden, Utah 84401',41.2158742956244,-111.97472214237,29,'https://www.secondbaptistogden.org/','https://bfm.sbc.net/bfm2000/','(801) 393-4814','secondbc.ogden.ut@gmail.com','https://www.facebook.com/sbcogden',NULL,NULL,NULL,'English',NULL,NULL,1750628491,1750628491,NULL,NULL,NULL);
INSERT INTO churches VALUES(424,'Sego Church','sego-church','Unlisted',NULL,'Egalitarian. Female pastor. Meets at American Academy of Innovation.',1751254385,'5410 S Jordan Pkwy, South Jordan, UT 84009',40.556943954493,-112.020201858757,18,'https://segochurch.com/','https://segochurch.com/what-we-believe/','(952) 457-9744','chrisb@segochurch.com','https://www.facebook.com/segochurch','https://www.instagram.com/sego.church/','https://www.youtube.com/@SegoChurch',NULL,'English',NULL,NULL,1750628491,1750628491,NULL,NULL,NULL);
INSERT INTO churches VALUES(425,'Sego Lily Church','sego-lily-church','Unlisted',NULL,'Egalitarian. Female pastor. Formerly called The Fellowship',1751254398,'615 East Sego Lily Drive, Sandy, Utah 84070',40.5739152066593,-111.874156270399,18,'https://www.segolilychurch.org/','https://www.segolilychurch.org/about/#about-beliefs','(801) 572-0211','segolilychurch@gmail.com','https://www.facebook.com/SegoLilyChurch','https://www.instagram.com/segolilychurch/','https://www.youtube.com/@thefellowship-sandy8944',NULL,'English',NULL,NULL,1750628491,1750628491,NULL,NULL,NULL);
INSERT INTO churches VALUES(426,'Slavic Evangelical Baptist Church','slavic-evangelical-baptist-church','Unlisted',NULL,'No Statement of Faith',1751254490,'2065 E 6200 S, Holladay, UT 84121',40.639486410713,-111.83249614403,18,'https://sebc-slc.com/home',NULL,'(801) 487-3090','info@sebc-slc.com','https://www.facebook.com/SEBCSLC',NULL,'https://www.youtube.com/channel/UCr1j0_f24130363393393393393393393393393393393393393393393393393393393393393393393393393393393393393393393393393393393393393393393393393393393393393393393393393393393393393393393393393393393393393393393393393393393393393393393393393393393393393393393393393393393393393393393393393393393393393393393393393393393393393393393393393393393393393393393393393393393393393393393393393393393393393393393393393393393393393393393393393393393393393393393393393393393393393393393393393393393393393393393393393393393393393393393393393393393393393393393393393393393393393393393393393393393393393393393393393393393393393393393393393393393393393393393393393393393393393393393393393393393393393393393393393393393393393393393393393393393393393393393393393393393393393393393393393393393393393393393393393393393393393393393393393393393393393393393393393393393393393393393393393393393393393393393393393393393393393393393393393393393393393393393393393393393393393393393393393393393393393393393393393393393393393393393393393393393393393393393393393393393393393393393393393393393393393393393393393393393393393393393393393393393393393393393393393393393393393393393393393393393393393393393393393393393393393393393393393393393393393393393393393393393393393393393393393393393393393393393393393393393393393393393393393393393393393393393393393393393393393393393393393393393393393393393393393393393393393393393393393393393393393393393393393393393393393393393393393393393393393393393393393393393393393393393393393393393393393393393393393393393393393393393393393393393393393393393393393393393393393393393393393393393393393393393393393393393393393393393393393393393393393393393393393393393393393393393393393393393393393393393393393393393393393393393393393393393393393393393393393393393393393393393393393393393393393393393393393393393393393393393393393393393393393393393393393393393393393393393393393393393393393',NULL,'English',NULL,NULL,1750628491,1750628491,NULL,NULL,NULL);
INSERT INTO churches VALUES(427,'SLC Central Church of the Nazarene','slc-central-church-of-the-nazarene','Unlisted',NULL,'Church of the Nazarene is generally egalitarian.',1751254499,'1076 West Indiana Avenue, Salt Lake City, UT 84104',NULL,NULL,18,'https://slccn.com/','https://slccn.com/index.php/beliefs/','(801) 532-7500',NULL,'https://www.facebook.com/Central-Church-of-the-Nazarene-234080933319872/',NULL,NULL,NULL,'English',NULL,NULL,1750628491,1750628491,NULL,NULL,NULL);
INSERT INTO churches VALUES(428,'Sojourn Church','sojourn-church','Listed',NULL,'Meets at Quest Academy.',1751254509,'4862 W 4000 S, West Haven, UT 84401',41.1915527809952,-112.097065926189,29,'https://www.sojournutah.net/','https://www.sojournutah.net/what-we-believe','(208) 680-0307','info@sojournutah.net','https://www.facebook.com/SojournUtah','https://www.instagram.com/sojournutah/','https://www.youtube.com/channel/UC6ohm_-xlvguLvtGm00Mi3Q',NULL,'English',NULL,NULL,1750628491,1750628491,NULL,NULL,NULL);
INSERT INTO churches VALUES(429,'Solid Rock Baptist Church','solid-rock-baptist-church','Listed',NULL,NULL,1751254553,'1418 W Sunset Blvd Unit 2, St George, Utah 84770',37.123667384657,-113.614023103885,27,'https://solidrockstg.com/','https://solidrockstg.com/?page_id=436','(435) 619-3866','pastor@solidrockstg.com',NULL,NULL,NULL,NULL,'English',NULL,NULL,1750628491,1750628491,NULL,NULL,NULL);
INSERT INTO churches VALUES(430,'Sonrise Baptist Church','sonrise-baptist-church','Listed',NULL,NULL,1751254601,'3550 S. 4400 W, West Valley City, UT 84120',40.6953916142018,-111.996832105722,18,'https://www.sonrisebc.org/','https://www.sonrisebc.org/what-we-believe','(801) 966-1242','sonrise@sonrisebc.org','https://www.facebook.com/sonrisebcfan',NULL,'https://www.youtube.com/user/SonriseBaptistChurch',NULL,'English',NULL,NULL,1750628491,1750628491,NULL,NULL,NULL);
INSERT INTO churches VALUES(431,'Sonrise Christian Church','sonrise-christian-church','Listed',NULL,NULL,1751254621,'6843 W 1800 N Cedar City, Utah 84721',37.7100305082637,-113.196487165701,11,'https://www.sonrisechurch.net/','https://www.sonrisechurch.net/about-sonrise','(435) 586-3640','info@sonrisechurch.net','https://www.facebook.com/SonriseCedarCity','https://www.instagram.com/sonrise_cedarcity/','http://youtube.com/@sonrisechurchcedarcity',NULL,'English',NULL,NULL,1750628491,1750628491,NULL,NULL,NULL);
INSERT INTO churches VALUES(432,'South Mountain Community Church (Draper)','smcc-draper','Listed',NULL,NULL,1751254640,'14216 S Bangerter Parkway, Draper, Utah 84020',40.4931667549838,-111.883963676553,18,'https://www.smccutah.org/draper','https://www.smccutah.org/aboutus','(801) 501-7711','draper@smccutah.org','https://www.facebook.com/southmountaincommunitychurch','https://www.instagram.com/smcc_utah/','https://www.youtube.com/c/SouthMountainCommunityChurchUtah',NULL,'English',NULL,NULL,1750628491,1750628491,NULL,NULL,NULL);
INSERT INTO churches VALUES(433,'South Mountain Community Church (Internacional)','south-mountain-community-church-internacional','Listed',NULL,NULL,1751254655,'9324 Hawley Park Rd, West Jordan, Utah 84081',40.5814135959835,-112.024629253886,18,'https://www.smccutah.org/internacional','https://www.smccutah.org/aboutus','(801) 282-8724','international@smccutah.org','https://www.facebook.com/tufamiliainternacional/','https://www.instagram.com/iglesia.internacional/','https://www.youtube.com/channel/UCfuWooAk_KzNAkq0CYfYJoQ',NULL,'English',NULL,NULL,1750628491,1750628491,NULL,NULL,NULL);
INSERT INTO churches VALUES(434,'South Mountain Community Church (Lehi)','smcc-lehi','Listed',NULL,NULL,1751254667,'520 South 850 East Suite B 1 Lehi, Utah 84043',40.3814537437045,-111.83678685513,25,'https://www.smccutah.org/lehi','https://www.smccutah.org/aboutus','(385) 352-7987','lehi@smccutah.org','https://www.facebook.com/southmountaincommunitychurch','https://www.instagram.com/smcc_utah/','https://www.youtube.com/c/SouthMountainCommunityChurchUtah',NULL,'English',NULL,NULL,1750628491,1750628491,NULL,NULL,NULL);
INSERT INTO churches VALUES(435,'South Mountain Community Church (South Jordan)','south-mountain-community-church-south-jordan','Listed',NULL,NULL,1751249523,'11938 South 4000 West, Riverton, UT 84065',40.5343384964692,-111.987389010753,18,'https://www.smccutah.org/southjordan','https://www.smccutah.org/aboutus','(801) 382-9626','southjordan@smccutah.org','https://www.facebook.com/southmountaincommunitychurch','https://www.instagram.com/smcc_utah/','https://www.youtube.com/c/SouthMountainCommunityChurchUtah',NULL,'English',NULL,NULL,1750628491,1750628491,NULL,NULL,NULL);
INSERT INTO churches VALUES(436,'South Mountain Community Church (St. George)','south-mountain-community-church-st-george','Listed',NULL,'Tom Mertz, lead pastor',1751254704,'3158 E 2000 S, St George, UT 84790',37.0736215138966,-113.51884404385,27,'https://www.smccutah.org/stgeorge','https://www.smccutah.org/aboutus','(435) 656-8609','stgeorge@smccutah.org','https://www.facebook.com/smccstgeorge/','https://www.instagram.com/smcc_st_george/','https://www.youtube.com/@smccstgeorge',NULL,'English',NULL,NULL,1750628491,1750628491,NULL,NULL,NULL);
INSERT INTO churches VALUES(437,'Southeast Christian Church','southeast-christian-church','Listed',NULL,NULL,1751254715,'1881 East Vine Street, Murray, UT 84121',40.6409173024161,-111.838599187766,18,'http://www.southeast.cc/','https://southeast.cc/home/who-we-are','(801) 272-5256','mail@southeast.cc','https://www.facebook.com/southeastslcut','https://www.instagram.com/southeastslcut/','https://www.youtube.com/@SoutheastSLCUT',NULL,'English',NULL,NULL,1750628491,1750628491,NULL,NULL,NULL);
INSERT INTO churches VALUES(438,'Southland Bible Church','southland-bible-church','Listed',NULL,NULL,1751254724,'195 E Arrowweed Way, Washington, UT 84780',37.1429771002924,-113.506493419341,27,'https://www.southlandbible.org/','https://www.southlandbible.org/about/what-we-believe/','(435) 628-5624','info@southlandbible.org','https://www.facebook.com/SouthlandBible','https://www.instagram.com/southlandbible/',NULL,NULL,'English',NULL,NULL,1750628491,1750628491,NULL,NULL,NULL);
INSERT INTO churches VALUES(439,'Sovereign Grace in Ogden','sovereign-grace-in-ogden','Listed',NULL,NULL,1751254734,'3701 Harrison Blvd, Ogden, UT 84403',41.19565841056,-111.949198302101,29,'https://sovereigngraceogden.com/','https://sovereigngraceogden.com/who-we-are/','(801) 603-2073',NULL,'https://www.facebook.com/profile.php?id=100072149131384',NULL,NULL,NULL,'English',NULL,NULL,1750628491,1750628491,NULL,NULL,NULL);
INSERT INTO churches VALUES(440,'St. John''s Lutheran Church','st-johns-lutheran-church','Listed',NULL,NULL,1751254742,'475 Herbert Ave S, Salt Lake City, UT 84111',40.7466749867957,-111.877002241459,18,'https://stjohnslutheranslc.org/','https://stjohnslutheranslc.org/believe/','(385) 234-1931','rev.dr.hankmalone@gmail.com','https://www.facebook.com/stjohnsslc/',NULL,NULL,NULL,'English',NULL,NULL,1750628491,1750628491,NULL,NULL,NULL);
INSERT INTO churches VALUES(441,'Summit 419 Church','summit-419-church','Listed',NULL,NULL,1751254759,'23 South Main Street, Coalville, UT 84017',40.9159340718929,-111.397942256964,22,'https://summit419church.com/','https://summit419church.com/about-us/what-we-believe','(435) 523-3600','summit419pastor@gmail.com','http://majesty.cloversites.com','http://majesty.cloversites.com',NULL,NULL,'English',NULL,NULL,1750628491,1750628491,NULL,NULL,NULL);
INSERT INTO churches VALUES(442,'The Adventure Church','the-adventure-church','Unlisted',NULL,'Egalitarian',1751254770,'352 12300 S Suite #100, Draper, UT 84020',40.5274874255706,-111.901262185237,18,'http://www.theadventure.church/','https://www.theadventure.church/who-we-are/our-beliefs','(801) 816-9135','connect@theadventure.church','https://www.facebook.com/theadventureut/','https://www.instagram.com/theadventureut/','https://www.youtube.com/channel/UCqGOmbxCSJNczDwETpEgK9Q',NULL,'English',NULL,NULL,1750628491,1750628491,NULL,NULL,NULL);
INSERT INTO churches VALUES(443,'The Bible Church (Brigham City)','the-bible-church-brigham-city','Listed',NULL,NULL,1751254779,'634 S 200 E, Brigham City, UT 84302',41.4976945501291,-112.013430397068,2,'https://bcbcutah.org/','https://www.pcaac.org/bco/westminster-confession/',NULL,'bcbc.biblechurch@gmail.com','https://www.facebook.com/bcbcutah',NULL,'https://www.youtube.com/@brighamcitybiblechurch9412',NULL,'English',NULL,NULL,1750628491,1750628491,NULL,NULL,NULL);
INSERT INTO churches VALUES(444,'The BRIDGE Church','the-bridge-church','Unlisted',NULL,'Egalitarian',1751254792,'9066 S 300 W, Sandy, UT 84070',40.5869910887655,-111.901834330487,18,'http://www.thebridgelive.org/',NULL,'(801) 610-9364','info@bridgechurchutah.com','https://www.facebook.com/thebridgeslc','https://www.instagram.com/the_bridge_live/','https://www.youtube.com/channel/UCp1fcaMSXze2H5xiVJZRaSg',NULL,'English',NULL,NULL,1750628491,1750628491,NULL,NULL,NULL);
INSERT INTO churches VALUES(445,'The Bridge Community','the-bridge-community','Listed',NULL,NULL,1751249734,'1284 W 75 N, Centerville, UT 84014',40.9176176078082,-111.897331687144,6,'https://thebridgeutah.org/','https://thebridgeutah.org/come/beliefs','(801) 941-0656','loren@thebridgeutah.org','https://www.facebook.com/thebridgeutah',NULL,NULL,NULL,'English',NULL,NULL,1750628491,1750628491,NULL,NULL,NULL);
INSERT INTO churches VALUES(446,'The Door Orem','the-door-orem','Unlisted',NULL,'Pentecostal.',1751254828,'1235 South Geneva Road, Orem, UT 84058',40.2837201244414,-111.686217304386,25,'https://www.thedoorchurchorem.com/','https://www.thedoorchurchorem.com/blank-1-1-1-1','(801) 225-0110','info@thedoororem.com','https://www.facebook.com/TheDoorChurchOrem','https://www.instagram.com/thedoorchurchorem/','https://www.youtube.com/channel/UC4f74_j16j6031409107010',NULL,'English',NULL,NULL,1750628491,1750628491,NULL,NULL,NULL);
INSERT INTO churches VALUES(447,'The Gathering Place Church','the-gathering-place-church','Listed',NULL,'Meets at Our Savior''s Lutheran Church',1751254844,'5560 S 2300 W, Roy, UT 84067',41.1631130706313,-112.03522064973,29,'https://thegatheringplaceroyut.com/','https://thegatheringplaceroyut.com/about-us','(801) 458-5891','tgpcf1@gmail.com','http://facebook.com/jim.panagoplos',NULL,'https://www.youtube.com/channel/UCcIVJCf0kCqFtoTmGo_u58g',NULL,'English',NULL,NULL,1750628491,1750628491,NULL,NULL,NULL);
INSERT INTO churches VALUES(448,'The Genesis Project (Provo)','the-genesis-project-provo','Listed',NULL,NULL,1751254855,'875 S 170 E, Provo, UT 84606',40.2223979730285,-111.655081921155,25,'https://www.genesisprovo.com/','https://www.genesisprovo.com/what-we-believe','(801) 755-7051','justin@genesisutah.com','http://www.facebook.com/genesisprovo/','https://www.instagram.com/genesisprovo/',NULL,NULL,'English',NULL,NULL,1750628491,1750628491,NULL,NULL,NULL);
INSERT INTO churches VALUES(449,'The Grace Place','the-grace-place','Listed',NULL,NULL,1751254928,'585 E Center St, Ivins, UT 84738',37.1692329174064,-113.666301390727,27,'https://graceivins.com/','https://graceivins.com/about/','(307) 256-0994','thegraceplaceivins@gmail.com','https://facebook.com/thegraceplaceivins','https://instagram.com/thegraceplaceivins','https://www.youtube.com/channel/UCoC3zTloA4BO6hoF9HkvXCg/featured',NULL,'English',NULL,NULL,1750628491,1750628491,NULL,NULL,NULL);
INSERT INTO churches VALUES(450,'The Mission Church','tmc','Listed',NULL,NULL,1752465984,'10988 2200 W, South Jordan, UT 84095',40.5522864,-111.9486092,18,'https://www.themissionutah.com/','https://www.themissionutah.com/beliefs',NULL,'info@themissionutah.com','https://www.facebook.com/TheMissionChurchUtah/',NULL,'https://www.youtube.com/@themissionchurchutah','https://open.spotify.com/show/3hDnTPrjGnlS14zornscze','English',NULL,NULL,1750628491,1750628491,NULL,NULL,NULL);
INSERT INTO churches VALUES(451,'The Mountain Church','the-mountain-church','Unlisted',NULL,'Egalitarian denomination',1751254989,'300 E 8000 S, Sandy, UT 84070',40.6052274353518,-111.881280244485,18,'https://themountainchurch.com/','https://themountainchurch.com/about/','(801) 561-5911','connect@themountain.church','https://facebook.com/themountain.church.utah','https://instagram.com/themountain.church','https://www.youtube.com/channel/UCusxzQOeKH_HWR1IQzmCVKg',NULL,'English',NULL,NULL,1750628491,1750628491,NULL,NULL,NULL);
INSERT INTO churches VALUES(452,'The Point Church','the-point-church','Listed',NULL,NULL,1751255003,'5133 S Heath Ave, Salt Lake City, Utah 84118',40.6581541483904,-112.011407908703,18,'http://www.thepointslc.com/','https://bfm.sbc.net/bfm2000/','(801) 969-4681','office@thepointslc.com','http://www.facebook.com/pointslc','http://www.instagram.com/thepointslc','http://www.youtube.com/c/thepointslc',NULL,'English',NULL,NULL,1750628491,1750628491,NULL,NULL,NULL);
INSERT INTO churches VALUES(453,'The Potter''s House Christian Center','the-potters-house-christian-center','Unlisted',NULL,'Pentecostal. Moved from Ogden.',1751255012,'4066 S 1900 W, Roy, UT 84067',41.189154024979,-112.02537946704,29,'https://utahph.com/','https://utahph.com/about-us','(801) 334-0303','ogdenpottershouse@gmail.com',NULL,NULL,'https://www.youtube.com/channel/UCOY1Gs-N4vbgLzODIN9nEJQ/videos?view=57',NULL,'English',NULL,NULL,1750628491,1750628491,NULL,NULL,NULL);
INSERT INTO churches VALUES(454,'The Potter''s House Christian Center West Valley','the-potters-house-christian-center-west-valley','Unlisted',NULL,'Pentecostal. Lacks Statement of Faith.',1751255021,'2500 Decker Lake Blvd #20, West Valley City, UT 84119',40.7170477243081,-111.95132647582,18,'https://www.thepottershousewestvalley.com/',NULL,'(801) 781-7275',NULL,NULL,NULL,'https://www.youtube.com/@POTTERSHOUSEWESTVALLEY',NULL,'English',NULL,NULL,1750628491,1750628491,NULL,NULL,NULL);
INSERT INTO churches VALUES(455,'The Potter''s House Salt Lake','the-potters-house-salt-lake','Unlisted',NULL,'Pentecostal.',1751255031,'3368 S 275 E, Salt Lake City, UT 84115',40.6985831200466,-111.88358702343,18,'https://www.thepottershousesaltlake.com/','https://www.thepottershousesaltlake.com/statement-of-faith','(801) 690-2623',NULL,NULL,NULL,NULL,NULL,'English',NULL,NULL,1750628491,1750628491,NULL,NULL,NULL);
INSERT INTO churches VALUES(456,'The Rock Church','the-rock-church','Listed',NULL,NULL,1751255044,'11630 S 700 E, Draper, UT 84020',40.5401675385325,-111.871899595829,18,'https://www.experiencetherock.com/','https://www.experiencetherock.com/who-we-are/statement-of-faith/','(801) 900-4545','hello@trc.life','https://www.facebook.com/therockchurchut','http://instagram.com/therockchurchut','https://www.youtube.com/@TheRockChurchUT',NULL,'English',NULL,NULL,1750628491,1750628491,NULL,NULL,NULL);
INSERT INTO churches VALUES(457,'The Syracuse Potter’s House Christian Center','the-syracuse-potters-house-christian-center','Unlisted',NULL,'Pentecostal.',1751255059,'1747 Heritage Ln b202, Syracuse, UT 84075',41.0879543890928,-112.06149613215,6,'https://www.syracusepottershouse.com/','https://www.syracusepottershouse.com/statementoffaith','(585) 360-6587','info@syracusepottershouse.com','https://www.facebook.com/syracusepottershouse',NULL,'https://www.youtube.com/channel/UCf7_2f1433030303030303030303030303030303030303030303030303030303030303030303030303030303030303030303030303030303030303030303030303030303030303030303030303030303030303030303030303030303030303030303030303030303030303030303030303030303030303030303030303030303030303030303030303030303030303030303030303030303030303030303030303030303030303030303030303030303030303030303030303030303030303030303030303030303030303030303030303030303030303030303030303030303030303030303030303030303030303030303030303030303030303030303030303030303030303030303030303030303030303030303030303030303030303030303030303030303030303030303030303030303030303030303030303030303030303030303030303030303030303030303030303030303030303030303030303030303030303030303030303030303030303030303030303030303030303030303030303030303030303030303030303030303030303030303030303030303030303030303030303030303030303030303030303030303030303030303030303030303030303030303030303030303030303030303030303030303030303030303030303030303030303030303030303030303030303030303030303030303030303030303030303030303030303030303030303030303030303030303030303030303030303030303030303030303030303030303030303030303030303030303030303030303030303030303030303030303030303030303030303030303030303030303030303030303030303030303030303030303030303030303030303030303030303030303030303030303030303030303030303030303030303030303030303030303030303030303030303030303030303030303030303030303030303030303030303030303030303030303030303030303030303030303030303030303030303030303030303030303030303030303030303030303030303030303030303030303030303030303030303030303030303030303030303030303030303030303030303030303030303030303030303030303030303030303030303030303030303030303030303030303030303030303030303030303030303030303030303030303030303030303030303030303030303030303030303030303030303030303030303030303030303030303030303030303030303030303030303030',NULL,'English',NULL,NULL,1750628491,1750628491,NULL,NULL,NULL);
INSERT INTO churches VALUES(458,'The Village Church at Bear Lake','the-village-church','Listed',NULL,NULL,1751255099,'65 West Logan Rd, Garden City, UT 84028',41.9471683228098,-111.395128250002,3,'https://bearlakechurch.com/','https://bearlakechurch.com/what-we-believe','(435) 946-3399','thevillagechurchatbearlake@gmail.com','https://www.facebook.com/thevillagechurchgc',NULL,'https://www.youtube.com/@thevillagechurchatbearlake',NULL,'English',NULL,NULL,1750628491,1750628491,NULL,NULL,NULL);
INSERT INTO churches VALUES(459,'The Way Church','the-way-church','Unlisted',NULL,'Independent Pentecostal. No Statement of Faith.',1751898524,'456 S University Ave, Provo, UT 84601',40.2276444,-111.6590391,25,'https://www.thewayprovo.org/',NULL,'(801) 375-1111','thewayprovo@gmail.com','https://www.facebook.com/TheWayProvo/',NULL,NULL,NULL,'English',NULL,NULL,1750628491,1750628491,NULL,NULL,NULL);
INSERT INTO churches VALUES(460,'The Well Church','the-well-church','Unlisted',NULL,'Egalitarian',1751255125,'800 E 9400 S, Sandy, UT 84094',40.5788236970806,-111.87021351606,18,'https://www.thewellslc.com/','https://www.thewellslc.com/statement-of-faith/','(801) 901-0000','meredith@thewellslc.com','https://www.facebook.com/thewell.utah','https://www.instagram.com/thewell.utah','https://www.youtube.com/c/TheWellSaltLakeCity',NULL,'English',NULL,NULL,1750628491,1750628491,NULL,NULL,NULL);
INSERT INTO churches VALUES(461,'Timpanogos Baptist Church','timpanogos-baptist-church','Listed',NULL,NULL,1751255134,'55 W Main St, Lehi, UT 84043',40.387581818673,-111.85011792469,25,'https://www.timpchurch.org/','https://www.timpchurch.org/statement-of-faith','(801) 221-7937','lehipastor@hotmail.com','https://www.facebook.com/timpanogosbaptistchurch/',NULL,NULL,NULL,'English',NULL,NULL,1750628491,1750628491,NULL,NULL,NULL);
INSERT INTO churches VALUES(462,'Tooele Springs Calvary Chapel','tooele-springs-calvary-chapel','Listed',NULL,NULL,1751255848,'47 N Main St, Tooele, UT 84074',40.5295154606732,-112.297713289456,23,'http://tooelesprings.org','http://tooelesprings.org/what-we-believe','(435) 962-9427','chrisbegnaud@yahoo.com','https://www.facebook.com/tooelesprings','https://www.instagram.com/tooelesprings/','https://www.youtube.com/@tooelesprings',NULL,'English',NULL,NULL,1750628491,1750628491,NULL,NULL,NULL);
INSERT INTO churches VALUES(463,'Trinity Lutheran Church (Cedar City)','trinity-lutheran-church-cedar-city','Listed',NULL,NULL,1751255187,'410 East 1935 North Cedar City, UT 84721',37.7121257436159,-113.055343060182,11,'https://cedarlutheran.org/','https://cedarlutheran.org/what-we-believe/','(435) 586-7103','cedarchurch@cedarlutheran.org','https://www.facebook.com/TLCcedarcity/',NULL,'https://www.youtube.com/@trinitylutheranchurch4605',NULL,'English',NULL,NULL,1750628491,1750628491,NULL,NULL,NULL);
INSERT INTO churches VALUES(464,'Trinity Lutheran Church (St. George, UT)','trinity-lutheran-church-st-george-ut','Listed',NULL,NULL,1751255198,'2260 Red Cliffs Drive, St George, Utah 84790',37.122016663934,-113.536134767943,27,'https://www.trinitystgeorge.org/','https://www.trinitystgeorge.org/our-church/','(435) 628-1850','office@trinitystgeorge.org','https://www.facebook.com/Trinity-Lutheran-Church-and-Academy-205054221769/',NULL,NULL,NULL,'English',NULL,NULL,1750628491,1750628491,NULL,NULL,NULL);
INSERT INTO churches VALUES(465,'True Life Center','true-life-center','Unlisted',NULL,'Egalitarian denomination',1751255211,'2111 N Main St, Cedar City, UT 84721',37.715919321239,-113.061293993766,11,'https://truelife.center/',NULL,'(435) 867-0405','welcome@truelife.center','https://www.facebook.com/truelifecenter4sq','https://www.instagram.com/truelifecenter4sq/','https://www.youtube.com/channel/UCHZtz-ZXURYHmY-bRo_BI5g',NULL,'English',NULL,NULL,1750628491,1750628491,NULL,NULL,NULL);
INSERT INTO churches VALUES(466,'True North Community Church','true-north-community-church','Listed',NULL,NULL,1751255251,'2890 S 1900 W, West Haven, UT 84401',41.2127591894538,-112.025258385997,29,'https://www.truenorthchurchutah.com/','https://www.truenorthchurchutah.com/new-index','(801) 643-9457','connect@truenorthchurchutah.com','https://www.facebook.com/tnccutah','http://instagram.com/truenorth_utah',NULL,NULL,'English',NULL,NULL,1750628491,1750628491,NULL,NULL,NULL);
INSERT INTO churches VALUES(467,'Unity Baptist Church','unity-baptist-church','Listed',NULL,NULL,1751255264,'1170 1000 N, Salt Lake City, UT 84116',40.791306576228,-111.924238043161,18,'https://unitybaptistchurchslc.com/','https://bfm.sbc.net/bfm2000/','(801) 595-0049','welcome@unitybaptistchurch.comcastbiz.net','https://www.facebook.com/780061788992818','https://www.instagram.com/unitybaptistchurchslc','https://www.youtube.com/Unity Baptist Churchslc',NULL,'English',NULL,NULL,1750628491,1750628491,NULL,NULL,NULL);
INSERT INTO churches VALUES(468,'Utah Christian Fellowship','utah-christian-fellowship','Listed',NULL,NULL,1751255309,'4037 Nike Dr Unit C, West Jordan, UT 84088',40.6010877720467,-111.987344100447,18,'http://www.utahchristianfellowship.com/','https://www.utahchristianfellowship.com/about','(801) 792-5977','info@utahchristian.com','https://www.facebook.com/utahchristianfellowship','https://www.instagram.com/utahchristianfellowship','https://www.youtube.com/utahchristianfellowship','https://open.spotify.com/playlist/26KPnNYsw3lhfLBb0iXw6X?si=0e8d57c4b4874f94','English',NULL,NULL,1750628491,1750628491,NULL,NULL,NULL);
INSERT INTO churches VALUES(469,'Valley Baptist Church','valley-baptist-church','Listed',NULL,NULL,1751206404,'Smithfield, Utah',41.8387317542399,-111.821892853671,3,'https://www.vbcsu.info/','https://www.vbcsu.info/what-we-believe.html','(435) 994-1399',NULL,NULL,NULL,NULL,NULL,'English',NULL,NULL,1750628491,1750628491,NULL,NULL,NULL);
INSERT INTO churches VALUES(470,'Valley Bible Church','valley-bible-church','Listed',NULL,NULL,1751255324,'4780 N. Highway 91, Enoch, UT 84721',37.7636751223701,-113.014504245095,11,'https://www.vbcfamily.com/','https://www.vbcfamily.com/what-we-believe/','(435) 586-0253','info@vbcfamily.com','https://www.facebook.com/valleybibleutah/',NULL,'https://www.youtube.com/@valleybiblechurch-utah4508',NULL,'English',NULL,NULL,1750628491,1750628491,NULL,NULL,NULL);
INSERT INTO churches VALUES(471,'Valley Christian Fellowship','valley-christian-fellowship','Listed',NULL,NULL,1751255333,'585 E. 50 N, Panguitch, UT 84759',37.8237738396731,-112.424768749095,9,'https://vcf-panguitch.org/','https://vcf-panguitch.org/sof/','(435) 676-2157','vcf@vcf-panguitch.org','https://www.facebook.com/profile.php?id=100094452555458',NULL,NULL,NULL,'English',NULL,NULL,1750628491,1750628491,NULL,NULL,NULL);
INSERT INTO churches VALUES(472,'Valley of Grace Church','valley-of-grace-church','Listed',NULL,NULL,1751255404,'380 E 3090 S Washington, UT 84780',37.0880216959703,-113.502913452852,27,'https://vogchurch.org/','https://www.vogchurch.org/doctrine','(435) 574-9659','pastorjeremy@vogchurch.org','https://www.facebook.com/valleyofgracechurch/','https://www.instagram.com/valleyofgracechurch/','https://www.youtube.com/channel/UCe_S5jniSFZUZWnI00CN9Eg',NULL,'English',NULL,NULL,1750628491,1750628491,NULL,NULL,NULL);
INSERT INTO churches VALUES(473,'ValleyLight Church','valleylight-church','Listed',NULL,NULL,1751255415,'5685 W. Cilma Dr, West Valley, UT 84128',40.6876412511291,-112.026534789545,18,'https://valleylightchurch.com/','https://valleylightchurch.com/pages/beliefs','(801) 820-0259','michael@valleylightchurch.com','https://www.facebook.com/profile.php?id=100086544985289','https://www.instagram.com/valleylightchurch/','https://www.youtube.com/@ValleyLightChurch',NULL,'English',NULL,NULL,1750628491,1750628491,NULL,NULL,NULL);
INSERT INTO churches VALUES(474,'Vernal Christian Church','vernal-christian-church','Listed',NULL,NULL,1751255426,'1845 750 S St, Vernal, UT 84078',40.4439909467868,-109.564105411801,24,'https://vernalchristianchurch.com/','https://vernalchristianchurch.com/our-beliefs/','(435) 789-5492','admin@vernalchristianchurch.com','https://www.facebook.com/vernalchristianchurch',NULL,'https://www.youtube.com/@VernalChristianChurch',NULL,'English',NULL,NULL,1750628491,1750628491,NULL,NULL,NULL);
INSERT INTO churches VALUES(475,'Wasatch Cowboy Church','wasatch-cowboy-church','Listed',NULL,NULL,1751255451,'5603 S 6700 W, Hooper, UT 84315',41.1623151121229,-112.14322126718,29,'https://www.wasatchcowboychurch.org/','https://www.wasatchcowboychurch.org/','(801) 458-3254','Info@wasatchcowboychurch.org','https://www.facebook.com/WasatchCowboyChurchLive',NULL,'https://www.youtube.com/@WasatchCowboyChurch-Utah',NULL,'English',NULL,NULL,1750628491,1750628491,NULL,NULL,NULL);
INSERT INTO churches VALUES(476,'Wasatch Mountain Church','wasatch-mountain-church','Unlisted',NULL,'Has no publicly identifiable weekly gathering place',1751249330,NULL,NULL,NULL,18,'https://www.wasatchmountainchurch.com/','https://www.wasatchmountainchurch.com/beliefs',NULL,NULL,NULL,NULL,NULL,NULL,'English',NULL,NULL,1750628491,1750628491,NULL,NULL,NULL);
INSERT INTO churches VALUES(477,'Washington Heights Church','washington-heights-church','Listed',NULL,NULL,1751255480,'1770 East 6200, South Ogden, UT 84405',41.1497340539549,-111.934127447508,29,'https://whc.faith/','https://whc.faith/statement-of-faith','(801) 479-7030','info@whc.faith','https://www.facebook.com/WHCutah/','https://www.instagram.com/washingtonheightschurch/','https://www.youtube.com/channel/UCVrrcXPrnh-Qv_hV_GdGC9g',NULL,'English',NULL,NULL,1750628491,1750628491,NULL,NULL,NULL);
INSERT INTO churches VALUES(478,'Westside Baptist Church','westside-baptist-church','Listed',NULL,NULL,1751255495,'2299 W 2000 N, St. George, UT 84770',37.1422161203332,-113.63273441416,27,'https://westsidebaptistchurch.org/','https://westsidebaptistchurch.org/Beliefs','(801) 295-9439','info@westsidebaptistchurch.org','https://www.facebook.com/wbcstgeorge',NULL,'https://www.youtube.com/@westsidebaptistchurchst.ge5565',NULL,'English',NULL,NULL,1750628491,1750628491,NULL,NULL,NULL);
INSERT INTO churches VALUES(479,'Westview Christian Center','westview-christian-center','Unlisted',NULL,'Egalitarian denomination',1751255511,'2624 UT-56, Cedar City, UT 84721',37.6854708575804,-113.100265535434,11,'http://www.westviewcc.org/','https://westviewcc.org/beliefs/','(801) 566-1241','info@westviewcc.org','https://www.facebook.com/westviewcc',NULL,'https://www.youtube.com/channel/UCv413443224623423423423423423423423423423423423423423423423423423423423423423423423423423423423423423423423423423423423423423423423423423423423423423423423423423423423423423423423423423423423423423423423423423423423423423423423423423423423423423423423423423423423423423423423423423423423423423423423423423423423423423423423423423423423423423423423423423423423423423423423423423423423423423423423423423423423423423423423423423423423423423423423423423423423423423423423423423423423423423423423423423423423423423423423423423423423423423423423423423423423423423423423423423423423423423423423423423423423423423423423423423423423423423423423423423423423423423423423423423423423423423423423423423423423423423423423423423423423423423423423423423423423423423423423423423423423423423423423423423423423423423423423423423423423423423423423423423423423423423423423423423423423423423423423423423423423423423423423423423423423423423423423423423423423423423423423423423423423423423423423423423423423423423423423423423423423423423423423423423423423423423423423423423423423423423423423423423423423423423423423423423423423423423423423423423423423423423423423423423423423423423423423423423423423423423423423423423423423423423423423423423423423423423423423423423423423423423423423423423423423423423423423423423423423423423423423423423423423423423423423423423423423423423423423423423423423423423423423423423423423423423423423423423423423423423423423423423423423423423423423423423423423423423423423423423423423423423423423423423423423423423423423423423423423423423423423423423423423423423423423423423423423423423423423423423423423423423423423423423423423423423423423423423423423423423423423423423423423423423423423423423423423423423423423423423423423423423423423423423423423423423423423423423423423423423423423423423423423423423423423423423423423423423423423423423423423423423423423423423423423423423423423423423',NULL,'English',NULL,NULL,1750628491,1750628491,NULL,NULL,NULL);
INSERT INTO churches VALUES(480,'Aldersgate United Methodist Church','aldersgate-united-methodist-church','Heretical',NULL,'LGBTQ-affirming affiliation',1751255629,'3690 Foothill Dr, Salt Lake City, UT 84109',41.4932612027947,-112.012419214806,2,'http://www.aldersgateutah.org','https://aldersgateutah.org/about/what-we-believe/','(801) 295-9439','info@aldersgateutah.org','https://www.facebook.com/aldersgateutah',NULL,'https://www.youtube.com/channel/UC63194025803',NULL,'English',NULL,NULL,1750629200,1750629200,NULL,NULL,NULL);
INSERT INTO churches VALUES(481,'All Saints Episcopal Church','all-saints-episcopal-church','Heretical',NULL,'LGBTQ-affirming',1751255776,'1710 Foothill Drive, Salt Lake City, Utah 84108',40.7329777340424,-111.82084365082,18,'https://www.allsaintsslc.org/','https://www.allsaintsslc.org/what-we-believe-1','(801) 581-0380','allsaints@allsaintsslc.org','https://www.facebook.com/allsaintsslc','http://instagram.com/allsaintsslc','https://www.youtube.com/channel/UCQX8gjZZ3X0_W6uc7cHpzDQ',NULL,'English',NULL,NULL,1750629200,1750629200,NULL,NULL,NULL);
INSERT INTO churches VALUES(482,'Ascension Lutheran Church (Ogden)','ascension-lutheran-church-ogden','Heretical',NULL,'LGBTQ-affirming affiliation',1751255744,'1105 N Washington Blvd, Harrisville, UT 84404',41.2775777995995,-111.969983789758,29,'https://www.ascensionlutheranogden.org/',NULL,NULL,NULL,'https://www.facebook.com/AscensionLutheranOgden/',NULL,NULL,NULL,'English',NULL,NULL,1750629200,1750629200,NULL,NULL,NULL);
INSERT INTO churches VALUES(483,'Ascension St Matthew''s Church Lutheran Church','ascension-st-matthews-church-lutheran-church','Heretical',NULL,'LGBTQ-affirming affiliation',1751256017,'522 Homestead Blvd, Price, UT 84501',39.6088125029338,-110.783879396156,4,'https://www.ascensionstmatthewsprice.org/',NULL,'(435) 637-0106',NULL,'https://www.facebook.com/ascension.stmatthews.3','https://www.instagram.com/asm_church/',NULL,NULL,'English',NULL,NULL,1750629200,1750629200,NULL,NULL,NULL);
INSERT INTO churches VALUES(484,'Bountiful Community Church','bountiful-community-church','Heretical',NULL,'LGBTQ-affirming affiliation',1751255675,'150 N 400 E Bountiful, UT 84010',40.8909546999999,-111.8723844,6,'https://www.bountifulcommunitychurch.org/',NULL,'(801) 295-9439','ucc.bountiful@gmail.com',NULL,NULL,NULL,NULL,'English',NULL,NULL,1750629200,1750629200,NULL,NULL,NULL);
INSERT INTO churches VALUES(485,'Cathedral Church of St. Mark','cathedral-church-of-st-mark','Heretical',NULL,'LGBTQ-affirming',1751255699,'231 E 100 S, Salt Lake City, , UT 84111',40.7674118230193,-111.88387095767,18,'https://stmarksutah.org/','https://stmarksutah.org/about-what-we-believe','(801) 322-3400','info@stmarksutah.org','https://www.facebook.com/stmarksutah','https://www.instagram.com/stmarksutah/','https://www.youtube.com/channel/UC48Rk0PmGRSq-i4wB38lWpA',NULL,'English',NULL,NULL,1750629200,1750629200,NULL,NULL,NULL);
INSERT INTO churches VALUES(486,'Centenary United Methodist Church','centenary-united-methodist-church','Heretical',NULL,'LGBTQ-affirming affiliation',1751256025,'1740 South 500 East, Salt Lake City, Utah 84105',40.7325258598537,-111.8772518,18,'https://umc-centenary.com/',NULL,'(801) 485-9831',NULL,NULL,NULL,NULL,NULL,'English',NULL,NULL,1750629200,1750629200,NULL,NULL,NULL);
INSERT INTO churches VALUES(487,'Community Church of Moab','community-church-of-moab','Heretical',NULL,'LGBTQ-affirming affiliation',1751256039,'544 Mivida Drive, Moab, Utah 84532',38.5815554952321,-109.554126367105,10,'https://moabcommunitychurch.com/',NULL,'(435) 259-7319','mcchurch544@gmail.com','https://www.facebook.com/Community-Church-of-Moab-383478471798111/',NULL,'https://www.youtube.com/@communitychurchofmoab5295/streams',NULL,'English',NULL,NULL,1750629200,1750629200,NULL,NULL,NULL);
INSERT INTO churches VALUES(488,'Community of Grace Presbyterian Church','community-of-grace-presbyterian-church','Heretical',NULL,'LGBTQ-affirming affiliation',1751863921,'2015 Newcastle Dr, Sandy, UT 84093',40.5908704,-111.833388,18,'https://www.cogpc.org/',NULL,'(801) 943-4043','officeadmin@cogpc.org','https://www.facebook.com/communityofgracepcusa','https://www.instagram.com/communityofgracepcusa/',NULL,NULL,'English',NULL,NULL,1750629200,1750629200,NULL,NULL,NULL);
INSERT INTO churches VALUES(489,'Community Presbyterian Church','community-presbyterian-church','Heretical',NULL,'LGBTQ-affirming',1751864255,'311 S 100 E, Brigham City, UT 84302',41.5042692,-112.0138244,2,'https://brighamcitypresbyterian.org/',NULL,'(435) 723-6262','cpcbcoffice@gmail.com','https://www.facebook.com/BrighamPresbyterian',NULL,'https://www.youtube.com/channel/UCnd4Ceiw1Eo_TcIEaNuMGbw',NULL,'English',NULL,NULL,1750629200,1750629200,NULL,NULL,NULL);
INSERT INTO churches VALUES(490,'Community United Methodist Church','community-united-methodist-church','Heretical',NULL,'LGBTQ-affirming affiliation',1751864519,'163 Laker Wy, Ogden, UT 84405',41.1755739,-111.9793567,29,'https://community-umc.net/',NULL,NULL,NULL,NULL,NULL,NULL,NULL,'English',NULL,NULL,1750629200,1750629200,NULL,NULL,NULL);
INSERT INTO churches VALUES(491,'Congregational United Church of Christ','congregational-united-church-of-christ','Closed',NULL,'LGBTQ-affirming affiliation',1751204355,'3350 Harrison Blvd Ogden, UT, 84403-1229',41.2025986601939,-111.94745690362,29,NULL,NULL,NULL,NULL,NULL,NULL,NULL,NULL,'English',NULL,NULL,1750629200,1750629200,NULL,NULL,NULL);
INSERT INTO churches VALUES(492,'Cottonwood Presbyterian','cottonwood-presbyterian','Heretical',NULL,'LGBTQ-affirming affiliation',1751864574,'1580 Vine St, Murray, UT 84121',40.639942,-111.8477197,18,'https://www.cottonwoodpres.org/',NULL,'(801) 278-4619','office@cottonwoodpres.org',NULL,NULL,'https://www.youtube.com/@WorshipCottonwood',NULL,'English',NULL,NULL,1750629200,1750629200,NULL,NULL,NULL);
INSERT INTO churches VALUES(493,'Elim Lutheran Church','elim-lutheran-church','Heretical',NULL,'LGBTQ-affirming affiliation',1751895518,'575 23rd St, Ogden, UT 84401',41.2245401,-111.9652006,29,'https://www.elimlutheran.org/',NULL,'(801) 394-5543',NULL,'https://www.facebook.com/pg/elimlutheran.church.3/',NULL,NULL,NULL,'English',NULL,NULL,1750629200,1750629200,NULL,NULL,NULL);
INSERT INTO churches VALUES(494,'Episcopal Church of the Good Shepherd','episcopal-church-of-the-good-shepherd','Heretical',NULL,'LGBTQ-affirming',1751895543,'2374 Grant Ave, Ogden, UT 84401',41.2230981,-111.9727462,29,'https://www.goodshepherdogden.org/',NULL,'(801) 392-8168',NULL,NULL,NULL,'https://www.youtube.com/@goodshepherdogden5103/streams',NULL,'English',NULL,NULL,1750629200,1750629200,NULL,NULL,NULL);
INSERT INTO churches VALUES(495,'Eureka United Methodist Church','eureka-united-methodist-church','Heretical',NULL,'LGBTQ-affirming affiliation',1751204692,'183 Main St, Eureka, UT 84628',39.9547801981969,-112.118754540161,12,NULL,NULL,NULL,NULL,'https://www.facebook.com/pages/Eureka-United-Methodist-Church/555386201295484',NULL,NULL,NULL,'English',NULL,NULL,1750629200,1750629200,NULL,NULL,NULL);
INSERT INTO churches VALUES(496,'First Baptist Church of Bountiful','first-baptist-church-of-bountiful','Heretical',NULL,'LGBTQ-affirming affiliation',1751204720,'1915 Orchard Dr, Bountiful, UT 84010',40.8690439433452,-111.876891526253,6,'http://www.fbcbountiful.com/',NULL,'(801) 295-6631','info@fbcbountiful.com',NULL,NULL,'https://youtube.com/watch?v=tLBLa-ctfck',NULL,'English',NULL,NULL,1750629200,1750629200,NULL,NULL,NULL);
INSERT INTO churches VALUES(497,'First Baptist Church of Ogden','first-baptist-church-of-ogden','Heretical',NULL,'LGBTQ-affirming affiliation',1751204758,'2519 Jefferson Avenue, Ogden, UT 84401',41.2204274028578,-111.965190060185,29,'https://ogdenfbc.org/',NULL,'(801) 621-1761','info@ogdenfbc.org','https://www.facebook.com/firstbaptistogden',NULL,NULL,NULL,'English',NULL,NULL,1750629200,1750629200,NULL,NULL,NULL);
INSERT INTO churches VALUES(498,'First Baptist Church of Salt Lake City','first-baptist-church-of-salt-lake-city','Heretical',NULL,'LGBTQ-affirming affiliation',1751204774,'777 South 1300 East, Salt Lake City, UT 84102',40.752405964469,-111.853048479157,18,'http://www.firstbaptist-slc.org/',NULL,'(801) 582-4921','office@firstbaptist-slc.org','https://www.facebook.com/FirstBaptistSLC/','https://www.instagram.com/firstbaptistsaltlake/','https://www.youtube.com/channel/UCvI2EY9hIH22EQtUfUeD5mw',NULL,'English',NULL,NULL,1750629200,1750629200,NULL,NULL,NULL);
INSERT INTO churches VALUES(499,'First Presbyterian Church (Ogden)','first-presbyterian-church-ogden','Heretical',NULL,'LGBTQ-affirming affiliation',1751204802,'880 28th Street, Ogden, UT 84403',41.2145896018367,-111.957044905342,29,'https://www.fpcogden.org/','https://www.fpcogden.org/new-page-4','(801) 393-8477',NULL,NULL,NULL,'https://www.youtube.com/@firstpresbyterianchurchogd7635',NULL,'English',NULL,NULL,1750629200,1750629200,NULL,NULL,NULL);
INSERT INTO churches VALUES(500,'First Presbyterian Church (Salt Lake City)','first-presbyterian-church-salt-lake-city','Heretical',NULL,'LGBTQ-affirming affiliation',1751204834,'12 C Street, Salt Lake City, UT 84103',40.7699748087347,-111.880196302923,18,'https://www.fpcslc.org/',NULL,'(801) 363-3889',NULL,'http://facebook.com/fpcslc','http://instagram.com/fpcslc','http://youtube.com/fpcslc',NULL,'English',NULL,NULL,1750629200,1750629200,NULL,NULL,NULL);
INSERT INTO churches VALUES(501,'First United Methodist Church (Ogden)','first-united-methodist-church-ogden','Heretical',NULL,'LGBTQ-affirming affiliation',1751204855,'1339 W 400 N, Marriott-slaterville, UT 84404',41.2653795881738,-112.012215987154,18,'http://www.fumcogdenut.org/',NULL,'(801) 393-5662',NULL,NULL,NULL,NULL,NULL,'English',NULL,NULL,1750629200,1750629200,NULL,NULL,NULL);
INSERT INTO churches VALUES(502,'First United Methodist Church (Salt Lake City)','first-united-methodist-church-salt-lake-city','Heretical',NULL,'LGBTQ-affirming affiliation',1751204873,'203 S 200 E, Salt Lake City, UT 84111',40.7646152963115,-111.885115074266,18,'https://www.fumcslc.org/','https://www.fumcslc.org/what-we-believe','(801) 328-8726',NULL,'https://www.facebook.com/fumcchurch','https://www.instagram.com/firstumc_slc/','https://www.youtube.com/@FUMCSLC/streams',NULL,'English',NULL,NULL,1750629200,1750629200,NULL,NULL,NULL);
INSERT INTO churches VALUES(503,'Grace Lutheran Church (Bountiful)','grace-lutheran-church-bountiful','Heretical',NULL,'LGBTQ-affirming',1751204896,'835 N Main, Bountiful, Utah',40.8980137892461,-111.879288622046,6,'https://gracelutheranutah.org/',NULL,'(801) 298-5268','office@gracelutheranutah.org','https://www.facebook.com/bountifulgrace/',NULL,NULL,NULL,'English',NULL,NULL,1750629200,1750629200,NULL,NULL,NULL);
INSERT INTO churches VALUES(504,'Hilltop United Methodist Church','hilltop-united-methodist-church','Heretical',NULL,'LGBTQ-affirming affiliation',1751204918,'985 E 10600 S, Sandy, 84094',40.5592559005596,-111.863036218115,18,'https://www.hilltopumchurch.org/',NULL,'(801) 571-5777','office@hilltopumchurch.org','https://www.facebook.com/HilltopUMC',NULL,NULL,NULL,'English',NULL,NULL,1750629200,1750629200,NULL,NULL,NULL);
INSERT INTO churches VALUES(505,'Holladay United Church of Christ','holladay-united-church-of-christ','Heretical',NULL,'LGBTQ-affirming affiliation',1751204939,'2631 E Murray Holladay Rd, Holladay, UT 84117',40.6713345964724,-111.816470845795,18,'https://holladayucc.org/',NULL,'(801) 277-2631','office@holladayucc.org','https://www.facebook.com/HolladayUCC','https://www.instagram.com/holladay_ucc/','https://www.youtube.com/@HolladayUnitedChurchofChrist',NULL,'English',NULL,NULL,1750629200,1750629200,NULL,NULL,NULL);
INSERT INTO churches VALUES(506,'Kingsbury Community United Church of Christ','kingsbury-community-united-church-of-christ','Heretical',NULL,'LGBTQ-affirming affiliation',1751205096,'65 East 100 North, Vernal, Utah 84078',40.4573148249269,-109.527464360515,24,'https://vernalucc.com/',NULL,'(435) 789-3749','kingsburyucc@gmail.com','https://www.facebook.com/kingsbury.ucc',NULL,NULL,NULL,'English',NULL,NULL,1750629200,1750629200,NULL,NULL,NULL);
INSERT INTO churches VALUES(507,'Mount Tabor Lutheran Church','mount-tabor-lutheran-church','Heretical',NULL,'LGBTQ-affirming',1751205116,'175 South 700 East, Salt Lake City, UT 84102',40.7653288126293,-111.870533620773,18,'https://mttaborslc.org/',NULL,'(801) 328-0521','office@mttaborslc.org','https://www.facebook.com/mttaborslc/',NULL,NULL,NULL,'English',NULL,NULL,1750629200,1750629200,NULL,NULL,NULL);
INSERT INTO churches VALUES(508,'Mountain Vista United Methodist Church','mountain-vista-united-methodist-church','Heretical',NULL,'LGBTQ-affirming affiliation',1751205160,'8931 S 3200 W, West Jordan, Utah 84088',40.5891969719643,-111.966826019414,18,'https://www.mtnvistaumc.org/',NULL,'(801) 280-4148','office@mtnvistaumc.org','https://www.facebook.com/Mountain-Vista-UMC-Utah-111354614470824',NULL,NULL,NULL,'English',NULL,NULL,1750629200,1750629200,NULL,NULL,NULL);
INSERT INTO churches VALUES(509,'Mt. Olympus Presbyterian Church','mt-olympus-presbyterian-church','Heretical',NULL,'LGBTQ-affirming',1751205195,'3280 East 3900, South Salt Lake City, Utah 84124',40.6865346899861,-111.801002546358,18,'https://www.mountolympuschurch.com/',NULL,'(801) 277-2674',NULL,'https://www.facebook.com/mountolympuspresbyterian','https://www.instagram.com/mtopres?igsh=cXZ6Y3NucW1tNm1u',NULL,NULL,'English',NULL,NULL,1750629200,1750629200,NULL,NULL,NULL);
INSERT INTO churches VALUES(510,'Murray Baptist Church','murray-baptist-church','Heretical',NULL,'LGBTQ-affirming',1751205249,'184 East 5770 South, Murray, UT 84107',40.6457512659659,-111.887038658558,18,'https://murraybaptistchurch.com/',NULL,NULL,'pastordusty@murraybaptistchurch.net','https://www.facebook.com/MurrayBaptistChurchUtah','https://www.instagram.com/murraybaptistchurch','https://www.youtube.com/channel/UCU6d1225ufq8lFPa9E3ZSzQ',NULL,'English',NULL,NULL,1750629200,1750629200,NULL,NULL,NULL);
INSERT INTO churches VALUES(511,'New Promise Lutheran Church','new-promise-lutheran-church','Heretical',NULL,'LGBTQ-affirming',1751205279,'244 S Valley View Drive, St George, UT 84770',37.1045030308313,-113.614154337898,27,'http://www.newpromiseelca.org/','https://newpromiselutheran.church/what-we-believe/','(435) 628-9740',NULL,'https://www.facebook.com/NPLutheran','https://www.instagram.com/NPLutheran/','https://www.youtube.com/channel/UCYnicuT-QBi3jEDI_g8n8zA',NULL,'English',NULL,NULL,1750629200,1750629200,NULL,NULL,NULL);
INSERT INTO churches VALUES(512,'Ogden Christian Church','ogden-christian-church','Heretical','Affiliations need review','LGBTQ-affirming affiliation',1751205434,'580 23rd Street, Ogden, UT 84401',41.2251364100883,-111.965099929046,29,'http://www.ogdenchristianchurch.com/?page_id=34',NULL,NULL,NULL,NULL,NULL,NULL,NULL,'English',NULL,NULL,1750629200,1750629200,NULL,NULL,NULL);
INSERT INTO churches VALUES(513,'Our Saviour''s Evangelical Lutheran Church','our-saviours-evangelical-lutheran-church','Heretical',NULL,'LGBTQ-affirming',1751205456,'2500 E 3900 S, Holladay, Utah 84124',40.6867024292588,-111.818827113943,18,'https://oslcslc.org/',NULL,'(801) 278-1412','office@oslcslc.org','https://www.facebook.com/OSLCSLC','https://www.instagram.com/oslcslc/','https://www.youtube.com/@oursaviourslutheranchurchs1867/featured',NULL,'English',NULL,NULL,1750629200,1750629200,NULL,NULL,NULL);
INSERT INTO churches VALUES(514,'Park City Community Church','park-city-community-church','Heretical',NULL,'LGBTQ-affirming affiliation',1751205481,'4501 Hwy 224, Park City, UT 84098',40.6956532044939,-111.546388207822,22,'https://www.parkcitychurch.org/','https://www.parkcitychurch.org/what-we-believe','(435) 649-8131','office@parkcitychurch.org','http://facebook.com/parkcitycommunitychurch','http://instagram.com/parkcitycommunitychurch','https://www.youtube.com/@parkcitycommunitychurch',NULL,'English',NULL,NULL,1750629200,1750629200,NULL,NULL,NULL);
INSERT INTO churches VALUES(515,'Prince of Peace Lutheran Church (Logan)','prince-of-peace-lutheran-church-logan','Heretical',NULL,'LGBTQ-affirming affiliation',1751205514,'930 N 400 W, Logan, Utah 84341',41.7493269568638,-111.844478102427,3,'https://www.princeofpeacelogan.org/',NULL,'(435) 752-7753','admin@princeofpeacelogan.org','https://www.facebook.com/princeofpeaceloganut','http://instagram.com/princeofpeacelogan',NULL,NULL,'English',NULL,NULL,1750629200,1750629200,NULL,NULL,NULL);
INSERT INTO churches VALUES(516,'Provo Community Congregational United Church of Christ','provo-community-congregational-united-church-of-christ','Heretical',NULL,'LGBTQ-affirming affiliation',1751205537,'175 N University Ave, Provo, UT 84601',40.2362277467241,-111.659118461169,25,'http://provocommunityucc.org/',NULL,NULL,NULL,'https://facebook.com/provocommunityucc',NULL,NULL,NULL,'English',NULL,NULL,1750629200,1750629200,NULL,NULL,NULL);
INSERT INTO churches VALUES(517,'Recovery Worship','recovery-worship','Heretical','May be closed?','LGBTQ-affirming',1751205603,'2375 E 3300 S Salt Lake City, UT, 84109-2723',40.7003361867362,-111.822557764892,18,'http://recoveryworshiputah.com/',NULL,NULL,NULL,NULL,'https://www.instagram.com/recoveryworship/',NULL,NULL,'English',NULL,NULL,1750629200,1750629200,NULL,NULL,NULL);
INSERT INTO churches VALUES(518,'Salt Lake Community of Christ','salt-lake-community-of-christ','Heretical',NULL,'LGBTQ-affirming affiliation',1751205629,'2747 E Craig Drive, Salt Lake City, UT 84109',40.6922669268054,-111.814210039972,18,'https://cofchristslc.org/','https://cofchristslc.org/discover/our-beliefs/basic-beliefs/','(801) 278-7464','info@cofchristslc.org','https://www.facebook.com/CofChristSLC','https://instagram.com/cofchristslc/','https://www.youtube.com/@CofChrist',NULL,'English',NULL,NULL,1750629200,1750629200,NULL,NULL,NULL);
INSERT INTO churches VALUES(519,'Shepherd of the Mountains Lutheran Church','shepherd-of-the-mountains-lutheran-church','Heretical',NULL,'LGBTQ-affirming affiliation',1751205655,'4051 N Highway 224 Park City, Utah 84098',40.6899076230956,-111.545403806946,22,'https://sompc.org/',NULL,'(435) 649-2233',NULL,NULL,NULL,'https://www.youtube.com/@shepherdofthemountainsluth1102',NULL,'English',NULL,NULL,1750629200,1750629200,NULL,NULL,NULL);
INSERT INTO churches VALUES(520,'Southern Utah Community of Christ','southern-utah-community-of-christ','Heretical',NULL,'LGBTQ-affirming affiliation',1751205742,'611 N 2450 E, St George, Utah 84790',37.1186409176982,-113.532989860636,27,'https://www.southernutahcofchrist.org/',NULL,NULL,NULL,'https://www.facebook.com/SouthernUtahCofC/?ref=bookmarks','https://www.instagram.com/p/B8xZxwjFaOe/',NULL,NULL,'English',NULL,NULL,1750629200,1750629200,NULL,NULL,NULL);
INSERT INTO churches VALUES(521,'Springville Community Presbyterian Church','springville-community-presbyterian-church','Heretical',NULL,'LGBTQ-affirming affiliation',1751205794,'245 S 200 E, Springville, UT 84663',40.1631312454062,-111.606379711448,25,'https://www.springvillechurch.org/',NULL,'(801) 489-4390','scpcoffice@gmail.com','https://facebook.com/SpringvilleCommunityPresbyterian',NULL,NULL,NULL,'English',NULL,NULL,1750629200,1750629200,NULL,NULL,NULL);
INSERT INTO churches VALUES(522,'St. Francis Episcopal Church','st-francis-episcopal-church','Heretical',NULL,'LGBTQ-affirming affiliation',1751205812,'250 Kane Creek Blvd, Moab, Utah 84352',38.5671136368609,-109.553076212746,10,'https://moabepiscopalchurch.org/',NULL,'(435) 259-5831',NULL,NULL,NULL,NULL,NULL,'English',NULL,NULL,1750629200,1750629200,NULL,NULL,NULL);
INSERT INTO churches VALUES(523,'St. James'' Episcopal Church','st-james-episcopal-church','Heretical',NULL,'LGBTQ-affirming affiliation',1751205856,'7486 Union Park Ave, Midvale, UT 84047',40.6150619871152,-111.859368214818,18,'https://www.stjamesutah.com/',NULL,NULL,NULL,'https://www.facebook.com/stjamesutah',NULL,NULL,NULL,'English',NULL,NULL,1750629200,1750629200,NULL,NULL,NULL);
INSERT INTO churches VALUES(524,'St. John''s Episcopal Church','st-johns-episcopal-church','Heretical',NULL,'LGBTQ-affirming affiliation',1751205889,'85 East 100 North Logan, UT 84321',41.7334704491131,-111.832791605593,3,'https://www.stjohnslogan.org/',NULL,'(435) 752-0331',NULL,'https://www.facebook.com/stjohnslogan/','https://www.instagram.com/stjohnsepiscopalloganut/','https://www.youtube.com/@StJohnsEpiscopalLoganUT',NULL,'English',NULL,NULL,1750629200,1750629200,NULL,NULL,NULL);
INSERT INTO churches VALUES(525,'St. Jude''s Episcopal Church','st-judes-episcopal-church','Heretical',NULL,'LGBTQ-affirming affiliation',1751205908,'70 N 200 W St, Cedar City, UT 84720',37.6787426594935,-113.064830836773,11,'http://www.stjudescedarcity.net/','https://actualchurchwebsite.org/what-we-believe',NULL,NULL,NULL,NULL,NULL,NULL,'English',NULL,NULL,1750629200,1750629200,NULL,NULL,NULL);
INSERT INTO churches VALUES(526,'St. Mary''s Episcopal Church','st-marys-episcopal-church','Heretical',NULL,'LGBTQ-affirming',1751205938,'50 W 200 N, Provo, UT 84601',40.2368871710479,-111.659805033933,25,'https://stmarysprovo.org/','https://stmarysprovo.org/beliefs-and-values','(801) 373-3090','parishoffice@stmarysprovo.org','https://www.facebook.com/stmarysprovo','https://www.instagram.com/stmarysprovo','https://www.youtube.com/@st.marysepiscopalchurch9323',NULL,'English',NULL,NULL,1750629200,1750629200,NULL,NULL,NULL);
INSERT INTO churches VALUES(527,'St. Matthews Lutheran','st-matthews-lutheran','Heretical',NULL,'LGBTQ-affirming affiliation',1751205955,'5200 So. 2700 W, Taylorsville, Utah 84129',40.657682541489,-111.957224679267,18,'http://www.stmatthewsut.org/',NULL,'(801) 965-8484','contact@example.org','https://www.facebook.com/St-Matthews-Lutheran-Church-Taylorsville-UT-101721209881015/?hc_ref=PAGES_TIMELINE',NULL,'https://www.youtube.com/channel/UCW4WpwUfx_mxiHWwu8mKI-A',NULL,'English',NULL,NULL,1750629200,1750629200,NULL,NULL,NULL);
INSERT INTO churches VALUES(528,'St. Paul Methodist Church','st-pauls-united-methodist-church','Heretical',NULL,'LGBTQ-affirming affiliation',1751206049,'8601 W Hillcrest St, Copperton, UT 84006',40.5625406452932,-112.096028539215,18,'https://stpaulumccopperton.org/',NULL,'(801) 231-4425','samuel.loftin@gmail.com','https://www.facebook.com/groups/299729793553845/?ref=share&mibextid=NSMWBT',NULL,NULL,NULL,'English',NULL,NULL,1750629200,1750629200,NULL,NULL,NULL);
INSERT INTO churches VALUES(529,'St. Stephen''s Episcopal Church','st-stephens-episcopal-church','Heretical',NULL,'LGBTQ-affirming affiliation',1751206108,'4615 South 3200 West, West Valley City, Utah 84119',40.6700441536013,-111.966938890039,18,'https://www.ststephenswvc.org/',NULL,'(801) 968-2731','ststephenswvc@gmail.com','https://www.facebook.com/StStephensWVC','https://www.instagram.com/st.stephens.episcopal.church',NULL,NULL,'English',NULL,NULL,1750629200,1750629200,NULL,NULL,NULL);
INSERT INTO churches VALUES(530,'Talateu Maae Kahau Tongan United Methodist Church','talateu-maae-kahau-tongan-united-methodist-church','Heretical',NULL,'LGBTQ-affirming affiliation',1751206132,'1044 N Geneva Rd, Provo, UT 84601',40.2475857532251,-111.698829042332,25,NULL,NULL,NULL,NULL,'https://www.facebook.com/groups/717182633076016/',NULL,NULL,NULL,'English',NULL,NULL,1750629200,1750629200,NULL,NULL,NULL);
INSERT INTO churches VALUES(531,'To AE Ofa United Methodist Church','to-ae-ofa-united-methodist-church','Heretical',NULL,'LGBTQ-affirming affiliation',1751206170,'5071 Steele St, Kearns, UT 84118',40.6588368223274,-111.991585026132,18,NULL,NULL,NULL,NULL,NULL,NULL,NULL,NULL,'English',NULL,NULL,1750629200,1750629200,NULL,NULL,NULL);
INSERT INTO churches VALUES(532,'Tongan United Methodist Church','tongan-united-methodist-church','Heretical',NULL,'LGBTQ-affirming affiliation',1751206199,'1553 Crystal Ave, Salt Lake City, UT 84119',40.7138695392868,-111.935526905218,18,NULL,NULL,NULL,NULL,'https://www.facebook.com/groups/373606174415438/',NULL,NULL,NULL,'English',NULL,NULL,1750629200,1750629200,NULL,NULL,NULL);
INSERT INTO churches VALUES(533,'Tooele Community United Methodist Church','tooele-community-united-methodist-church','Heretical',NULL,'LGBTQ-affirming affiliation',1751206223,'78 E Utah Ave, Tooele, UT 84074',40.5340983307643,-112.295999906523,23,'https://tooeleumc.com/',NULL,'(801) 916-0679',NULL,'https://www.facebook.com/profile.php?id=61573176183732',NULL,'https://www.youtube.com/@tooeleunitedmethodistchurch',NULL,'English',NULL,NULL,1750629200,1750629200,NULL,NULL,NULL);
INSERT INTO churches VALUES(534,'Trinity Presbyterian Church','trinity-presbyterian-church','Heretical',NULL,'LGBTQ-affirming',1751206251,'140 North Tyler Ave, Ogden, UT 84404',41.2610695460004,-111.944698204503,29,'http://www.trinityogden.org','https://www.trinityogden.org/about','(801) 393-2661','info@trinityogden.org',NULL,NULL,NULL,NULL,'English',NULL,NULL,1750629200,1750629200,NULL,NULL,NULL);
INSERT INTO churches VALUES(535,'Trinity United Methodist Church','trinity-united-methodist-church','Heretical','https://www.umc.org/en/find-a-church/church?id=001Um00000PFO3vIAH','LGBTQ-affirming affiliation',1751206288,'3610 S 4400 W, West Valley City, UT 84120',40.6943249778202,-111.997008987245,18,'http://www.trinitywvc.org/',NULL,NULL,NULL,NULL,NULL,NULL,NULL,'English',NULL,NULL,1750629200,1750629200,NULL,NULL,NULL);
INSERT INTO churches VALUES(536,'United Church of Christ (Ogden)','united-church-of-christ-ogden','Closed','Closed?','LGBTQ-affirming affiliation',1751206453,'3350 Harrison Blvd, Ogden, UT 84403',41.2026142835653,-111.947422033919,29,'https://www.uccogden.org',NULL,NULL,NULL,NULL,NULL,NULL,NULL,'English',NULL,NULL,1750629200,1750629200,NULL,NULL,NULL);
INSERT INTO churches VALUES(537,'United Church of Kanab-Fredonia','united-church-of-kanab-fredonia','Heretical',NULL,'LGBTQ-affirming affiliation',1751206478,'530 S 100 E Kanab, UT, 84741-3636',37.0391878269266,-112.526184105002,13,NULL,NULL,'(614) 558-3299',NULL,'https://www.facebook.com/p/United-Church-of-Kanab-Fredonia-100067363279083/',NULL,NULL,NULL,'English',NULL,NULL,1750629200,1750629200,NULL,NULL,NULL);
INSERT INTO churches VALUES(538,'Utah County Community of Christ','utah-county-community-of-christ','Heretical',NULL,'LGBTQ-affirming affiliation',1751206502,'50 W 200 N Provo, UT, 84601-2806',40.2368355714339,-111.659772145226,25,NULL,NULL,NULL,NULL,'https://www.facebook.com/latterdayseekersprovo/',NULL,NULL,NULL,'English',NULL,NULL,1750629200,1750629200,NULL,NULL,NULL);
INSERT INTO churches VALUES(539,'Wasatch Presbyterian','wasatch-presbyterian','Heretical',NULL,'LGBTQ-affirming affiliation',1751206549,'1626 South 1700 East, Salt Lake City, Utah 84108',40.7341105815279,-111.842940856416,18,'https://www.wpcslc.org/','https://pcusa.org/about-pcusa/who-we-are/reformed-theology','(801) 487-7576','reception@wpcslc.org','https://www.facebook.com/WasatchPresbyterianChurch/',NULL,NULL,NULL,'English',NULL,NULL,1750629200,1750629200,NULL,NULL,NULL);
INSERT INTO churches VALUES(540,'Zion Evangelical Lutheran Church','zion-evangelical-lutheran-church','Heretical',NULL,'LGBTQ-affirming affiliation',1751206570,'1070 Foothill Drive, Salt Lake City, UT 84108',40.7458762137837,-111.831507556892,18,'https://www.zelc.org/',NULL,'(801) 582-2321',NULL,'https://www.facebook.com/ZionSLC/','https://www.instagram.com/zelcslc/','https://www.youtube.com/@ZELCUtah/',NULL,'English',NULL,NULL,1750629200,1750629200,NULL,NULL,NULL);
INSERT INTO churches VALUES(541,'Zion Bible Church','zion-bible-church','Listed',NULL,'Services held at eDesert Canyon Elementary School',1751251461,'3101 Rimrunner Dr, St. George, UT',NULL,NULL,27,'https://www.zionbible.com/','https://www.zionbible.com/doctrinal-statement',NULL,'info@zionbible.com','https://www.facebook.com/ZBC.church','https://www.instagram.com/zionbiblechurch',NULL,NULL,'English',NULL,NULL,1751251376,1751251376,NULL,NULL,NULL);
INSERT INTO churches VALUES(542,'Hurricane Valley Baptist Church','hurricane-valley-baptist-church','Listed',NULL,'Across from Tractor Supply',1751251632,'1565 W State St, Hurricane, UT 84737',NULL,NULL,27,NULL,'https://www.ccba-utah.org/doctrine','(435) 635-0189','hvbaptistchurch@gmail.com','https://www.facebook.com/HurricaneValleyBaptistChurch',NULL,NULL,NULL,'English',NULL,NULL,1751251376,1751251376,NULL,NULL,NULL);
INSERT INTO churches VALUES(543,'Free River Church','free-river','Unlisted',NULL,'Egalitarian denomination',1751863794,'555 S State St, Orem, UT 84058',40.2871542,-111.6900997,25,'https://www.freeriver.church/','https://ag.org/beliefs/statement-of-fundamental-truths','(385) 503-3203',NULL,'https://www.facebook.com/freeriverchurch','https://www.instagram.com/freeriverchurch','https://youtube.com/@FreeRiverChurch',NULL,'English',NULL,NULL,2025-07-07 02:50:56,1751860903,NULL,NULL,NULL);
INSERT INTO churches VALUES(544,'Real Hope Bible Fellowship','rhbf','Unlisted',NULL,'Lacks statement of faith',1751914650,'165 N 300 W, Ferron, UT 84523',39.0927693,-111.1390817,8,'https://rhbf.net/',NULL,'(435) 274-7325','info@rhbf.net','https://www.facebook.com/profile.php?id=61571536803900',NULL,NULL,NULL,'English',NULL,NULL,2025-07-07 18:56:46,2025-07-07 18:56:46,NULL,NULL,NULL);
CREATE TABLE church_gatherings (
  id INTEGER PRIMARY KEY AUTOINCREMENT,
  church_id INTEGER NOT NULL REFERENCES churches(id),
  time TEXT NOT NULL,
  notes TEXT,
  created_at INTEGER NOT NULL DEFAULT (strftime('%s', 'now')),
  updated_at INTEGER NOT NULL DEFAULT (strftime('%s', 'now'))
);
INSERT INTO church_gatherings VALUES(541,496,'11 AM Sunday','Worship service',1751204667,1751204667);
INSERT INTO church_gatherings VALUES(542,497,'10 AM Sunday','Sunday School',1751204667,1751204667);
INSERT INTO church_gatherings VALUES(543,497,'11 AM Sunday','Worship Service',1751204667,1751204667);
INSERT INTO church_gatherings VALUES(544,497,'6 PM Wednesday','Bible Study',1751204667,1751204667);
INSERT INTO church_gatherings VALUES(545,499,'10 AM Sunday','Worship',1751204667,1751204667);
INSERT INTO church_gatherings VALUES(546,499,'12 PM Sunday','Adult Sunday School',1751204667,1751204667);
INSERT INTO church_gatherings VALUES(547,499,'7 PM Wednesday','Vespers',1751204667,1751204667);
INSERT INTO church_gatherings VALUES(548,501,'10 AM Sunday','Sanctuary',1751204667,1751204667);
INSERT INTO church_gatherings VALUES(549,502,'11:15 AM Sunday',NULL,1751204667,1751204667);
INSERT INTO church_gatherings VALUES(550,503,'10 AM Wednesday','Bible study',1751204667,1751204667);
INSERT INTO church_gatherings VALUES(551,503,'10 AM Sunday','Worship',1751204667,1751204667);
INSERT INTO church_gatherings VALUES(552,504,'10:30 AM Sunday',NULL,1751204667,1751204667);
INSERT INTO church_gatherings VALUES(553,506,'11 AM Sunday','Bible study',1751204667,1751204667);
INSERT INTO church_gatherings VALUES(554,507,'10:30 AM Sunday','Holy communion',1751204667,1751204667);
INSERT INTO church_gatherings VALUES(555,508,'9:30 AM Sunday',NULL,1751204667,1751204667);
INSERT INTO church_gatherings VALUES(556,509,'8:30 AM Sunday','Traditional',1751204667,1751204667);
INSERT INTO church_gatherings VALUES(557,509,'11 AM Sunday','Contemporary',1751204667,1751204667);
INSERT INTO church_gatherings VALUES(558,509,'7 PM Sunday','Contemplative',1751204667,1751204667);
INSERT INTO church_gatherings VALUES(559,510,'11 AM Sunday','In-Person',1751204667,1751204667);
INSERT INTO church_gatherings VALUES(560,511,'9:30 AM Sunday','Summer service',1751204667,1751204667);
INSERT INTO church_gatherings VALUES(561,513,'10 AM Sunday',NULL,1751205430,1751205430);
INSERT INTO church_gatherings VALUES(562,514,'9:30 AM Sunday',NULL,1751205430,1751205430);
INSERT INTO church_gatherings VALUES(563,515,'9:30 AM Sunday',NULL,1751205430,1751205430);
INSERT INTO church_gatherings VALUES(564,518,'11 AM Sunday','Online',1751205430,1751205430);
INSERT INTO church_gatherings VALUES(565,519,'10 AM Sunday','Traditional',1751205430,1751205430);
INSERT INTO church_gatherings VALUES(567,520,'3 PM Sunday',NULL,1751205430,1751205430);
INSERT INTO church_gatherings VALUES(568,521,'9:30 AM Thursday','Women''s group',1751205430,1751205430);
INSERT INTO church_gatherings VALUES(569,521,'10:30 AM Sunday','Worship',1751205430,1751205430);
INSERT INTO church_gatherings VALUES(570,521,'10:30 AM Tuesday','Social group',1751205430,1751205430);
INSERT INTO church_gatherings VALUES(571,521,'11:00 AM Wednesday','Book group',1751205430,1751205430);
INSERT INTO church_gatherings VALUES(572,521,'12:00 PM Friday','AA',1751205430,1751205430);
INSERT INTO church_gatherings VALUES(573,521,'5:30 PM Wednesday','Bible study',1751205430,1751205430);
INSERT INTO church_gatherings VALUES(574,521,'7:00 PM Wednesday','AA',1751205430,1751205430);
INSERT INTO church_gatherings VALUES(575,521,'7:00 PM Thursday','Women''s NA',1751205430,1751205430);
INSERT INTO church_gatherings VALUES(576,521,'7:00 PM Friday','Al-anon',1751205430,1751205430);
INSERT INTO church_gatherings VALUES(577,521,'8:00 PM Tuesday','NA',1751205430,1751205430);
INSERT INTO church_gatherings VALUES(578,523,'8 AM Sunday','First Sunday only',1751205430,1751205430);
INSERT INTO church_gatherings VALUES(579,523,'9 AM Sunday','Faith formation',1751205430,1751205430);
INSERT INTO church_gatherings VALUES(580,523,'9:45 AM Sunday','Children''s chapel',1751205430,1751205430);
INSERT INTO church_gatherings VALUES(581,523,'9:45 AM Tuesday','Lectio divina',1751205430,1751205430);
INSERT INTO church_gatherings VALUES(582,523,'10 AM Sunday','Worship',1751205430,1751205430);
INSERT INTO church_gatherings VALUES(583,523,'8:30 PM Wednesday','Compline evening prayer',1751205430,1751205430);
INSERT INTO church_gatherings VALUES(584,524,'8:30 AM Saturday','Morning Prayer',1751205430,1751205430);
INSERT INTO church_gatherings VALUES(585,524,'10 AM Sunday','Holy Eucharist',1751205430,1751205430);
INSERT INTO church_gatherings VALUES(586,524,'6 PM Wednesday','Weekday Service',1751205430,1751205430);
INSERT INTO church_gatherings VALUES(587,525,'11:30 AM Sunday','Holy Eucharist',1751205430,1751205430);
INSERT INTO church_gatherings VALUES(588,525,'7:00 PM Wednesday','Evening Prayer',1751205430,1751205430);
INSERT INTO church_gatherings VALUES(589,526,'9 AM Sunday',NULL,1751205430,1751205430);
INSERT INTO church_gatherings VALUES(590,526,'11 AM Sunday',NULL,1751205430,1751205430);
INSERT INTO church_gatherings VALUES(591,526,'7 PM Wednesday','Evening Prayer',1751205430,1751205430);
INSERT INTO church_gatherings VALUES(592,527,'10 AM Sunday','Online',1751205430,1751205430);
INSERT INTO church_gatherings VALUES(593,527,'6:30 PM Wednesday','In-person donations',1751205430,1751205430);
INSERT INTO church_gatherings VALUES(594,528,'10:30 AM Sunday','Office hours',1751205430,1751205430);
INSERT INTO church_gatherings VALUES(595,528,'11 AM Sunday','Worship',1751205430,1751205430);
INSERT INTO church_gatherings VALUES(596,529,'9 AM Sunday',NULL,1751205430,1751205430);
INSERT INTO church_gatherings VALUES(597,529,'11 AM Sunday',NULL,1751205430,1751205430);
INSERT INTO church_gatherings VALUES(598,529,'2:30 PM Sunday',NULL,1751205430,1751205430);
INSERT INTO church_gatherings VALUES(599,533,'11 AM Sunday','Bilingual',1751205430,1751205430);
INSERT INTO church_gatherings VALUES(600,533,'4 PM Wednesday','Community dinner',1751205430,1751205430);
INSERT INTO church_gatherings VALUES(601,534,'10 AM Sunday','Worship',1751205430,1751205430);
INSERT INTO church_gatherings VALUES(602,469,'9:30 AM Sunday','English Worship',1751205430,1751205430);
INSERT INTO church_gatherings VALUES(603,469,'10:45 AM Sunday','Sunday School',1751205430,1751205430);
INSERT INTO church_gatherings VALUES(604,469,'11:45 AM Sunday','Karen Language Ministry',1751205430,1751205430);
INSERT INTO church_gatherings VALUES(605,539,'9 AM Sunday','Spiritual Formation',1751206449,1751206449);
INSERT INTO church_gatherings VALUES(606,539,'9:30 AM Sunday','Children''s Choir',1751206449,1751206449);
INSERT INTO church_gatherings VALUES(607,539,'10 AM Sunday','Worship',1751206449,1751206449);
INSERT INTO church_gatherings VALUES(608,539,'6:30 PM','Youth Spiritual Formation',1751206449,1751206449);
INSERT INTO church_gatherings VALUES(609,540,'8:45 AM Sunday','Choir rehearsal',1751206449,1751206449);
INSERT INTO church_gatherings VALUES(610,540,'9:00 AM Sunday','Sunday School',1751206449,1751206449);
INSERT INTO church_gatherings VALUES(611,540,'10:00 AM Sunday','Worship',1751206449,1751206449);
INSERT INTO church_gatherings VALUES(612,181,'10 AM Sunday',NULL,1751206449,1751206449);
INSERT INTO church_gatherings VALUES(615,183,'8:30 AM Sunday',NULL,1751206652,1751206652);
INSERT INTO church_gatherings VALUES(616,183,'10:00 AM Sunday',NULL,1751206652,1751206652);
INSERT INTO church_gatherings VALUES(617,183,'11:30 AM Sunday',NULL,1751206652,1751206652);
INSERT INTO church_gatherings VALUES(618,184,'9:45 AM Sunday',NULL,1751206775,1751206775);
INSERT INTO church_gatherings VALUES(619,184,'11:15 AM Sunday',NULL,1751206775,1751206775);
INSERT INTO church_gatherings VALUES(620,184,'7:00 PM Wednesday','Youth service (Riverdale campus)',1751206775,1751206775);
INSERT INTO church_gatherings VALUES(621,184,'7:00 PM Thursday','Youth service (Logan campus)',1751206775,1751206775);
INSERT INTO church_gatherings VALUES(622,185,'9:45 AM Sunday',NULL,1751206989,1751206989);
INSERT INTO church_gatherings VALUES(623,185,'11:15 AM Sunday',NULL,1751206989,1751206989);
INSERT INTO church_gatherings VALUES(624,185,'7:00 PM Wednesday','Fusion Youth',1751206989,1751206989);
INSERT INTO church_gatherings VALUES(625,186,'9 AM Sunday',NULL,1751206989,1751206989);
INSERT INTO church_gatherings VALUES(626,186,'10:30 AM Sunday','Youth Class',1751206989,1751206989);
INSERT INTO church_gatherings VALUES(627,186,'12 PM Sunday',NULL,1751206989,1751206989);
INSERT INTO church_gatherings VALUES(628,186,'7 PM Thursday','Youth',1751206989,1751206989);
INSERT INTO church_gatherings VALUES(629,187,'5 PM',NULL,1751206989,1751206989);
INSERT INTO church_gatherings VALUES(630,188,'9:45 AM Sunday',NULL,1751206989,1751206989);
INSERT INTO church_gatherings VALUES(631,188,'11:15 AM Sunday',NULL,1751206989,1751206989);
INSERT INTO church_gatherings VALUES(632,188,'7:00 PM Wednesday','Fusion Youth',1751206989,1751206989);
INSERT INTO church_gatherings VALUES(633,189,'2:00 PM Sunday','Riverdale',1751206989,1751206989);
INSERT INTO church_gatherings VALUES(634,190,'9:45 AM Sunday','Infants, Toddlers, PreK',1751206989,1751206989);
INSERT INTO church_gatherings VALUES(635,190,'11:15 AM Sunday','Infants, Toddlers, PreK',1751206989,1751206989);
INSERT INTO church_gatherings VALUES(636,190,'7:00 PM Wednesday','Youth Class',1751206989,1751206989);
INSERT INTO church_gatherings VALUES(637,191,'9:45 AM Sunday',NULL,1751206989,1751206989);
INSERT INTO church_gatherings VALUES(638,191,'11:15 AM Sunday',NULL,1751206989,1751206989);
INSERT INTO church_gatherings VALUES(639,191,'7:00 PM Wednesday','Youth',1751206989,1751206989);
INSERT INTO church_gatherings VALUES(644,194,'4 PM Sunday',NULL,1751206989,1751206989);
INSERT INTO church_gatherings VALUES(645,195,'10 AM Sunday',NULL,1751207361,1751207361);
INSERT INTO church_gatherings VALUES(646,196,'10:00 AM Wednesday','Connect Groups',1751207361,1751207361);
INSERT INTO church_gatherings VALUES(647,196,'11:00 AM Sunday','Worship',1751207361,1751207361);
INSERT INTO church_gatherings VALUES(648,197,'10:00 AM Sunday',NULL,1751207361,1751207361);
INSERT INTO church_gatherings VALUES(649,197,'6:30 PM Wednesday',NULL,1751207361,1751207361);
INSERT INTO church_gatherings VALUES(650,198,'9:30 AM Sunday','Fellowship',1751207361,1751207361);
INSERT INTO church_gatherings VALUES(651,198,'10:00 AM Sunday','Service',1751207361,1751207361);
INSERT INTO church_gatherings VALUES(654,202,'9:45 AM','Sunday School',1751207361,1751207361);
INSERT INTO church_gatherings VALUES(655,202,'10:45 AM','Morning service',1751207361,1751207361);
INSERT INTO church_gatherings VALUES(656,202,'5:30 PM','Evening service',1751207361,1751207361);
INSERT INTO church_gatherings VALUES(657,202,'7:00 PM Wednesday','Bible study',1751207361,1751207361);
INSERT INTO church_gatherings VALUES(658,203,'10:45 AM',NULL,1751207657,1751207657);
INSERT INTO church_gatherings VALUES(659,204,'10 AM Sunday','Traditional',1751207687,1751207687);
INSERT INTO church_gatherings VALUES(660,204,'11 AM Sunday','Contemporary',1751207687,1751207687);
INSERT INTO church_gatherings VALUES(661,204,'6:30 PM Wednesday','Bible study',1751207687,1751207687);
INSERT INTO church_gatherings VALUES(667,207,'2 PM Sunday',NULL,1751207687,1751207687);
INSERT INTO church_gatherings VALUES(668,208,'9:15 AM Sunday','Sunday School',1751207961,1751207961);
INSERT INTO church_gatherings VALUES(669,208,'10:50 AM Sunday','Worship Service',1751207961,1751207961);
INSERT INTO church_gatherings VALUES(670,210,'9 AM Sunday','Traditional',1751207993,1751207993);
INSERT INTO church_gatherings VALUES(671,210,'11 AM Sunday','Contemporary',1751207993,1751207993);
INSERT INTO church_gatherings VALUES(672,211,'8:30 AM',NULL,1751208131,1751208131);
INSERT INTO church_gatherings VALUES(673,211,'10:30 AM',NULL,1751208131,1751208131);
INSERT INTO church_gatherings VALUES(674,212,'10 AM Sunday','Traditional',1751208131,1751208131);
INSERT INTO church_gatherings VALUES(675,213,'10 AM Sunday',NULL,1751208131,1751208131);
INSERT INTO church_gatherings VALUES(676,213,'7 PM Wednesday','Wednesday study',1751208131,1751208131);
INSERT INTO church_gatherings VALUES(677,214,'10:00 AM Sunday','Children''s Ministry, Nursery, Youth',1751208249,1751208249);
INSERT INTO church_gatherings VALUES(678,214,'6:30 PM Wednesday','Bible Study',1751208249,1751208249);
INSERT INTO church_gatherings VALUES(679,215,'10 AM Sunday',NULL,1751208277,1751208277);
INSERT INTO church_gatherings VALUES(680,216,'9 AM Sunday','Adult Sunday School',1751208302,1751208302);
INSERT INTO church_gatherings VALUES(681,216,'10:30 AM Sunday','Prayer',1751208302,1751208302);
INSERT INTO church_gatherings VALUES(682,216,'11 AM Sunday','Main worship',1751208302,1751208302);
INSERT INTO church_gatherings VALUES(683,216,'5:30 PM Monday','Woman''s book study',1751208302,1751208302);
INSERT INTO church_gatherings VALUES(684,216,'6 PM Tuesday','Men''s Bible study',1751208302,1751208302);
INSERT INTO church_gatherings VALUES(685,216,'6:30 PM Wednesday','Youth devo',1751208302,1751208302);
INSERT INTO church_gatherings VALUES(686,216,'7 PM Friday','Youth refuge',1751208302,1751208302);
INSERT INTO church_gatherings VALUES(687,218,'10:30 AM Sunday',NULL,1751208302,1751208302);
INSERT INTO church_gatherings VALUES(689,220,'9 AM Sunday','Children''s ministry',1751208359,1751208359);
INSERT INTO church_gatherings VALUES(690,220,'10:45 AM Sunday',NULL,1751208359,1751208359);
INSERT INTO church_gatherings VALUES(691,221,'9 AM Sunday',NULL,1751208374,1751208374);
INSERT INTO church_gatherings VALUES(692,221,'11 AM Sunday',NULL,1751208374,1751208374);
INSERT INTO church_gatherings VALUES(693,221,'7 PM Wednesday',NULL,1751208374,1751208374);
INSERT INTO church_gatherings VALUES(698,222,'9 AM Sunday',NULL,1751208413,1751208413);
INSERT INTO church_gatherings VALUES(699,222,'11 AM Sunday',NULL,1751208413,1751208413);
INSERT INTO church_gatherings VALUES(700,222,'1 PM Sunday',NULL,1751208413,1751208413);
INSERT INTO church_gatherings VALUES(701,222,'6:30 PM Wednesday','Bible study',1751208413,1751208413);
INSERT INTO church_gatherings VALUES(702,223,'9:00 AM Sunday','Spanish worship',1751208413,1751208413);
INSERT INTO church_gatherings VALUES(703,223,'10:30 AM Sunday','Worship service',1751208413,1751208413);
INSERT INTO church_gatherings VALUES(704,223,'1:00 PM Wednesday','Mom''s Bible study',1751208413,1751208413);
INSERT INTO church_gatherings VALUES(713,226,'5 PM Sunday',NULL,1751208413,1751208413);
INSERT INTO church_gatherings VALUES(714,227,'9:15 AM Sunday',NULL,1751208413,1751208413);
INSERT INTO church_gatherings VALUES(715,227,'11:00 AM Sunday',NULL,1751208413,1751208413);
INSERT INTO church_gatherings VALUES(716,228,'10 AM Sunday','Bible study',1751208413,1751208413);
INSERT INTO church_gatherings VALUES(717,228,'11 AM Sunday','Morning worship',1751208413,1751208413);
INSERT INTO church_gatherings VALUES(718,229,'9 AM Sunday',NULL,1751208413,1751208413);
INSERT INTO church_gatherings VALUES(719,229,'10:30 AM Sunday',NULL,1751208413,1751208413);
INSERT INTO church_gatherings VALUES(720,229,'12 PM Sunday',NULL,1751208413,1751208413);
INSERT INTO church_gatherings VALUES(721,229,'7 PM Friday','CP Hispano',1751208413,1751208413);
INSERT INTO church_gatherings VALUES(723,233,'9 AM Sunday',NULL,1751208413,1751208413);
INSERT INTO church_gatherings VALUES(724,234,'10:30 AM',NULL,1751208413,1751208413);
INSERT INTO church_gatherings VALUES(725,235,'11 AM Sunday',NULL,1751208413,1751208413);
INSERT INTO church_gatherings VALUES(726,236,'10 AM Sunday','Main Service',1751208413,1751208413);
INSERT INTO church_gatherings VALUES(727,236,'1:30 PM Sunday','Spanish Service',1751208413,1751208413);
INSERT INTO church_gatherings VALUES(728,236,'6:30 PM Wednesday','Youth',1751208413,1751208413);
INSERT INTO church_gatherings VALUES(729,236,'7:00 PM Tuesday','Spanish',1751208413,1751208413);
INSERT INTO church_gatherings VALUES(730,237,'10 AM Sunday','Youth Group and Adult Sunday School',1751208413,1751208413);
INSERT INTO church_gatherings VALUES(731,237,'11 AM Sunday','Worship Service',1751208413,1751208413);
INSERT INTO church_gatherings VALUES(732,237,'7 PM Wednesday','Midweek Services',1751208413,1751208413);
INSERT INTO church_gatherings VALUES(733,238,'10 AM Sunday','Traditional',1751208413,1751208413);
INSERT INTO church_gatherings VALUES(735,240,'9 AM Sunday','Sunday School',1751208413,1751208413);
INSERT INTO church_gatherings VALUES(736,240,'10 AM Sunday','Worship Service',1751208413,1751208413);
INSERT INTO church_gatherings VALUES(737,240,'3:55 PM Thursday','Bible Study',1751208413,1751208413);
INSERT INTO church_gatherings VALUES(738,241,'10:00 AM Sunday','Refreshments',1751208413,1751208413);
INSERT INTO church_gatherings VALUES(739,241,'10:30 AM Sunday','Worship Service',1751208413,1751208413);
INSERT INTO church_gatherings VALUES(740,242,'11 AM',NULL,1751208413,1751208413);
INSERT INTO church_gatherings VALUES(745,245,'10:30 AM Sunday',NULL,1751211862,1751211862);
INSERT INTO church_gatherings VALUES(746,246,'9:45 AM Sunday','Sunday School',1751211862,1751211862);
INSERT INTO church_gatherings VALUES(747,246,'10:00 AM Tuesday','Walking with grace',1751211862,1751211862);
INSERT INTO church_gatherings VALUES(748,246,'11:00 AM Sunday','Main service',1751211862,1751211862);
INSERT INTO church_gatherings VALUES(749,246,'6:30 PM Wednesday','Wednesday night service',1751211862,1751211862);
INSERT INTO church_gatherings VALUES(750,247,'10:00 AM Sunday','Worship Service',1751211862,1751211862);
INSERT INTO church_gatherings VALUES(751,247,'6:30 PM Tuesday','Youth Group',1751211862,1751211862);
INSERT INTO church_gatherings VALUES(752,247,'6:30 PM Wednesday','Fellowship Groups',1751211862,1751211862);
INSERT INTO church_gatherings VALUES(753,247,'6:30 PM Thursday','Fellowship Groups',1751211862,1751211862);
INSERT INTO church_gatherings VALUES(754,248,'10 AM Sunday',NULL,1751211862,1751211862);
INSERT INTO church_gatherings VALUES(756,251,'10 AM Sunday',NULL,1751211862,1751211862);
INSERT INTO church_gatherings VALUES(757,252,'10:30 AM',NULL,1751211862,1751211862);
INSERT INTO church_gatherings VALUES(761,254,'11 AM',NULL,1751211862,1751211862);
INSERT INTO church_gatherings VALUES(762,256,'10 AM',NULL,1751211862,1751211862);
INSERT INTO church_gatherings VALUES(764,258,'10:30 AM Sunday',NULL,1751211862,1751211862);
INSERT INTO church_gatherings VALUES(766,260,'9:30 AM Sunday',NULL,1751212914,1751212914);
INSERT INTO church_gatherings VALUES(767,260,'11:30 AM Sunday',NULL,1751212914,1751212914);
INSERT INTO church_gatherings VALUES(768,261,'9 AM Sunday',NULL,1751212914,1751212914);
INSERT INTO church_gatherings VALUES(769,261,'11 AM Sunday',NULL,1751212914,1751212914);
INSERT INTO church_gatherings VALUES(770,261,'1:30 PM Sunday','Spanish',1751212914,1751212914);
INSERT INTO church_gatherings VALUES(771,261,'6:30 PM Wednesday',NULL,1751212914,1751212914);
INSERT INTO church_gatherings VALUES(779,263,'10 AM Sunday',NULL,1751212914,1751212914);
INSERT INTO church_gatherings VALUES(780,200,'10:30 AM',NULL,1751226821,1751226821);
INSERT INTO church_gatherings VALUES(781,249,'10:30 AM Sunday',NULL,1751226955,1751226955);
INSERT INTO church_gatherings VALUES(782,322,'8:00 AM Monthly','Men''s Breakfast/Bible Study',1751227219,1751227219);
INSERT INTO church_gatherings VALUES(783,322,'9:15 AM Sunday','Adult Bible Study',1751227219,1751227219);
INSERT INTO church_gatherings VALUES(784,322,'10:30 AM Sunday',NULL,1751227219,1751227219);
INSERT INTO church_gatherings VALUES(788,341,'9:00 AM Saturday','Estudio bíblico damas',1751227552,1751227552);
INSERT INTO church_gatherings VALUES(789,341,'9:00 AM Wednesday','MomCo',1751227552,1751227552);
INSERT INTO church_gatherings VALUES(790,341,'10:45 AM Sunday','Traducción Simultanea',1751227552,1751227552);
INSERT INTO church_gatherings VALUES(791,341,'6:30 PM Wednesday','Estudio bíblico',1751227552,1751227552);
INSERT INTO church_gatherings VALUES(792,341,'6:30 PM Sunday','Estudio bíblico',1751227552,1751227552);
INSERT INTO church_gatherings VALUES(807,268,'10 AM',NULL,1751227704,1751227704);
INSERT INTO church_gatherings VALUES(808,269,'10:00 AM Sunday','Sunday School',1751227704,1751227704);
INSERT INTO church_gatherings VALUES(809,269,'11:15 AM Sunday','Worship Service',1751227704,1751227704);
INSERT INTO church_gatherings VALUES(810,269,'7:00 PM Thursday','Prayer Meeting',1751227704,1751227704);
INSERT INTO church_gatherings VALUES(811,267,'10:30 AM',NULL,1751227704,1751227704);
INSERT INTO church_gatherings VALUES(812,270,'10 AM Sunday','Sunday School',1751227704,1751227704);
INSERT INTO church_gatherings VALUES(813,270,'11 AM Sunday','Sunday Worship',1751227704,1751227704);
INSERT INTO church_gatherings VALUES(814,271,'9:30 AM Sunday','Sunday School',1751227704,1751227704);
INSERT INTO church_gatherings VALUES(815,271,'10:30 AM Sunday','Worship Service',1751227704,1751227704);
INSERT INTO church_gatherings VALUES(816,271,'6:00 PM Sunday','Youth Group',1751227704,1751227704);
INSERT INTO church_gatherings VALUES(817,271,'6:30 PM Wednesday','Awana',1751227704,1751227704);
INSERT INTO church_gatherings VALUES(819,273,'11 AM',NULL,1751227704,1751227704);
INSERT INTO church_gatherings VALUES(822,276,'10 AM Sunday','Sunday School',1751228287,1751228287);
INSERT INTO church_gatherings VALUES(823,276,'11 AM Sunday','Sunday Worship',1751228287,1751228287);
INSERT INTO church_gatherings VALUES(828,278,'9:30 AM Sunday','Sunday School',1751228287,1751228287);
INSERT INTO church_gatherings VALUES(829,278,'10:45 AM Sunday','Morning Worship',1751228287,1751228287);
INSERT INTO church_gatherings VALUES(830,278,'6:30 PM Wednesday','Bible study',1751228287,1751228287);
INSERT INTO church_gatherings VALUES(835,283,'10:30 AM',NULL,1751228287,1751228287);
INSERT INTO church_gatherings VALUES(844,287,'9 AM',NULL,1751228287,1751228287);
INSERT INTO church_gatherings VALUES(845,287,'11 AM',NULL,1751228287,1751228287);
INSERT INTO church_gatherings VALUES(846,287,'12 PM Wednesday','Prayer meeting',1751228287,1751228287);
INSERT INTO church_gatherings VALUES(847,288,'10:00 AM Sunday',NULL,1751229012,1751229012);
INSERT INTO church_gatherings VALUES(848,288,'6:00 PM Thursday','Family meal',1751229012,1751229012);
INSERT INTO church_gatherings VALUES(849,288,'7:00 PM Thursday','Classes meet',1751229012,1751229012);
INSERT INTO church_gatherings VALUES(850,289,'9 AM',NULL,1751229012,1751229012);
INSERT INTO church_gatherings VALUES(851,290,'8 AM Sunday','Traditional Service',1751229104,1751229104);
INSERT INTO church_gatherings VALUES(852,290,'9:30 AM Sunday','Praise and Worship',1751229104,1751229104);
INSERT INTO church_gatherings VALUES(853,290,'11 AM Sunday','Come as you are',1751229104,1751229104);
INSERT INTO church_gatherings VALUES(863,295,'9:45 AM Sunday','Sunday School',1751229572,1751229572);
INSERT INTO church_gatherings VALUES(864,295,'11:00 AM Sunday','Morning Service',1751229572,1751229572);
INSERT INTO church_gatherings VALUES(865,295,'6:00 PM Sunday','Evening Service',1751229572,1751229572);
INSERT INTO church_gatherings VALUES(866,295,'7:00 PM Wednesday','Prayer Meeting',1751229572,1751229572);
INSERT INTO church_gatherings VALUES(867,296,'10 AM Sunday','Sunday School',1751229572,1751229572);
INSERT INTO church_gatherings VALUES(868,296,'11 AM Sunday','Worship service',1751229572,1751229572);
INSERT INTO church_gatherings VALUES(869,296,'2 PM Sunday','Calvary Campus',1751229572,1751229572);
INSERT INTO church_gatherings VALUES(870,296,'7 PM Wednesday','Prayer',1751229572,1751229572);
INSERT INTO church_gatherings VALUES(871,297,'10:00 AM Sunday','Sunday School',1751229572,1751229572);
INSERT INTO church_gatherings VALUES(872,297,'11:00 AM Sunday','Worship Service',1751229572,1751229572);
INSERT INTO church_gatherings VALUES(873,297,'6:00 PM Sunday','Evening Service',1751229572,1751229572);
INSERT INTO church_gatherings VALUES(874,298,'9 AM Sunday','Breakfast Bible Study',1751229572,1751229572);
INSERT INTO church_gatherings VALUES(875,298,'10 AM Sunday','Sunday School',1751229572,1751229572);
INSERT INTO church_gatherings VALUES(876,298,'11 AM Sunday','Worship Service',1751229572,1751229572);
INSERT INTO church_gatherings VALUES(877,298,'6 PM Wednesday',NULL,1751229572,1751229572);
INSERT INTO church_gatherings VALUES(878,299,'10 AM Sunday','Sunday School',1751229572,1751229572);
INSERT INTO church_gatherings VALUES(879,299,'11 AM Sunday','Morning Worship',1751229572,1751229572);
INSERT INTO church_gatherings VALUES(880,299,'2:30 PM Sunday','Servicio en Español',1751229572,1751229572);
INSERT INTO church_gatherings VALUES(881,299,'6 PM Sunday','Evening Service',1751229572,1751229572);
INSERT INTO church_gatherings VALUES(882,299,'7 PM Wednesday','Bible Study',1751229572,1751229572);
INSERT INTO church_gatherings VALUES(883,299,'7 PM Thursday','Español',1751229572,1751229572);
INSERT INTO church_gatherings VALUES(884,300,'10:00 AM Sunday','Worship Service',1751229572,1751229572);
INSERT INTO church_gatherings VALUES(885,300,'7:00 PM Wednesday','Bible Study / Theology Lectures',1751229572,1751229572);
INSERT INTO church_gatherings VALUES(886,301,'11 AM',NULL,1751229572,1751229572);
INSERT INTO church_gatherings VALUES(887,302,'10 AM Sunday',NULL,1751229572,1751229572);
INSERT INTO church_gatherings VALUES(888,302,'7 PM Wednesday',NULL,1751229572,1751229572);
INSERT INTO church_gatherings VALUES(889,303,'9 AM Sunday',NULL,1751229572,1751229572);
INSERT INTO church_gatherings VALUES(890,303,'10:30 AM Sunday',NULL,1751229572,1751229572);
INSERT INTO church_gatherings VALUES(892,305,'10:30 AM Sunday','Worship Service',1751229572,1751229572);
INSERT INTO church_gatherings VALUES(893,305,'6 PM Wednesday','Bible study',1751229572,1751229572);
INSERT INTO church_gatherings VALUES(894,306,'10 AM Sunday','Worship service',1751229572,1751229572);
INSERT INTO church_gatherings VALUES(895,306,'11 AM Sunday','Children''s ministry',1751229572,1751229572);
INSERT INTO church_gatherings VALUES(896,306,'6 PM Sunday','Evening service',1751229572,1751229572);
INSERT INTO church_gatherings VALUES(897,306,'7 PM Wednesday','Bible study',1751229572,1751229572);
INSERT INTO church_gatherings VALUES(898,307,'10:30 AM Sunday','Nursery',1751229572,1751229572);
INSERT INTO church_gatherings VALUES(899,308,'11 AM',NULL,1751229572,1751229572);
INSERT INTO church_gatherings VALUES(900,309,'9:30 AM Sunday',NULL,1751229572,1751229572);
INSERT INTO church_gatherings VALUES(901,310,'3:30 PM Sunday',NULL,1751229572,1751229572);
INSERT INTO church_gatherings VALUES(902,311,'10:00 AM Sunday','Morning Service',1751229572,1751229572);
INSERT INTO church_gatherings VALUES(903,311,'7:00 PM Sunday','Evening Prayer',1751229572,1751229572);
INSERT INTO church_gatherings VALUES(904,311,'7:00 PM Wednesday','Celebrate Recovery',1751229572,1751229572);
INSERT INTO church_gatherings VALUES(905,312,'9 AM Sunday',NULL,1751229572,1751229572);
INSERT INTO church_gatherings VALUES(906,312,'10:45 AM Sunday',NULL,1751229572,1751229572);
INSERT INTO church_gatherings VALUES(908,314,'11 AM',NULL,1751229572,1751229572);
INSERT INTO church_gatherings VALUES(909,316,'10 AM Sunday','Sunday School',1751229572,1751229572);
INSERT INTO church_gatherings VALUES(910,316,'11 AM Sunday','Morning Service',1751229572,1751229572);
INSERT INTO church_gatherings VALUES(911,316,'6 PM Sunday','Evening Service',1751229572,1751229572);
INSERT INTO church_gatherings VALUES(912,316,'7 PM Wednesday','Bible Study',1751229572,1751229572);
INSERT INTO church_gatherings VALUES(913,317,'11 AM',NULL,1751229572,1751229572);
INSERT INTO church_gatherings VALUES(914,318,'10:30 AM',NULL,1751229572,1751229572);
INSERT INTO church_gatherings VALUES(915,319,'9 AM Sunday',NULL,1751229572,1751229572);
INSERT INTO church_gatherings VALUES(916,319,'10 AM Saturday','1st Saturday',1751229572,1751229572);
INSERT INTO church_gatherings VALUES(917,319,'11 AM Sunday',NULL,1751229572,1751229572);
INSERT INTO church_gatherings VALUES(918,319,'6 PM Sunday','2nd & 4th Sundays',1751229572,1751229572);
INSERT INTO church_gatherings VALUES(919,319,'6:30 PM Wednesday','worship and prayer',1751229572,1751229572);
INSERT INTO church_gatherings VALUES(920,320,'2:00 PM Sunday',NULL,1751229572,1751229572);
INSERT INTO church_gatherings VALUES(921,320,'6:30 PM Wednesday',NULL,1751229572,1751229572);
INSERT INTO church_gatherings VALUES(922,321,'10 AM Sunday',NULL,1751229572,1751229572);
INSERT INTO church_gatherings VALUES(923,323,'9 AM Sunday','Holy Communion',1751229572,1751229572);
INSERT INTO church_gatherings VALUES(924,323,'10:15 AM Sunday','Bible Study',1751229572,1751229572);
INSERT INTO church_gatherings VALUES(941,313,'10 AM Sunday',NULL,1751242424,1751242424);
INSERT INTO church_gatherings VALUES(942,324,'9:30 AM Sunday','Bible study',1751242424,1751242424);
INSERT INTO church_gatherings VALUES(943,324,'10:30 AM Sunday','Morning Worship',1751242424,1751242424);
INSERT INTO church_gatherings VALUES(944,324,'7:00 PM Wednesday','Bible study and Prayer',1751242424,1751242424);
INSERT INTO church_gatherings VALUES(947,326,'9:30 AM Sunday','Sunday School',1751242424,1751242424);
INSERT INTO church_gatherings VALUES(948,326,'10:30 AM Sunday','Divine Service',1751242424,1751242424);
INSERT INTO church_gatherings VALUES(949,326,'7:00 PM Wednesday','Midweek Service',1751242424,1751242424);
INSERT INTO church_gatherings VALUES(951,328,'10 AM Sunday','Bible study',1751242424,1751242424);
INSERT INTO church_gatherings VALUES(952,328,'11 AM Sunday','Worship',1751242424,1751242424);
INSERT INTO church_gatherings VALUES(953,328,'3 PM Wednesday','Ladies Bible study',1751242424,1751242424);
INSERT INTO church_gatherings VALUES(965,476,'10 AM',NULL,1751249314,1751249314);
INSERT INTO church_gatherings VALUES(970,435,'8:30 AM Sunday',NULL,1751249314,1751249314);
INSERT INTO church_gatherings VALUES(971,435,'10:00 AM Sunday',NULL,1751249314,1751249314);
INSERT INTO church_gatherings VALUES(972,435,'11:30 AM Sunday',NULL,1751249314,1751249314);
INSERT INTO church_gatherings VALUES(973,435,'6:30 PM Wednesday',NULL,1751249314,1751249314);
INSERT INTO church_gatherings VALUES(974,445,'9:15 AM Sunday',NULL,1751249314,1751249314);
INSERT INTO church_gatherings VALUES(975,445,'11 AM Sunday',NULL,1751249314,1751249314);
INSERT INTO church_gatherings VALUES(976,445,'6:30 PM Thursday','Youth service',1751249314,1751249314);
INSERT INTO church_gatherings VALUES(984,333,'11:15 AM Sunday',NULL,1751250106,1751250106);
INSERT INTO church_gatherings VALUES(985,334,'10:30 AM Sunday','Worship Service',1751250106,1751250106);
INSERT INTO church_gatherings VALUES(986,334,'6:30 PM Tuesday','Bible Study',1751250106,1751250106);
INSERT INTO church_gatherings VALUES(987,383,'10 AM Sunday',NULL,1751250106,1751250106);
INSERT INTO church_gatherings VALUES(988,335,'9 AM Sunday',NULL,1751250106,1751250106);
INSERT INTO church_gatherings VALUES(989,335,'10:30 AM Sunday','Sunday School',1751250106,1751250106);
INSERT INTO church_gatherings VALUES(990,335,'11:30 AM Sunday',NULL,1751250106,1751250106);
INSERT INTO church_gatherings VALUES(993,336,'10:00 AM Sunday',NULL,1751250529,1751250529);
INSERT INTO church_gatherings VALUES(994,337,'9:00 AM Friday','Men''s Group',1751250529,1751250529);
INSERT INTO church_gatherings VALUES(995,337,'10:00 AM Sunday','Worship Service',1751250529,1751250529);
INSERT INTO church_gatherings VALUES(996,337,'10:30 AM Wednesday','Ladies Group',1751250529,1751250529);
INSERT INTO church_gatherings VALUES(997,337,'6:00 PM Sunday','Youth Group',1751250529,1751250529);
INSERT INTO church_gatherings VALUES(998,338,'5:00 PM Saturday',NULL,1751250529,1751250529);
INSERT INTO church_gatherings VALUES(999,339,'9:30 AM Sunday','Sunday School',1751250529,1751250529);
INSERT INTO church_gatherings VALUES(1000,339,'11:00 AM Sunday','Morning Worship',1751250529,1751250529);
INSERT INTO church_gatherings VALUES(1001,340,'10:00 AM Sunday',NULL,1751250845,1751250845);
INSERT INTO church_gatherings VALUES(1002,411,'10 AM',NULL,1751250845,1751250845);
INSERT INTO church_gatherings VALUES(1003,368,'10 AM Sunday',NULL,1751250845,1751250845);
INSERT INTO church_gatherings VALUES(1004,402,'10 AM',NULL,1751250845,1751250845);
INSERT INTO church_gatherings VALUES(1005,403,'10:30 AM',NULL,1751250845,1751250845);
INSERT INTO church_gatherings VALUES(1008,541,'10 AM Sunday',NULL,1751251376,1751251376);
INSERT INTO church_gatherings VALUES(1009,342,'10:30 AM Sunday',NULL,1751251849,1751251849);
INSERT INTO church_gatherings VALUES(1010,342,'6:00 PM Wednesday','Youth Bible study',1751251849,1751251849);
INSERT INTO church_gatherings VALUES(1011,342,'6:30 PM Wednesday','Adult Bible study',1751251849,1751251849);
INSERT INTO church_gatherings VALUES(1012,343,'10:00 AM Sunday',NULL,1751251849,1751251849);
INSERT INTO church_gatherings VALUES(1013,344,'9:30 AM',NULL,1751251849,1751251849);
INSERT INTO church_gatherings VALUES(1014,344,'11 AM',NULL,1751251849,1751251849);
INSERT INTO church_gatherings VALUES(1017,347,'10:45 AM',NULL,1751251849,1751251849);
INSERT INTO church_gatherings VALUES(1018,352,'9:30 AM Sunday',NULL,1751251849,1751251849);
INSERT INTO church_gatherings VALUES(1019,352,'11:00 AM Sunday',NULL,1751251849,1751251849);
INSERT INTO church_gatherings VALUES(1020,352,'1:00 PM Sunday','Español',1751251849,1751251849);
INSERT INTO church_gatherings VALUES(1027,356,'11:45 AM',NULL,1751252396,1751252396);
INSERT INTO church_gatherings VALUES(1028,357,'10 AM',NULL,1751252396,1751252396);
INSERT INTO church_gatherings VALUES(1029,359,'10:30 AM Sunday',NULL,1751252396,1751252396);
INSERT INTO church_gatherings VALUES(1030,360,'10 AM Sunday','Worship & Teaching',1751252396,1751252396);
INSERT INTO church_gatherings VALUES(1031,361,'10 AM Sunday','Worship Service',1751252396,1751252396);
INSERT INTO church_gatherings VALUES(1032,361,'11:15 AM Sunday','Adult Bible Study',1751252396,1751252396);
INSERT INTO church_gatherings VALUES(1033,361,'6 PM Sunday','Evening Service',1751252396,1751252396);
INSERT INTO church_gatherings VALUES(1034,361,'7 PM Wednesday','Prayer Meeting',1751252396,1751252396);
INSERT INTO church_gatherings VALUES(1035,362,'6 PM',NULL,1751252396,1751252396);
INSERT INTO church_gatherings VALUES(1036,363,'9:30 AM Sunday','Sunday School',1751252396,1751252396);
INSERT INTO church_gatherings VALUES(1037,363,'10:30 AM Sunday','Worship service',1751252396,1751252396);
INSERT INTO church_gatherings VALUES(1038,364,'10 AM Sunday','Bible classes',1751252396,1751252396);
INSERT INTO church_gatherings VALUES(1039,364,'11 AM Sunday','Morning Service',1751252396,1751252396);
INSERT INTO church_gatherings VALUES(1040,364,'6:30 PM Sunday','Evening Service',1751252396,1751252396);
INSERT INTO church_gatherings VALUES(1041,364,'7 PM Wednesday','Mid-week service',1751252396,1751252396);
INSERT INTO church_gatherings VALUES(1042,366,'10 AM Sunday','Sunday School',1751252396,1751252396);
INSERT INTO church_gatherings VALUES(1043,366,'11 AM Sunday','Corporate worship',1751252396,1751252396);
INSERT INTO church_gatherings VALUES(1044,366,'6:30 PM Thursday','Teen Group',1751252396,1751252396);
INSERT INTO church_gatherings VALUES(1045,366,'7 PM Thursday','Men''s Bible Study',1751252396,1751252396);
INSERT INTO church_gatherings VALUES(1046,369,'9 AM Sunday','Worship Center',1751252396,1751252396);
INSERT INTO church_gatherings VALUES(1047,369,'10:45 AM Sunday','Worship Center',1751252396,1751252396);
INSERT INTO church_gatherings VALUES(1048,370,'10:00 AM Sunday',NULL,1751252396,1751252396);
INSERT INTO church_gatherings VALUES(1049,371,'10 AM',NULL,1751252396,1751252396);
INSERT INTO church_gatherings VALUES(1050,372,'10 AM Sunday','Sunday School',1751252396,1751252396);
INSERT INTO church_gatherings VALUES(1051,372,'11 AM Sunday','Morning Service',1751252396,1751252396);
INSERT INTO church_gatherings VALUES(1052,372,'6 PM Sunday','Evening Service',1751252396,1751252396);
INSERT INTO church_gatherings VALUES(1053,372,'7 PM Wednesday','Bible Study & Prayer',1751252396,1751252396);
INSERT INTO church_gatherings VALUES(1054,373,'10:30 AM Sunday','Fellowship Time',1751252396,1751252396);
INSERT INTO church_gatherings VALUES(1055,373,'11:00 AM Sunday','Morning Worship',1751252396,1751252396);
INSERT INTO church_gatherings VALUES(1056,373,'7:00 PM Wednesday','Prayer Meeting',1751252396,1751252396);
INSERT INTO church_gatherings VALUES(1059,376,'8:00 AM Saturday','Bible study',1751252396,1751252396);
INSERT INTO church_gatherings VALUES(1060,376,'10:30 AM Sunday','Morning service',1751252396,1751252396);
INSERT INTO church_gatherings VALUES(1061,376,'12:00 PM Sunday','Fellowship lunch',1751252396,1751252396);
INSERT INTO church_gatherings VALUES(1062,377,'9:30 AM Sunday',NULL,1751252396,1751252396);
INSERT INTO church_gatherings VALUES(1063,377,'11 AM Sunday',NULL,1751252396,1751252396);
INSERT INTO church_gatherings VALUES(1064,378,'10:30 AM Sunday','Bible Study',1751252396,1751252396);
INSERT INTO church_gatherings VALUES(1065,378,'11:00 AM Sunday','Worship Service',1751252396,1751252396);
INSERT INTO church_gatherings VALUES(1066,379,'4 PM Sunday',NULL,1751252396,1751252396);
INSERT INTO church_gatherings VALUES(1067,380,'10:30 AM Sunday','Bible Study',1751252396,1751252396);
INSERT INTO church_gatherings VALUES(1068,380,'11:00 AM Sunday','Worship Service',1751252396,1751252396);
INSERT INTO church_gatherings VALUES(1069,382,'9:30 AM Sunday','Bible study',1751252396,1751252396);
INSERT INTO church_gatherings VALUES(1070,382,'10:30 AM Sunday','Worship service',1751252396,1751252396);
INSERT INTO church_gatherings VALUES(1071,384,'10 AM',NULL,1751252396,1751252396);
INSERT INTO church_gatherings VALUES(1072,385,'10 AM Sunday',NULL,1751252396,1751252396);
INSERT INTO church_gatherings VALUES(1073,385,'12 PM Sunday','Spanish',1751252396,1751252396);
INSERT INTO church_gatherings VALUES(1075,387,'9:35 AM Sunday',NULL,1751252396,1751252396);
INSERT INTO church_gatherings VALUES(1076,387,'12:35 PM Thursday','Bible study',1751252396,1751252396);
INSERT INTO church_gatherings VALUES(1077,354,'10:30 AM',NULL,1751252396,1751252396);
INSERT INTO church_gatherings VALUES(1078,388,'8 AM Saturday','Ladies Bible study',1751252396,1751252396);
INSERT INTO church_gatherings VALUES(1079,388,'9 AM Sunday',NULL,1751252396,1751252396);
INSERT INTO church_gatherings VALUES(1080,388,'10 AM Wednesday','Ladies Bible study',1751252396,1751252396);
INSERT INTO church_gatherings VALUES(1081,388,'10:30 AM Sunday',NULL,1751252396,1751252396);
INSERT INTO church_gatherings VALUES(1082,388,'6:30 PM Wednesday','Bible study',1751252396,1751252396);
INSERT INTO church_gatherings VALUES(1083,389,'9:30 AM Sunday','Sunday School',1751252396,1751252396);
INSERT INTO church_gatherings VALUES(1084,389,'11:00 AM Sunday','Sunday Worship',1751252396,1751252396);
INSERT INTO church_gatherings VALUES(1085,389,'11:00 AM Saturday','Youth Meeting',1751252396,1751252396);
INSERT INTO church_gatherings VALUES(1086,390,'9 AM Sunday','Bible study',1751252396,1751252396);
INSERT INTO church_gatherings VALUES(1087,390,'10:30 AM Sunday',NULL,1751252396,1751252396);
INSERT INTO church_gatherings VALUES(1088,390,'6 PM Sunday','Evening service',1751252396,1751252396);
INSERT INTO church_gatherings VALUES(1089,390,'7 PM Wednesday','Bible study',1751252396,1751252396);
INSERT INTO church_gatherings VALUES(1090,391,'9 AM Sunday','Kids ministry',1751252396,1751252396);
INSERT INTO church_gatherings VALUES(1091,391,'10:30 AM Sunday','Kids ministry',1751252396,1751252396);
INSERT INTO church_gatherings VALUES(1092,392,'10:00 AM Sunday',NULL,1751252396,1751252396);
INSERT INTO church_gatherings VALUES(1098,395,'9 AM Sunday','Worship',1751253443,1751253443);
INSERT INTO church_gatherings VALUES(1099,395,'11 AM Sunday','Worship',1751253443,1751253443);
INSERT INTO church_gatherings VALUES(1100,395,'7 PM Wednesday','Bible study',1751253443,1751253443);
INSERT INTO church_gatherings VALUES(1101,396,'9:30 AM Sunday',NULL,1751253443,1751253443);
INSERT INTO church_gatherings VALUES(1102,396,'11:15 AM Sunday','Sunday Class',1751253443,1751253443);
INSERT INTO church_gatherings VALUES(1103,397,'11:00 AM Sunday',NULL,1751253443,1751253443);
INSERT INTO church_gatherings VALUES(1104,397,'6:30 PM Sunday',NULL,1751253443,1751253443);
INSERT INTO church_gatherings VALUES(1105,397,'7:30 PM Wednesday','Prayer',1751253443,1751253443);
INSERT INTO church_gatherings VALUES(1110,400,'9:30 AM Sunday','Divine service',1751253443,1751253443);
INSERT INTO church_gatherings VALUES(1111,400,'11:00 AM Sunday','Bible study',1751253443,1751253443);
INSERT INTO church_gatherings VALUES(1119,406,'10 AM',NULL,1751253443,1751253443);
INSERT INTO church_gatherings VALUES(1120,407,'10:30 AM Sunday',NULL,1751253443,1751253443);
INSERT INTO church_gatherings VALUES(1121,408,'8:30 AM and 10:30 AM',NULL,1751253443,1751253443);
INSERT INTO church_gatherings VALUES(1122,409,'10 AM Sunday','Sunday School',1751253443,1751253443);
INSERT INTO church_gatherings VALUES(1123,409,'11 AM Sunday','Sunday Service',1751253443,1751253443);
INSERT INTO church_gatherings VALUES(1124,409,'6 PM Thursday','Bible Study',1751253443,1751253443);
INSERT INTO church_gatherings VALUES(1126,412,'9 AM Sunday','Sunday School',1751253443,1751253443);
INSERT INTO church_gatherings VALUES(1127,412,'10:15 AM Sunday','Service',1751253443,1751253443);
INSERT INTO church_gatherings VALUES(1128,412,'7 PM Thursday','Youth Group',1751253443,1751253443);
INSERT INTO church_gatherings VALUES(1129,413,'9:15 AM Sunday','Sunday School',1751253443,1751253443);
INSERT INTO church_gatherings VALUES(1130,413,'10:15 AM Sunday','Morning service',1751253443,1751253443);
INSERT INTO church_gatherings VALUES(1133,415,'10:30 AM',NULL,1751254102,1751254102);
INSERT INTO church_gatherings VALUES(1136,417,'10:30 AM Sunday',NULL,1751254102,1751254102);
INSERT INTO church_gatherings VALUES(1137,418,'4 PM Sunday','Evening prayer',1751254102,1751254102);
INSERT INTO church_gatherings VALUES(1138,418,'10 AM',NULL,1751254102,1751254102);
INSERT INTO church_gatherings VALUES(1139,419,'10 AM',NULL,1751254102,1751254102);
INSERT INTO church_gatherings VALUES(1141,421,'11 AM Sunday',NULL,1751254102,1751254102);
INSERT INTO church_gatherings VALUES(1142,421,'7 PM Wednesday','Ministry',1751254102,1751254102);
INSERT INTO church_gatherings VALUES(1143,422,'10:30 AM Sunday',NULL,1751254102,1751254102);
INSERT INTO church_gatherings VALUES(1148,424,'9:30 AM Sunday',NULL,1751254102,1751254102);
INSERT INTO church_gatherings VALUES(1149,425,'10:30 AM Sunday',NULL,1751254102,1751254102);
INSERT INTO church_gatherings VALUES(1150,426,'10 AM Sunday',NULL,1751254102,1751254102);
INSERT INTO church_gatherings VALUES(1151,427,'11 AM',NULL,1751254102,1751254102);
INSERT INTO church_gatherings VALUES(1153,429,'11 AM Sunday','Morning Service',1751254102,1751254102);
INSERT INTO church_gatherings VALUES(1154,429,'7 PM Wednesday','Adult Bible Study',1751254102,1751254102);
INSERT INTO church_gatherings VALUES(1155,430,'9:15 AM Sunday','Prayer',1751254102,1751254102);
INSERT INTO church_gatherings VALUES(1156,430,'10 AM Sunday',NULL,1751254102,1751254102);
INSERT INTO church_gatherings VALUES(1157,430,'1:12 PM Sunday','Youth',1751254102,1751254102);
INSERT INTO church_gatherings VALUES(1158,430,'6:30 PM Tuesday','Kids',1751254102,1751254102);
INSERT INTO church_gatherings VALUES(1159,431,'9 AM Sunday',NULL,1751254102,1751254102);
INSERT INTO church_gatherings VALUES(1160,431,'11 AM Sunday',NULL,1751254102,1751254102);
INSERT INTO church_gatherings VALUES(1172,436,'8:30 AM Sunday',NULL,1751254102,1751254102);
INSERT INTO church_gatherings VALUES(1173,437,'9:15 AM Sunday','Groups',1751254102,1751254102);
INSERT INTO church_gatherings VALUES(1174,437,'10:30 AM Sunday','Worship Services',1751254102,1751254102);
INSERT INTO church_gatherings VALUES(1175,438,'11 AM',NULL,1751254102,1751254102);
INSERT INTO church_gatherings VALUES(1176,439,'10 AM Sunday','Sunday School',1751254102,1751254102);
INSERT INTO church_gatherings VALUES(1177,439,'11 AM Sunday','Worship',1751254102,1751254102);
INSERT INTO church_gatherings VALUES(1178,440,'10 AM',NULL,1751254102,1751254102);
INSERT INTO church_gatherings VALUES(1179,441,'9:30 AM Wednesday','Devotional',1751254102,1751254102);
INSERT INTO church_gatherings VALUES(1180,441,'10 AM Sunday',NULL,1751254102,1751254102);
INSERT INTO church_gatherings VALUES(1181,442,'10 AM Sunday','Worship Service',1751254102,1751254102);
INSERT INTO church_gatherings VALUES(1182,442,'7 PM Wednesday','Victory Youth Group',1751254102,1751254102);
INSERT INTO church_gatherings VALUES(1183,443,'9:15 AM Sunday','Sunday School',1751254102,1751254102);
INSERT INTO church_gatherings VALUES(1184,443,'10:50 AM Sunday','Worship Service',1751254102,1751254102);
INSERT INTO church_gatherings VALUES(1185,444,'10 AM Sunday',NULL,1751254102,1751254102);
INSERT INTO church_gatherings VALUES(1186,444,'7 PM Wednesday','Midweek service',1751254102,1751254102);
INSERT INTO church_gatherings VALUES(1187,446,'10 AM Sunday',NULL,1751254102,1751254102);
INSERT INTO church_gatherings VALUES(1188,446,'11 AM Sunday','Children''s ministry',1751254102,1751254102);
INSERT INTO church_gatherings VALUES(1189,446,'7 PM Wednesday','Bible study',1751254102,1751254102);
INSERT INTO church_gatherings VALUES(1191,448,'10:30 AM Sunday','Worship Experience',1751254102,1751254102);
INSERT INTO church_gatherings VALUES(1192,448,'7 PM Wednesday','GPLife',1751254102,1751254102);
INSERT INTO church_gatherings VALUES(1193,449,'10:30 AM Sunday',NULL,1751254927,1751254927);
INSERT INTO church_gatherings VALUES(1195,451,'10:30 AM Sunday',NULL,1751254981,1751254981);
INSERT INTO church_gatherings VALUES(1199,453,'11 AM',NULL,1751254981,1751254981);
INSERT INTO church_gatherings VALUES(1200,454,'11 AM',NULL,1751254981,1751254981);
INSERT INTO church_gatherings VALUES(1201,455,'11 AM Sunday',NULL,1751254981,1751254981);
INSERT INTO church_gatherings VALUES(1202,455,'6:30 PM Sunday',NULL,1751254981,1751254981);
INSERT INTO church_gatherings VALUES(1203,455,'7:30 PM Wednesday',NULL,1751254981,1751254981);
INSERT INTO church_gatherings VALUES(1204,456,'9:30 AM Sunday',NULL,1751254981,1751254981);
INSERT INTO church_gatherings VALUES(1205,456,'11:15 AM Sunday',NULL,1751254981,1751254981);
INSERT INTO church_gatherings VALUES(1206,456,'6:00 PM Saturday',NULL,1751254981,1751254981);
INSERT INTO church_gatherings VALUES(1207,457,'9:30 AM Sunday','Sunday School',1751254981,1751254981);
INSERT INTO church_gatherings VALUES(1208,457,'10:30 AM Sunday','Morning worship',1751254981,1751254981);
INSERT INTO church_gatherings VALUES(1209,457,'6:00 PM Sunday','Evening worship',1751254981,1751254981);
INSERT INTO church_gatherings VALUES(1210,457,'7:00 PM Wednesday','Evening worship',1751254981,1751254981);
INSERT INTO church_gatherings VALUES(1211,458,'10:30 AM Sunday',NULL,1751254981,1751254981);
INSERT INTO church_gatherings VALUES(1216,460,'8:30 AM Sunday',NULL,1751254981,1751254981);
INSERT INTO church_gatherings VALUES(1217,460,'10:00 AM Sunday',NULL,1751254981,1751254981);
INSERT INTO church_gatherings VALUES(1218,461,'11 AM Sunday',NULL,1751254981,1751254981);
INSERT INTO church_gatherings VALUES(1219,463,'8:45 AM Sunday','Bible Study',1751254981,1751254981);
INSERT INTO church_gatherings VALUES(1220,463,'10 AM Sunday','Worship',1751254981,1751254981);
INSERT INTO church_gatherings VALUES(1221,464,'9 AM Sunday',NULL,1751254981,1751254981);
INSERT INTO church_gatherings VALUES(1222,464,'10:30 AM Sunday','Bible class',1751254981,1751254981);
INSERT INTO church_gatherings VALUES(1223,465,'8:30 AM Sunday','Family Service',1751254981,1751254981);
INSERT INTO church_gatherings VALUES(1224,465,'10:00 AM Sunday',NULL,1751254981,1751254981);
INSERT INTO church_gatherings VALUES(1225,465,'11:30 AM Sunday',NULL,1751254981,1751254981);
INSERT INTO church_gatherings VALUES(1226,466,'9 AM Sunday','Education class',1751254981,1751254981);
INSERT INTO church_gatherings VALUES(1227,466,'9 AM Saturday','Men''s Group',1751254981,1751254981);
INSERT INTO church_gatherings VALUES(1228,466,'10:30 AM Sunday',NULL,1751254981,1751254981);
INSERT INTO church_gatherings VALUES(1229,466,'10:30 AM Saturday','Women''s Group',1751254981,1751254981);
INSERT INTO church_gatherings VALUES(1230,466,'5:30 PM Wednesday','House Church',1751254981,1751254981);
INSERT INTO church_gatherings VALUES(1232,468,'10:45 AM',NULL,1751254981,1751254981);
INSERT INTO church_gatherings VALUES(1233,470,'10 AM Sunday','Educational Hour',1751254981,1751254981);
INSERT INTO church_gatherings VALUES(1234,470,'11 AM Sunday','Worship Service',1751254981,1751254981);
INSERT INTO church_gatherings VALUES(1236,472,'10 AM','Worship Service',1751254981,1751254981);
INSERT INTO church_gatherings VALUES(1238,474,'9 AM Sunday',NULL,1751254981,1751254981);
INSERT INTO church_gatherings VALUES(1239,474,'10:30 AM Sunday',NULL,1751254981,1751254981);
INSERT INTO church_gatherings VALUES(1240,475,'10 AM Sunday',NULL,1751254981,1751254981);
INSERT INTO church_gatherings VALUES(1241,477,'8 AM Sunday',NULL,1751254981,1751254981);
INSERT INTO church_gatherings VALUES(1242,477,'9:30 AM Sunday',NULL,1751254981,1751254981);
INSERT INTO church_gatherings VALUES(1243,477,'11 AM Sunday',NULL,1751254981,1751254981);
INSERT INTO church_gatherings VALUES(1244,478,'10 AM Sunday','Morning Worship',1751254981,1751254981);
INSERT INTO church_gatherings VALUES(1245,478,'6 PM Sunday','Bible Study',1751254981,1751254981);
INSERT INTO church_gatherings VALUES(1246,478,'7 PM Wednesday','Truth Trackers',1751254981,1751254981);
INSERT INTO church_gatherings VALUES(1247,479,'9 AM Sunday','Worship',1751254981,1751254981);
INSERT INTO church_gatherings VALUES(1248,479,'11 AM Sunday','Worship',1751254981,1751254981);
INSERT INTO church_gatherings VALUES(1249,479,'7 PM Wednesday','Bible study',1751254981,1751254981);
INSERT INTO church_gatherings VALUES(1250,274,'9:45 AM Sunday','Sunday School',1751254981,1751254981);
INSERT INTO church_gatherings VALUES(1251,274,'11:00 AM Sunday','Morning Service',1751254981,1751254981);
INSERT INTO church_gatherings VALUES(1252,274,'6:00 PM Sunday','Evening Service',1751254981,1751254981);
INSERT INTO church_gatherings VALUES(1253,274,'7:00 PM Wednesday','Evening Service',1751254981,1751254981);
INSERT INTO church_gatherings VALUES(1255,480,'10 AM Sunday',NULL,1751254981,1751254981);
INSERT INTO church_gatherings VALUES(1256,480,'11 AM Sunday',NULL,1751254981,1751254981);
INSERT INTO church_gatherings VALUES(1257,480,'6 PM Sunday',NULL,1751254981,1751254981);
INSERT INTO church_gatherings VALUES(1258,480,'7 PM Wednesday',NULL,1751254981,1751254981);
INSERT INTO church_gatherings VALUES(1259,217,'9:30 AM Sunday',NULL,1751254981,1751254981);
INSERT INTO church_gatherings VALUES(1260,217,'11:30 AM Sunday',NULL,1751254981,1751254981);
INSERT INTO church_gatherings VALUES(1261,217,'2 PM Sunday','Servicio Español',1751254981,1751254981);
INSERT INTO church_gatherings VALUES(1262,217,'7 PM Wednesday',NULL,1751254981,1751254981);
INSERT INTO church_gatherings VALUES(1265,484,'9:00 AM Sunday','Adult study',1751254981,1751254981);
INSERT INTO church_gatherings VALUES(1266,484,'10:30 AM Sunday',NULL,1751254981,1751254981);
INSERT INTO church_gatherings VALUES(1267,485,'8:00 AM Monday','Morning Prayer',1751254981,1751254981);
INSERT INTO church_gatherings VALUES(1268,485,'8:00 AM Tuesday','Morning Prayer',1751254981,1751254981);
INSERT INTO church_gatherings VALUES(1269,485,'8:00 AM Wednesday','Morning Prayer',1751254981,1751254981);
INSERT INTO church_gatherings VALUES(1270,485,'8:00 AM Thursday','Morning Prayer',1751254981,1751254981);
INSERT INTO church_gatherings VALUES(1271,485,'8:00 AM Friday','Morning Prayer',1751254981,1751254981);
INSERT INTO church_gatherings VALUES(1272,485,'9:00 AM Wednesday','Contemplative prayer',1751254981,1751254981);
INSERT INTO church_gatherings VALUES(1273,485,'9:15 AM Sunday','Formation',1751254981,1751254981);
INSERT INTO church_gatherings VALUES(1274,485,'10:00 AM Wednesday','Theological reflection',1751254981,1751254981);
INSERT INTO church_gatherings VALUES(1275,485,'10:30 AM Sunday','Holy Eucharist',1751254981,1751254981);
INSERT INTO church_gatherings VALUES(1276,485,'10:30 AM Tuesday','Bible study',1751254981,1751254981);
INSERT INTO church_gatherings VALUES(1277,485,'12:10 PM Tuesday','Holy Eucharist',1751254981,1751254981);
INSERT INTO church_gatherings VALUES(1278,485,'12:10 PM Thursday','Holy Eucharist',1751254981,1751254981);
INSERT INTO church_gatherings VALUES(1279,485,'12:10 PM Friday','Holy Eucharist',1751254981,1751254981);
INSERT INTO church_gatherings VALUES(1280,485,'2:00 PM Friday','Psalming singing',1751254981,1751254981);
INSERT INTO church_gatherings VALUES(1281,485,'5:00 PM Sunday','Evening Prayer',1751254981,1751254981);
INSERT INTO church_gatherings VALUES(1282,485,'7:00 PM Wednesday','Contemplative prayer',1751254981,1751254981);
INSERT INTO church_gatherings VALUES(1283,209,'9:30 AM Sunday','Sunday School',1751254981,1751254981);
INSERT INTO church_gatherings VALUES(1284,209,'11 AM Sunday','Worship service',1751254981,1751254981);
INSERT INTO church_gatherings VALUES(1288,481,'9 AM Sunday',NULL,1751254981,1751254981);
INSERT INTO church_gatherings VALUES(1289,481,'10 AM Sunday',NULL,1751254981,1751254981);
INSERT INTO church_gatherings VALUES(1290,481,'11 AM Sunday',NULL,1751254981,1751254981);
INSERT INTO church_gatherings VALUES(1293,462,'9 AM Sunday','Morning',1751254981,1751254981);
INSERT INTO church_gatherings VALUES(1294,462,'11 AM Sunday','Morning',1751254981,1751254981);
INSERT INTO church_gatherings VALUES(1295,462,'7 PM Wednesday','Evening',1751254981,1751254981);
INSERT INTO church_gatherings VALUES(1298,230,'10 AM',NULL,1751254981,1751254981);
INSERT INTO church_gatherings VALUES(1299,483,'10:30 AM Sunday','Worship',1751254981,1751254981);
INSERT INTO church_gatherings VALUES(1300,486,'9:30 AM Sunday',NULL,1751254981,1751254981);
INSERT INTO church_gatherings VALUES(1301,487,'6 AM Tuesday','Prayer meeting',1751254981,1751254981);
INSERT INTO church_gatherings VALUES(1302,487,'6 AM Wednesday','Prayer meeting',1751254981,1751254981);
INSERT INTO church_gatherings VALUES(1303,487,'10 AM Sunday','Worship Service',1751254981,1751254981);
INSERT INTO church_gatherings VALUES(1304,487,'11:15 AM Sunday','Connections Class',1751254981,1751254981);
INSERT INTO church_gatherings VALUES(1305,315,'10 AM Sunday',NULL,1751254981,1751254981);
INSERT INTO church_gatherings VALUES(1307,416,'9:15 AM Sunday','Bible Study',1751266852,1751266852);
INSERT INTO church_gatherings VALUES(1308,416,'10:30 AM Sunday','Worship',1751266852,1751266852);
INSERT INTO church_gatherings VALUES(1322,265,'7:30 AM Saturday','Men''s prayer breakfast',0,0);
INSERT INTO church_gatherings VALUES(1323,265,'9:30 AM Saturday','Congregational meeting',0,0);
INSERT INTO church_gatherings VALUES(1324,265,'10:30 AM Sunday','Worship service',0,0);
INSERT INTO church_gatherings VALUES(1325,259,'11 AM Sunday',NULL,0,0);
INSERT INTO church_gatherings VALUES(1326,346,'11 AM',NULL,0,0);
INSERT INTO church_gatherings VALUES(1328,192,'11 AM',NULL,1751717281,1751717281);
INSERT INTO church_gatherings VALUES(1329,201,'10 AM Sunday','Worship Service',0,0);
INSERT INTO church_gatherings VALUES(1330,201,'10 AM Thursday','Women''s Bible Study',0,0);
INSERT INTO church_gatherings VALUES(1331,262,'7 AM Tuesday','Men’s Fellowship',0,0);
INSERT INTO church_gatherings VALUES(1332,262,'9:30 AM Sunday','Adult Sunday School',0,0);
INSERT INTO church_gatherings VALUES(1333,262,'10 AM Tuesday','Homeschoolers Bible Classes',0,0);
INSERT INTO church_gatherings VALUES(1334,262,'10:45 AM Sunday','Worship',0,0);
INSERT INTO church_gatherings VALUES(1335,262,'11:30 AM Tuesday','Homeschoolers Bible Classes',0,0);
INSERT INTO church_gatherings VALUES(1336,262,'1:30 PM Thursday','Women’s Bible Study',0,0);
INSERT INTO church_gatherings VALUES(1337,262,'6 PM Wednesday','Adult Bible Study',0,0);
INSERT INTO church_gatherings VALUES(1341,434,'9:45 AM Sunday',NULL,2025-07-06 14:40:31,2025-07-06 14:40:31);
INSERT INTO church_gatherings VALUES(1342,434,'11:15 AM Sunday',NULL,2025-07-06 14:40:31,2025-07-06 14:40:31);
INSERT INTO church_gatherings VALUES(1343,434,'7:00 PM Tuesday','Middle school',2025-07-06 14:40:31,2025-07-06 14:40:31);
INSERT INTO church_gatherings VALUES(1356,206,'10 AM Sunday','Traditional',2025-07-06 14:55:00,2025-07-06 14:55:00);
INSERT INTO church_gatherings VALUES(1357,206,'11 AM Sunday','Contemporary',2025-07-06 14:55:00,2025-07-06 14:55:00);
INSERT INTO church_gatherings VALUES(1358,206,'6 PM Sunday','Evening service',2025-07-06 14:55:00,2025-07-06 14:55:00);
INSERT INTO church_gatherings VALUES(1359,206,'7 PM Wednesday','Bible study',2025-07-06 14:55:00,2025-07-06 14:55:00);
INSERT INTO church_gatherings VALUES(1360,345,'10:30 AM Sunday',NULL,2025-07-06 14:56:34,2025-07-06 14:56:34);
INSERT INTO church_gatherings VALUES(1361,374,'9 AM Sunday','Bible study',2025-07-06 14:56:50,2025-07-06 14:56:50);
INSERT INTO church_gatherings VALUES(1362,374,'10:30 AM Sunday',NULL,2025-07-06 14:56:50,2025-07-06 14:56:50);
INSERT INTO church_gatherings VALUES(1363,386,'10:30 AM Sunday',NULL,2025-07-06 14:57:01,2025-07-06 14:57:01);
INSERT INTO church_gatherings VALUES(1364,272,'11 AM',NULL,2025-07-06 14:57:25,2025-07-06 14:57:25);
INSERT INTO church_gatherings VALUES(1365,414,'10 AM Sunday',NULL,2025-07-06 14:57:49,2025-07-06 14:57:49);
INSERT INTO church_gatherings VALUES(1366,414,'6:30 PM Wednesday','Bible study',2025-07-06 14:57:49,2025-07-06 14:57:49);
INSERT INTO church_gatherings VALUES(1367,471,'11 AM',NULL,2025-07-06 14:58:04,2025-07-06 14:58:04);
INSERT INTO church_gatherings VALUES(1368,224,'9:00 AM Tuesday','Ladies Coffee Club',2025-07-06 14:58:13,2025-07-06 14:58:13);
INSERT INTO church_gatherings VALUES(1369,224,'10 AM Sunday','Life Time',2025-07-06 14:58:13,2025-07-06 14:58:13);
INSERT INTO church_gatherings VALUES(1370,224,'11 AM Sunday','Family Worship',2025-07-06 14:58:13,2025-07-06 14:58:13);
INSERT INTO church_gatherings VALUES(1371,224,'6:30 PM Monday','Recovery Bible study',2025-07-06 14:58:13,2025-07-06 14:58:13);
INSERT INTO church_gatherings VALUES(1372,224,'6:30 PM Thursday','Bible study',2025-07-06 14:58:13,2025-07-06 14:58:13);
INSERT INTO church_gatherings VALUES(1373,398,'9 AM Sunday',NULL,2025-07-06 14:59:00,2025-07-06 14:59:00);
INSERT INTO church_gatherings VALUES(1374,398,'10:30 AM Sunday',NULL,2025-07-06 14:59:00,2025-07-06 14:59:00);
INSERT INTO church_gatherings VALUES(1375,398,'6 PM Sunday','Bible study',2025-07-06 14:59:00,2025-07-06 14:59:00);
INSERT INTO church_gatherings VALUES(1376,398,'7 PM Wednesday','Midweek service',2025-07-06 14:59:00,2025-07-06 14:59:00);
INSERT INTO church_gatherings VALUES(1378,225,'9:45 AM Sunday','Bible study',2025-07-06 14:59:27,2025-07-06 14:59:27);
INSERT INTO church_gatherings VALUES(1379,225,'11:00 AM Sunday','Contemporary',2025-07-06 14:59:27,2025-07-06 14:59:27);
INSERT INTO church_gatherings VALUES(1380,225,'7:00 PM Wednesday','Service',2025-07-06 14:59:27,2025-07-06 14:59:27);
INSERT INTO church_gatherings VALUES(1381,239,'10:45 AM Sunday','Worship Service',2025-07-06 14:59:43,2025-07-06 14:59:43);
INSERT INTO church_gatherings VALUES(1382,253,'9:30 AM Sunday','Discipleship Class',2025-07-06 15:00:02,2025-07-06 15:00:02);
INSERT INTO church_gatherings VALUES(1383,253,'10:30 AM Sunday','Corporate Worship',2025-07-06 15:00:02,2025-07-06 15:00:02);
INSERT INTO church_gatherings VALUES(1384,257,'10:30 AM Sunday',NULL,2025-07-06 15:00:12,2025-07-06 15:00:12);
INSERT INTO church_gatherings VALUES(1385,325,'9:30 AM Sunday',NULL,2025-07-06 15:01:06,2025-07-06 15:01:06);
INSERT INTO church_gatherings VALUES(1386,325,'11:00 AM Sunday',NULL,2025-07-06 15:01:06,2025-07-06 15:01:06);
INSERT INTO church_gatherings VALUES(1387,327,'10:30 AM Sunday',NULL,2025-07-06 15:01:26,2025-07-06 15:01:26);
INSERT INTO church_gatherings VALUES(1388,329,'3:00 PM Sunday','Serie Dominical',2025-07-06 15:01:56,2025-07-06 15:01:56);
INSERT INTO church_gatherings VALUES(1389,329,'7:00 PM Sunday',NULL,2025-07-06 15:01:56,2025-07-06 15:01:56);
INSERT INTO church_gatherings VALUES(1391,331,'12:30 PM Domingo','Culto de Adoracion',2025-07-06 21:14:54,2025-07-06 21:14:54);
INSERT INTO church_gatherings VALUES(1392,331,'7:00 PM Miercoles','Oracion',2025-07-06 21:14:54,2025-07-06 21:14:54);
INSERT INTO church_gatherings VALUES(1394,394,'10:10 AM Sunday',NULL,2025-07-06 21:15:33,2025-07-06 21:15:33);
INSERT INTO church_gatherings VALUES(1395,401,'11 AM Sunday',NULL,2025-07-06 21:15:51,2025-07-06 21:15:51);
INSERT INTO church_gatherings VALUES(1396,410,'10:30 AM',NULL,2025-07-06 21:17:24,2025-07-06 21:17:24);
INSERT INTO church_gatherings VALUES(1397,420,'10:30 AM Sunday',NULL,2025-07-06 21:17:37,2025-07-06 21:17:37);
INSERT INTO church_gatherings VALUES(1398,452,'9 AM Sunday',NULL,2025-07-06 21:17:47,2025-07-06 21:17:47);
INSERT INTO church_gatherings VALUES(1399,452,'11:15 AM Sunday',NULL,2025-07-06 21:17:47,2025-07-06 21:17:47);
INSERT INTO church_gatherings VALUES(1400,452,'7 PM Wednesday',NULL,2025-07-06 21:17:47,2025-07-06 21:17:47);
INSERT INTO church_gatherings VALUES(1401,467,'10:45 AM Sunday','Worship service',2025-07-06 21:18:08,2025-07-06 21:18:08);
INSERT INTO church_gatherings VALUES(1402,473,'10:30 AM Sunday',NULL,2025-07-06 21:18:19,2025-07-06 21:18:19);
INSERT INTO church_gatherings VALUES(1403,284,'7 AM Wednesday','Men''s Breakfast',2025-07-06 21:18:32,2025-07-06 21:18:32);
INSERT INTO church_gatherings VALUES(1404,284,'9:45 AM Sunday','Sunday School',2025-07-06 21:18:32,2025-07-06 21:18:32);
INSERT INTO church_gatherings VALUES(1405,284,'11 AM Sunday','Morning Worship',2025-07-06 21:18:32,2025-07-06 21:18:32);
INSERT INTO church_gatherings VALUES(1406,284,'6:30 PM Wednesday','Prayer Service',2025-07-06 21:18:32,2025-07-06 21:18:32);
INSERT INTO church_gatherings VALUES(1407,284,'7:00 PM Wednesday','Youth Group',2025-07-06 21:18:32,2025-07-06 21:18:32);
INSERT INTO church_gatherings VALUES(1408,277,'11 AM',NULL,2025-07-06 21:18:45,2025-07-06 21:18:45);
INSERT INTO church_gatherings VALUES(1409,355,'9:45 AM Sunday','Sunday School',2025-07-06 21:19:10,2025-07-06 21:19:10);
INSERT INTO church_gatherings VALUES(1410,355,'10 AM Saturday','Prayer Gathering',2025-07-06 21:19:10,2025-07-06 21:19:10);
INSERT INTO church_gatherings VALUES(1411,355,'11 AM Sunday','Worship Service',2025-07-06 21:19:10,2025-07-06 21:19:10);
INSERT INTO church_gatherings VALUES(1412,355,'6 PM Wednesday','Bible study',2025-07-06 21:19:10,2025-07-06 21:19:10);
INSERT INTO church_gatherings VALUES(1413,355,'7 PM Wednesday','Prayer',2025-07-06 21:19:10,2025-07-06 21:19:10);
INSERT INTO church_gatherings VALUES(1414,282,'9:30 AM Sunday','Sunday School',2025-07-06 21:19:21,2025-07-06 21:19:21);
INSERT INTO church_gatherings VALUES(1415,232,'3 PM Sunday',NULL,2025-07-06 21:20:48,2025-07-06 21:20:48);
INSERT INTO church_gatherings VALUES(1416,279,'10:30 AM',NULL,2025-07-06 21:20:59,2025-07-06 21:20:59);
INSERT INTO church_gatherings VALUES(1417,280,'10:00 AM Sunday',NULL,2025-07-06 21:21:13,2025-07-06 21:21:13);
INSERT INTO church_gatherings VALUES(1418,304,'10:30 AM Sunday',NULL,2025-07-06 21:21:27,2025-07-06 21:21:27);
INSERT INTO church_gatherings VALUES(1419,330,'1 PM',NULL,2025-07-06 21:21:47,2025-07-06 21:21:47);
INSERT INTO church_gatherings VALUES(1420,405,'8:00 AM Sunday',NULL,2025-07-06 21:22:40,2025-07-06 21:22:40);
INSERT INTO church_gatherings VALUES(1421,405,'9:45 AM Sunday',NULL,2025-07-06 21:22:40,2025-07-06 21:22:40);
INSERT INTO church_gatherings VALUES(1422,405,'11:30 AM Sunday',NULL,2025-07-06 21:22:40,2025-07-06 21:22:40);
INSERT INTO church_gatherings VALUES(1423,285,'9:45 AM Sunday','Bible studies',2025-07-06 21:22:56,2025-07-06 21:22:56);
INSERT INTO church_gatherings VALUES(1424,285,'11:00 AM Sunday','Worship service',2025-07-06 21:22:56,2025-07-06 21:22:56);
INSERT INTO church_gatherings VALUES(1425,285,'6:30 PM Wednesday','Bible study',2025-07-06 21:22:56,2025-07-06 21:22:56);
INSERT INTO church_gatherings VALUES(1426,231,'4:30 PM',NULL,2025-07-06 21:23:37,2025-07-06 21:23:37);
INSERT INTO church_gatherings VALUES(1428,432,'8:30 AM Sunday',NULL,2025-07-06 21:25:04,2025-07-06 21:25:04);
INSERT INTO church_gatherings VALUES(1429,432,'10:00 AM Sunday',NULL,2025-07-06 21:25:04,2025-07-06 21:25:04);
INSERT INTO church_gatherings VALUES(1430,432,'11:30 AM Sunday',NULL,2025-07-06 21:25:04,2025-07-06 21:25:04);
INSERT INTO church_gatherings VALUES(1431,432,'4:30 PM Sunday','High School',2025-07-06 21:25:04,2025-07-06 21:25:04);
INSERT INTO church_gatherings VALUES(1432,432,'6:30 PM Wednesday','Mid-week',2025-07-06 21:25:04,2025-07-06 21:25:04);
INSERT INTO church_gatherings VALUES(1433,375,'11 AM Sunday',NULL,2025-07-06 21:26:31,2025-07-06 21:26:31);
INSERT INTO church_gatherings VALUES(1434,375,'5:30 PM Wednesday','Bible study',2025-07-06 21:26:31,2025-07-06 21:26:31);
INSERT INTO church_gatherings VALUES(1435,375,'6 PM Saturday','Spanish service',2025-07-06 21:26:31,2025-07-06 21:26:31);
INSERT INTO church_gatherings VALUES(1436,404,'8:45 AM Sunday',NULL,2025-07-06 21:26:50,2025-07-06 21:26:50);
INSERT INTO church_gatherings VALUES(1437,404,'10:00 AM Sunday',NULL,2025-07-06 21:26:50,2025-07-06 21:26:50);
INSERT INTO church_gatherings VALUES(1438,404,'11:15 AM Sunday',NULL,2025-07-06 21:26:50,2025-07-06 21:26:50);
INSERT INTO church_gatherings VALUES(1439,423,'9 AM Sunday',NULL,2025-07-06 21:28:18,2025-07-06 21:28:18);
INSERT INTO church_gatherings VALUES(1440,423,'10 AM Sunday','Sunday School',2025-07-06 21:28:18,2025-07-06 21:28:18);
INSERT INTO church_gatherings VALUES(1441,423,'11 AM Sunday',NULL,2025-07-06 21:28:18,2025-07-06 21:28:18);
INSERT INTO church_gatherings VALUES(1442,423,'6 PM Wednesday','Prayer and Bible Study',2025-07-06 21:28:18,2025-07-06 21:28:18);
INSERT INTO church_gatherings VALUES(1443,428,'10:30 AM Sunday',NULL,2025-07-06 21:28:27,2025-07-06 21:28:27);
INSERT INTO church_gatherings VALUES(1444,447,'11 AM Sunday',NULL,2025-07-06 21:28:37,2025-07-06 21:28:37);
INSERT INTO church_gatherings VALUES(1445,433,'9:45 AM Sunday',NULL,2025-07-06 22:09:30,2025-07-06 22:09:30);
INSERT INTO church_gatherings VALUES(1446,433,'11:00 AM Sunday','Elemental',2025-07-06 22:09:30,2025-07-06 22:09:30);
INSERT INTO church_gatherings VALUES(1447,433,'12:30 PM Sunday','Elemental',2025-07-06 22:09:30,2025-07-06 22:09:30);
INSERT INTO church_gatherings VALUES(1448,281,'11 AM',NULL,2025-07-06 22:30:14,2025-07-06 22:30:14);
INSERT INTO church_gatherings VALUES(1450,367,'10 AM',NULL,2025-07-07 02:24:51,2025-07-07 02:24:51);
INSERT INTO church_gatherings VALUES(1453,199,'10:30 AM Sunday',NULL,2025-07-07 03:56:20,2025-07-07 03:56:20);
INSERT INTO church_gatherings VALUES(1457,543,'10 AM Sunday',NULL,2025-07-07 04:49:54,2025-07-07 04:49:54);
INSERT INTO church_gatherings VALUES(1458,488,'10 AM Sunday','Online',2025-07-07 04:52:01,2025-07-07 04:52:01);
INSERT INTO church_gatherings VALUES(1459,489,'10:30 AM Sunday',NULL,2025-07-07 04:57:35,2025-07-07 04:57:35);
INSERT INTO church_gatherings VALUES(1460,490,'9 AM Sunday','Worship',2025-07-07 05:01:59,2025-07-07 05:01:59);
INSERT INTO church_gatherings VALUES(1461,492,'10 AM Sunday',NULL,2025-07-07 05:02:54,2025-07-07 05:02:54);
INSERT INTO church_gatherings VALUES(1462,493,'9 AM Sunday','Bible study',2025-07-07 13:38:38,2025-07-07 13:38:38);
INSERT INTO church_gatherings VALUES(1463,493,'10 AM Sunday','Worship',2025-07-07 13:38:38,2025-07-07 13:38:38);
INSERT INTO church_gatherings VALUES(1465,349,'11 AM',NULL,2025-07-07 14:32:43,2025-07-07 14:32:43);
INSERT INTO church_gatherings VALUES(1468,291,'8:45 AM',NULL,2025-07-07 17:05:46,2025-07-07 17:05:46);
INSERT INTO church_gatherings VALUES(1469,291,'11:15 AM',NULL,2025-07-07 17:05:46,2025-07-07 17:05:46);
INSERT INTO church_gatherings VALUES(1470,293,'9 AM Sunday','Sunday School',2025-07-07 17:06:16,2025-07-07 17:06:16);
INSERT INTO church_gatherings VALUES(1471,293,'10 AM Sunday','Worship gathering',2025-07-07 17:06:16,2025-07-07 17:06:16);
INSERT INTO church_gatherings VALUES(1472,293,'12:30 PM Sunday','Roca de los siglos',2025-07-07 17:06:16,2025-07-07 17:06:16);
INSERT INTO church_gatherings VALUES(1473,293,'4:30 PM Sunday','Divine Grace Urdu',2025-07-07 17:06:16,2025-07-07 17:06:16);
INSERT INTO church_gatherings VALUES(1474,293,'6:30 PM Sunday','Southern Christian Chin',2025-07-07 17:06:16,2025-07-07 17:06:16);
INSERT INTO church_gatherings VALUES(1475,358,'11 AM Sunday','Morning Worship',2025-07-08 16:30:01,2025-07-08 16:30:01);
INSERT INTO church_gatherings VALUES(1476,358,'6:30 PM Sunday','Evening Worship',2025-07-08 16:30:01,2025-07-08 16:30:01);
INSERT INTO church_gatherings VALUES(1477,358,'7:30 PM Wednesday','Night Service',2025-07-08 16:30:01,2025-07-08 16:30:01);
INSERT INTO church_gatherings VALUES(1478,219,'11 AM Sunday',NULL,2025-07-08 19:38:15,2025-07-08 19:38:15);
INSERT INTO church_gatherings VALUES(1479,219,'7 PM Monday','Prayer meeting',2025-07-08 19:38:15,2025-07-08 19:38:15);
INSERT INTO church_gatherings VALUES(1480,219,'6:30 PM Wednesday','Bible study',2025-07-08 19:38:15,2025-07-08 19:38:15);
INSERT INTO church_gatherings VALUES(1483,393,'9:30 AM Sunday','Sunday School',2025-07-09 20:32:31,2025-07-09 20:32:31);
INSERT INTO church_gatherings VALUES(1484,393,'10:45 AM Sunday','Worship Service',2025-07-09 20:32:31,2025-07-09 20:32:31);
INSERT INTO church_gatherings VALUES(1485,393,'7 PM Wednesday','Mid-Week Service',2025-07-09 20:32:31,2025-07-09 20:32:31);
INSERT INTO church_gatherings VALUES(1530,292,'9 AM Sunday',NULL,2025-07-13 04:25:54,2025-07-13 04:25:54);
INSERT INTO church_gatherings VALUES(1531,292,'11:15 AM Sunday',NULL,2025-07-13 04:25:54,2025-07-13 04:25:54);
INSERT INTO church_gatherings VALUES(1549,332,'1:30 PM',NULL,2025-07-13 23:37:23,2025-07-13 23:37:23);
INSERT INTO church_gatherings VALUES(1552,353,'9 AM Sunday',NULL,2025-07-14 03:44:15,2025-07-14 03:44:15);
INSERT INTO church_gatherings VALUES(1553,353,'11 AM Sunday',NULL,2025-07-14 03:44:15,2025-07-14 03:44:15);
INSERT INTO church_gatherings VALUES(1554,450,'10 AM Sunday',NULL,2025-07-14 04:06:39,2025-07-14 04:06:39);
INSERT INTO church_gatherings VALUES(1555,193,'10:00 AM Sunday','Sunday School',2025-07-14 12:29:56,2025-07-14 12:29:56);
INSERT INTO church_gatherings VALUES(1556,193,'11:00 AM Sunday','Morning',2025-07-14 12:29:56,2025-07-14 12:29:56);
INSERT INTO church_gatherings VALUES(1557,193,'6:00 PM Sunday','Evening',2025-07-14 12:29:56,2025-07-14 12:29:56);
INSERT INTO church_gatherings VALUES(1558,193,'7:00 PM Wednesday','Bible teaching',2025-07-14 12:29:56,2025-07-14 12:29:56);
INSERT INTO church_gatherings VALUES(1559,266,'9:30 AM Sunday','Sunday School',2025-07-14 23:41:29,2025-07-14 23:41:29);
INSERT INTO church_gatherings VALUES(1560,266,'10:30 AM Sunday','Morning Worship',2025-07-14 23:41:29,2025-07-14 23:41:29);
INSERT INTO church_gatherings VALUES(1561,266,'12:30 PM Sunday','Spanish service',2025-07-14 23:41:29,2025-07-14 23:41:29);
INSERT INTO church_gatherings VALUES(1562,266,'5:00 PM Sunday','College & Career',2025-07-14 23:41:29,2025-07-14 23:41:29);
INSERT INTO church_gatherings VALUES(1563,266,'6:00 PM Sunday','Family Service',2025-07-14 23:41:29,2025-07-14 23:41:29);
INSERT INTO church_gatherings VALUES(1564,266,'6:50 PM Wednesday','Awana',2025-07-14 23:41:29,2025-07-14 23:41:29);
INSERT INTO church_gatherings VALUES(1565,365,'5 PM',NULL,2025-07-14 23:42:07,2025-07-14 23:42:07);
INSERT INTO church_gatherings VALUES(1566,244,'10 AM Sunday',NULL,2025-07-14 23:43:33,2025-07-14 23:43:33);
CREATE TABLE pages (
  id INTEGER PRIMARY KEY AUTOINCREMENT,
  title TEXT NOT NULL,
  path TEXT NOT NULL UNIQUE,
  content TEXT,
  featured_image_id TEXT,
  featured_image_url TEXT,
  navbar_order INTEGER,
  created_at INTEGER NOT NULL DEFAULT (strftime('%s', 'now')),
  updated_at INTEGER NOT NULL DEFAULT (strftime('%s', 'now'))
);
INSERT INTO pages VALUES(1,'Resources','resources',replace(replace('<!-- Bookstores -->\r\n                <div class="mb-8">\r\n                    <h3 class="text-xl font-semibold text-gray-900 mb-4 border-b border-gray-200 pb-2">\r\n                        Bookstores\r\n                    </h3>\r\n                    <ul class="space-y-2">\r\n                        <li class="border border-gray-200 p-3">\r\n                            <a href="https://www.facebook.com/oasislogan/" target="_blank" class="text-blue-600 hover:text-blue-800 font-medium">Oasis Books</a>\r\n                            <div class="text-gray-600 text-sm">Logan, UT</div>\r\n                        </li>\r\n                        <li class="border border-gray-200 p-3">\r\n                            <a href="https://utahchristianresearchcenter.com/" target="_blank" class="text-blue-600 hover:text-blue-800 font-medium">Utah Christian Research Center</a>\r\n                            <div class="text-gray-600 text-sm">Draper, UT</div>\r\n                        </li>\r\n                    </ul>\r\n                </div>\r\n\r\n                <!-- Conference Centers & Retreats -->\r\n                <div class="mb-8">\r\n                    <h3 class="text-xl font-semibold text-gray-900 mb-4 border-b border-gray-200 pb-2">\r\n                        Conference Centers & Retreats\r\n                    </h3>\r\n                    <ul class="space-y-2">\r\n                        <li class="border border-gray-200 p-3">\r\n                            <a href="https://enbm.org/" target="_blank" class="text-blue-600 hover:text-blue-800 font-medium">Eagle''s Nest Baptist Ministries</a>\r\n                            <div class="text-gray-600 text-sm">Marysvale, UT</div>\r\n                        </li>\r\n                        <li class="border border-gray-200 p-3">\r\n                            <a href="https://www.bigcanyon.org/" target="_blank" class="text-blue-600 hover:text-blue-800 font-medium">Big Canyon Christian Camp and Retreats</a>\r\n                            <div class="text-gray-600 text-sm">Wanship, UT</div>\r\n                        </li>\r\n                        <li class="border border-gray-200 p-3">\r\n                            <a href="https://promisedlandresort.com/" target="_blank" class="text-blue-600 hover:text-blue-800 font-medium">Promised Land Resort</a>\r\n                            <div class="text-gray-600 text-sm">Fruitland, UT</div>\r\n                        </li>\r\n                    </ul>\r\n                </div>\r\n\r\n                <!-- Homeschool Co-ops & Hybrid Programs -->\r\n                <div class="mb-8">\r\n                    <h3 class="text-xl font-semibold text-gray-900 mb-4 border-b border-gray-200 pb-2">\r\n                        Homeschool Co-ops & Hybrid Programs\r\n                    </h3>\r\n                    \r\n                    <ul class="space-y-2 mb-6">\r\n                        <li class="border border-gray-200 p-3">\r\n                            <a href="https://abidechristianacademy.org/" target="_blank" class="text-blue-600 hover:text-blue-800 font-medium">Abide Christian Academy</a>\r\n                            <div class="text-gray-600 text-sm">Hybrid • Sandy, UT</div>\r\n                        </li>\r\n                        <li class="border border-gray-200 p-3">\r\n                            <a href="https://cornerstoneclassicalslc.wordpress.com/" target="_blank" class="text-blue-600 hover:text-blue-800 font-medium">Cornerstone Classical Community</a>\r\n                            <div class="text-gray-600 text-sm">Salt Lake City, UT</div>\r\n                        </li>\r\n                    </ul>\r\n                    \r\n                    <!-- Classical Conversations -->\r\n                    <div class="border border-gray-300 p-4 mb-6">\r\n                        <h4 class="text-lg font-medium text-gray-900 mb-3">\r\n                            <a href="https://classicalconversations.com/community-search/" target="_blank" class="text-blue-600 hover:text-blue-800">Classical Conversations</a>\r\n                        </h4>\r\n                        <ul class="grid grid-cols-2 md:grid-cols-3 lg:grid-cols-4 gap-2 list-none">\r\n                            <li><a href="https://classicalconversations.com/community-search/?cid=xWJz" target="_blank" class="block border border-gray-200 p-2 text-center text-blue-600 hover:text-blue-800 text-sm">Logan</a></li>\r\n                            <li><a href="https://classicalconversations.com/community-search/?cid=1klB" target="_blank" class="block border border-gray-200 p-2 text-center text-blue-600 hover:text-blue-800 text-sm">Provo</a></li>\r\n                            <li><a href="https://classicalconversations.com/community-search/?cid=1keP" target="_blank" class="block border border-gray-200 p-2 text-center text-blue-600 hover:text-blue-800 text-sm">Ogden</a></li>\r\n                            <li><a href="https://classicalconversations.com/community-search/?cid=y4Zl" target="_blank" class="block border border-gray-200 p-2 text-center text-blue-600 hover:text-blue-800 text-sm">Salt Lake City</a></li>\r\n                            <li><a href="https://classicalconversations.com/community-search/?cid=gb7p" target="_blank" class="block border border-gray-200 p-2 text-center text-blue-600 hover:text-blue-800 text-sm">Saint George</a></li>\r\n                            <li><a href="https://classicalconversations.com/community-search/?cid=KDLK" target="_blank" class="block border border-gray-200 p-2 text-center text-blue-600 hover:text-blue-800 text-sm">Sandy</a></li>\r\n                            <li><a href="https://classicalconversations.com/community-search/?cid=0oy6" target="_blank" class="block border border-gray-200 p-2 text-center text-blue-600 hover:text-blue-800 text-sm">Saratoga Springs</a></li>\r\n                            <li><a href="https://classicalconversations.com/community-search/?cid=N4MQ" target="_blank" class="block border border-gray-200 p-2 text-center text-blue-600 hover:text-blue-800 text-sm">South Jordan</a></li>\r\n                            <li><a href="https://classicalconversations.com/community-search/?cid=4y0w" target="_blank" class="block border border-gray-200 p-2 text-center text-blue-600 hover:text-blue-800 text-sm">Summit County</a></li>\r\n                            <li><a href="https://classicalconversations.com/community-search/?cid=YBAq" target="_blank" class="block border border-gray-200 p-2 text-center text-blue-600 hover:text-blue-800 text-sm">Wasatch County</a></li>\r\n                        </ul>\r\n                    </div>\r\n\r\n                    <!-- Other co-ops -->\r\n                    <ul class="space-y-2">\r\n                        <li class="border border-gray-200 p-3">\r\n                            <a href="https://elevationco-op.com/" target="_blank" class="text-blue-600 hover:text-blue-800 font-medium">Elevation Co-op</a>\r\n                            <div class="text-gray-600 text-sm">Clearfield, UT</div>\r\n                        </li>\r\n                        <li class="border border-gray-200 p-3">\r\n                            <a href="https://graceandtruthacademy.com/" target="_blank" class="text-blue-600 hover:text-blue-800 font-medium">Grace and Truth Academy</a>\r\n                            <div class="text-gray-600 text-sm">Hybrid • Draper, UT</div>\r\n                        </li>\r\n                        <li class="border border-gray-200 p-3">\r\n                            <a href="https://www.igniteut.com/" target="_blank" class="text-blue-600 hover:text-blue-800 font-medium">Ignite Bible Based Co-op</a>\r\n                            <div class="text-gray-600 text-sm">Clearfield, UT</div>\r\n                        </li>\r\n                        <li class="border border-gray-200 p-3">\r\n                            <a href="https://www.utch.org/ibcc" target="_blank" class="text-blue-600 hover:text-blue-800 font-medium">Intermountain Baptist Church Co-op</a>\r\n                            <div class="text-gray-600 text-sm">Taylorsville, UT</div>\r\n                        </li>\r\n                        <li class="border border-gray-200 p-3">\r\n                            <a href="https://inspirehomeschoolcoop.com/" target="_blank" class="text-blue-600 hover:text-blue-800 font-medium">Inspire Homeschool Co-Op</a>\r\n                            <div class="text-gray-600 text-sm">Murray, UT</div>\r\n                        </li>\r\n                        <li class="border border-gray-200 p-3">\r\n                            <a href="https://www.rooted-utch.org/" target="_blank" class="text-blue-600 hover:text-blue-800 font-medium">Rooted</a>\r\n                            <div class="text-gray-600 text-sm">Weber County, UT</div>\r\n                        </li>\r\n                        <li class="border border-gray-200 p-3">\r\n                            <a href="https://www.facebook.com/scholeofutah" target="_blank" class="text-blue-600 hover:text-blue-800 font-medium">Scholé of Northern Utah</a>\r\n                            <div class="text-gray-600 text-sm">Layton, UT</div>\r\n                        </li>\r\n                        <li class="border border-gray-200 p-3">\r\n                            <a href="https://www.utch.org/" target="_blank" class="text-blue-600 hover:text-blue-800 font-medium">Utah Christian Homeschool Association</a>\r\n                            <div class="text-gray-600 text-sm">Statewide</div>\r\n                        </li>\r\n                        <li class="border border-gray-200 p-3">\r\n                            <a href="https://www.dwcoop.net/" target="_blank" class="text-blue-600 hover:text-blue-800 font-medium">UTCH Davis-Weber Co-op</a>\r\n                            <div class="text-gray-600 text-sm">Layton, UT</div>\r\n                        </li>\r\n                        <li class="border border-gray-200 p-3">\r\n                            <a href="https://www.wondertutorialslc.com/" target="_blank" class="text-blue-600 hover:text-blue-800 font-medium">Wonder Tutorial</a>\r\n                            <div class="text-gray-600 text-sm">Hybrid • Draper, UT</div>\r\n                        </li>\r\n                    </ul>\r\n                </div>\r\n\r\n                <!-- Overnight Youth Camps -->\r\n                <div class="mb-8">\r\n                    <h3 class="text-xl font-semibold text-gray-900 mb-4 border-b border-gray-200 pb-2">\r\n                        Overnight Youth Camps\r\n                    </h3>\r\n                    <ul class="space-y-2">\r\n                        <li class="border border-gray-200 p-3">\r\n                            <a href="https://utibaca.org/" target="_blank" class="text-blue-600 hover:text-blue-800 font-medium">Camp Utibaca</a>\r\n                            <div class="text-gray-600 text-sm">Ephraim, UT</div>\r\n                        </li>\r\n                        <li class="border border-gray-200 p-3">\r\n                            <a href="http://www.rivervalleybiblechurch.org/ministries/cedar-mountain-retreat" target="_blank" class="text-blue-600 hover:text-blue-800 font-medium">Cedar Mountain Retreat</a>\r\n                            <div class="text-gray-600 text-sm">Cedar City, UT</div>\r\n                        </li>\r\n                        <li class="border border-gray-200 p-3">\r\n                            <a href="https://www.gracehavenbiblecamp.com/" target="_blank" class="text-blue-600 hover:text-blue-800 font-medium">Grace Haven Bible Camp</a>\r\n                            <div class="text-gray-600 text-sm">Fruitland, UT</div>\r\n                        </li>\r\n                        <li class="border border-gray-200 p-3">\r\n                            <a href="https://www.pbcutah.com/" target="_blank" class="text-blue-600 hover:text-blue-800 font-medium">Pioneer Bible Camp</a>\r\n                            <div class="text-gray-600 text-sm">Eden, UT</div>\r\n                        </li>\r\n                    </ul>\r\n                </div>\r\n\r\n                <!-- Pregnancy Support Centers -->\r\n                <div class="mb-8">\r\n                    <h3 class="text-xl font-semibold text-gray-900 mb-4 border-b border-gray-200 pb-2">\r\n                        Pregnancy Support Centers\r\n                    </h3>\r\n                    <ul class="space-y-2">\r\n                        <li class="border border-gray-200 p-3">\r\n                            <a href="https://www.archesnewhope.org/" target="_blank" class="text-blue-600 hover:text-blue-800 font-medium">Arches New Hope Pregnancy Center</a>\r\n                            <div class="text-gray-600 text-sm">Moab, UT</div>\r\n                        </li>\r\n                        <li class="border border-gray-200 p-3">\r\n                            <a href="https://gpcenter.org/" target="_blank" class="text-blue-600 hover:text-blue-800 font-medium">Genesis Pregnancy Center</a>\r\n                            <div class="text-gray-600 text-sm">Price, UT</div>\r\n                        </li>\r\n                        <li class="border border-gray-200 p-3">\r\n                            <a href="https://findinghopeprc.org/" target="_blank" class="text-blue-600 hover:text-blue-800 font-medium">Finding Hope Pregnancy Resource Center</a>\r\n                            <div class="text-gray-600 text-sm">Vernal, UT</div>\r\n                        </li>\r\n                        <li class="border border-gray-200 p-3">\r\n                            <a href="https://www.pccbc.org/" target="_blank" class="text-blue-600 hover:text-blue-800 font-medium">Pregnancy Care Center of Brigham City</a>\r\n                            <div class="text-gray-600 text-sm">Brigham City, UT</div>\r\n                        </li>\r\n                        <li class="border border-gray-200 p-3">\r\n                            <a href="https://www.pregnancymedicalclinic.org/" target="_blank" class="text-blue-600 hover:text-blue-800 font-medium">Pregnancy Medical Clinic</a>\r\n                            <div class="text-gray-600 text-sm">Roy, UT</div>\r\n                        </li>\r\n                        <li class="border border-gray-200 p-3">\r\n                            <a href="https://prc-logan.com/" target="_blank" class="text-blue-600 hover:text-blue-800 font-medium">Pregnancy Resource Center of Cache Valley</a>\r\n                            <div class="text-gray-600 text-sm">Logan, UT</div>\r\n                        </li>\r\n                        <li class="border border-gray-200 p-3">\r\n                            <a href="https://www.pregnancyresource.net/" target="_blank" class="text-blue-600 hover:text-blue-800 font-medium">Pregnancy Resource Center of Salt Lake City</a>\r\n                            <div class="text-gray-600 text-sm">Salt Lake City and American Fork, UT</div>\r\n                        </li>\r\n                        <li class="border border-gray-200 p-3">\r\n                            <a href="https://thewellprc.org/" target="_blank" class="text-blue-600 hover:text-blue-800 font-medium">The Well Pregnancy Resource Center</a>\r\n                            <div class="text-gray-600 text-sm">St. George, UT</div>\r\n                        </li>\r\n                    </ul>\r\n                </div>\r\n\r\n                <!-- Radio Stations -->\r\n                <div class="mb-8">\r\n                    <h3 class="text-xl font-semibold text-gray-900 mb-4 border-b border-gray-200 pb-2">\r\n                        Radio Stations\r\n                    </h3>\r\n                    <ul class="space-y-2">\r\n                        <li class="border border-gray-200 p-3">\r\n                            <a href="https://crossoverfm.org/" target="_blank" class="text-blue-600 hover:text-blue-800 font-medium">CrossOver FM Radio</a>\r\n                            <div class="text-gray-600 text-sm">88.9 FM St. George • 88.7 FM Cedar City</div>\r\n                        </li>\r\n                        <li class="border border-gray-200 p-3">\r\n                            <a href="https://www.keyradio.org/" target="_blank" class="text-blue-600 hover:text-blue-800 font-medium">Key Radio</a>\r\n                            <div class="text-gray-600 text-sm">91.3 FM Provo • 1450 AM Provo • 91.7 FM Richfield • 91.9 FM Price • 91.7 FM Vernal • 95.5 FM Payson</div>\r\n                        </li>\r\n                        <li class="border border-gray-200 p-3">\r\n                            <a href="https://www.truthnetwork.com/station/kutr/" target="_blank" class="text-blue-600 hover:text-blue-800 font-medium">Truth Network Radio</a>\r\n                            <div class="text-gray-600 text-sm">Salt Lake, Provo, Ogden Areas: 820 AM • 95.3 / 103.9 FM</div>\r\n                        </li>\r\n                    </ul>\r\n                </div>\r\n\r\n                <!-- Schools -->\r\n                <div class="mb-8">\r\n                    <h3 class="text-xl font-semibold text-gray-900 mb-4 border-b border-gray-200 pb-2">\r\n                        Schools\r\n                    </h3>\r\n                    <ul class="space-y-2">\r\n                        <li class="border border-gray-200 p-3">\r\n                            <a href="https://concordialearningcenter.holytrinityut.org/" target="_blank" class="text-blue-600 hover:text-blue-800 font-medium">Concordia Lutheran Elementary School and Learning Center</a>\r\n                            <div class="text-gray-600 text-sm">Riverton, UT</div>\r\n                        </li>\r\n                        <li class="border border-gray-200 p-3">\r\n                            <a href="https://www.fbautah.org/" target="_blank" class="text-blue-600 hover:text-blue-800 font-medium">Faith Baptist Academy</a>\r\n                            <div class="text-gray-600 text-sm">Layton, UT</div>\r\n                        </li>\r\n                        <li class="border border-gray-200 p-3">\r\n                            <a href="https://gracesandy.org/school/" target="_blank" class="text-blue-600 hover:text-blue-800 font-medium">Grace Lutheran School</a>\r\n                            <div class="text-gray-600 text-sm">Sandy, UT</div>\r\n                        </li>\r\n                        <li class="border border-gray-200 p-3">\r\n                            <a href="https://www.intermountainchristian.org/" target="_blank" class="text-blue-600 hover:text-blue-800 font-medium">Intermountain Christian School</a>\r\n                            <div class="text-gray-600 text-sm">Holladay, UT</div>\r\n                        </li>\r\n                        <li class="border border-gray-200 p-3">\r\n                            <a href="https://www.lcaeagle.org/" target="_blank" class="text-blue-600 hover:text-blue-800 font-medium">Layton Christian Academy</a>\r\n                            <div class="text-gray-600 text-sm">Layton, UT</div>\r\n                        </li>\r\n                        <li class="border border-gray-200 p-3">\r\n                            <a href="https://www.rlcs-slc.org/school.html" target="_blank" class="text-blue-600 hover:text-blue-800 font-medium">Redeemer Lutheran School</a>\r\n                            <div class="text-gray-600 text-sm">Salt Lake City, UT</div>\r\n                        </li>\r\n                        <li class="border border-gray-200 p-3">\r\n                            <a href="https://www.popslc.org/school" target="_blank" class="text-blue-600 hover:text-blue-800 font-medium">Prince of Peace Lutheran Elementary School</a>\r\n                            <div class="text-gray-600 text-sm">Taylorsville, UT</div>\r\n                        </li>\r\n                        <li class="border border-gray-200 p-3">\r\n                            <a href="https://www.saintbrendans.academy/" target="_blank" class="text-blue-600 hover:text-blue-800 font-medium">St. Brendan''s</a>\r\n                            <div class="text-gray-600 text-sm">For Refuge Church members • Ogden, UT</div>\r\n                        </li>\r\n                        <li class="border border-gray-200 p-3">\r\n                            <a href="https://stjohnslutheranslc.org/school/" target="_blank" class="text-blue-600 hover:text-blue-800 font-medium">St. John''s Community Child Development Center</a>\r\n                            <div class="text-gray-600 text-sm">Salt Lake City, UT</div>\r\n                        </li>\r\n                        <li class="border border-gray-200 p-3">\r\n                            <a href="https://www.trinitystgeorge.org/" target="_blank" class="text-blue-600 hover:text-blue-800 font-medium">Trinity Lutheran Academy</a>\r\n                            <div class="text-gray-600 text-sm">St. George, UT</div>\r\n                        </li>\r\n                        <li class="border border-gray-200 p-3">\r\n                            <a href="https://www.ubcaeagles.org/" target="_blank" class="text-blue-600 hover:text-blue-800 font-medium">Uintah Basin Christian Academy</a>\r\n                            <div class="text-gray-600 text-sm">Vernal, UT</div>\r\n                        </li>\r\n                    </ul>\r\n                </div>\r\n\r\n                <!-- Seminaries -->\r\n                <div class="mb-8">\r\n                    <h3 class="text-xl font-semibold text-gray-900 mb-4 border-b border-gray-200 pb-2">\r\n                        Seminaries\r\n                    </h3>\r\n                    <ul class="space-y-2">\r\n                        <li class="border border-gray-200 p-3">\r\n                            <a href="https://www.slst.us/" target="_blank" class="text-blue-600 hover:text-blue-800 font-medium">Salt Lake School of Theology</a>\r\n                            <div class="text-gray-600 text-sm">Seminary Education</div>\r\n                        </li>\r\n                    </ul>\r\n                </div>','\r',char(13)),'\n',char(10)),NULL,NULL,1,1751151576,1751631749);
INSERT INTO pages VALUES(2,'FAQ','faq',replace(replace('                <!-- Question 1 -->\r\n                <div class="border-b border-gray-100 pb-6">\r\n                    <h3 class="text-xl font-semibold text-gray-900 mb-4">What kind of churches do you list?</h3>\r\n                    <p class="text-gray-700 leading-relaxed">\r\n                        We list evangelical Christian churches that are, to the best of our knowledge, committed to the Trinity, the authority and sufficiency of Scripture, the substitutionary death and bodily resurrection of Jesus Christ, salvation by grace alone through faith, a biblical view of sexuality, and the complementary roles of men and women.\r\n                    </p>\r\n                </div>\r\n\r\n                <!-- Question 2 -->\r\n                <div class="border-b border-gray-100 pb-6">\r\n                    <h3 class="text-xl font-semibold text-gray-900 mb-4">How do I choose a church?</h3>\r\n                    <div class="space-y-4">\r\n                        <p class="text-gray-700 leading-relaxed">\r\n                            We encourage you to practice discernment.\r\n                        </p>\r\n                        \r\n                        <div class="bg-blue-50 border-l-4 border-blue-400 p-4 rounded-r-md">\r\n                            <p class="text-gray-700 mb-3">Here are some helpful resources:</p>\r\n                            <ul class="space-y-2 text-gray-700">\r\n                                <li class="flex items-start">\r\n                                    <span class="text-blue-500 mr-2">•</span>\r\n                                    <span>See <a href="https://drbc.us/resources/considerations-for-finding-a-good-church/" target="_blank" class="text-blue-600 hover:text-blue-800 underline">Considerations for Finding a Good Church</a>, written by Desert Ridge Baptist Church of St. George, Utah.</span>\r\n                                </li>\r\n                                <li class="flex items-start">\r\n                                    <span class="text-blue-500 mr-2">•</span>\r\n                                    <span>Utah''s own Jonathan Stoddard has written, <a href="https://www.amazon.com/Choosing-Church-Biblical-Practical-Guide/dp/0997398485" target="_blank" class="text-blue-600 hover:text-blue-800 underline italic">Choosing A Church: A Biblical and Practical Guide</a>.</span>\r\n                                </li>\r\n                                <li class="flex items-start">\r\n                                    <span class="text-blue-500 mr-2">•</span>\r\n                                    <span>Many have found <a href="https://www.9marks.org/about/#:~:text=or%20assumed%20them.-,The%20Nine%20Marks,-Expositional%20Preaching" target="_blank" class="text-blue-600 hover:text-blue-800 underline italic">9 Marks of a Healthy Church</a> to be a helpful guide.</span>\r\n                                </li>\r\n                            </ul>\r\n                        </div>\r\n                    </div>\r\n                </div>\r\n\r\n                <!-- Question 3 -->\r\n                <div class="">\r\n                    <h3 class="text-xl font-semibold text-gray-900 mb-4">How can I submit church data?</h3>\r\n                    <p class="text-gray-700 leading-relaxed">\r\n                        You can submit church data <a href="/suggest-church" target="_blank" class="inline-flex items-center px-3 py-1 rounded-md bg-green-100 text-green-800 hover:bg-green-200 transition-colors duration-200 no-underline ml-1">here</a>.\r\n                    </p>\r\n                </div>','\r',char(13)),'\n',char(10)),'83b9fa2e-50bc-4c6d-3a77-d75312039400','https://imagedelivery.net/a9qGInTN4zENiufwTmRRwQ/83b9fa2e-50bc-4c6d-3a77-d75312039400/large',2,1751151610,1752018151);
CREATE TABLE settings (
  id INTEGER PRIMARY KEY AUTOINCREMENT,
  key TEXT NOT NULL UNIQUE,
  value TEXT,
  created_at INTEGER NOT NULL DEFAULT (strftime('%s', 'now')),
  updated_at INTEGER NOT NULL DEFAULT (strftime('%s', 'now'))
);
INSERT INTO settings VALUES(1,'site_title','Utah Churches',1751156534,1752366810);
INSERT INTO settings VALUES(2,'tagline','A directory of evangelical churches',1751156534,1752366810);
INSERT INTO settings VALUES(3,'front_page_title','Christian Churches in Utah',1751156534,1752366810);
INSERT INTO settings VALUES(4,'favicon_id','a3bee90e-e090-4c9b-4f13-ad018eb39700',1751157881,1751157881);
INSERT INTO settings VALUES(5,'favicon_url','https://imagedelivery.net/a9qGInTN4zENiufwTmRRwQ/a3bee90e-e090-4c9b-4f13-ad018eb39700/favicon',1751157881,1751157881);
INSERT INTO settings VALUES(6,'logo_id','12baf424-412b-4665-5442-f31b78c17200',1751160507,1751160827);
INSERT INTO settings VALUES(7,'logo_url','https://imagedelivery.net/a9qGInTN4zENiufwTmRRwQ/12baf424-412b-4665-5442-f31b78c17200/small',1751160508,1751160827);
INSERT INTO settings VALUES(8,'site_domain','utahchurches.com',1751631833,1752366810);
INSERT INTO settings VALUES(9,'site_region','UT',1751631833,1752366811);
INSERT INTO settings VALUES(11,'r2_image_domain','images.utahchurches.com',2025-07-13 00:16:32,1752366811);
CREATE TABLE church_suggestions (
  id INTEGER PRIMARY KEY AUTOINCREMENT,
  user_id TEXT NOT NULL,
  church_name TEXT NOT NULL,
  denomination TEXT,
  address TEXT,
  city TEXT,
  state TEXT DEFAULT 'UT',
  zip TEXT,
  website TEXT,
  phone TEXT,
  email TEXT,
  service_times TEXT,
  statement_of_faith TEXT,
  facebook TEXT,
  instagram TEXT,
  youtube TEXT,
  spotify TEXT,
  notes TEXT,
  status TEXT NOT NULL DEFAULT 'pending' CHECK (status IN ('pending', 'approved', 'rejected')),
  reviewed_by TEXT,
  reviewed_at INTEGER,
  created_at INTEGER NOT NULL DEFAULT (strftime('%s', 'now')),
  updated_at INTEGER NOT NULL DEFAULT (strftime('%s', 'now'))
);
INSERT INTO church_suggestions VALUES(4,'83cc5dac-31ea-4628-8406-06e2e97c490c','Price Chapel','Christian and Missionary Alliance','611 W. Price River Drive','','UT','','https://pricechapel.org','435-637-5244','steve@pricechapel.org','Sundays at 9:30am and 11am','https://cmalliance.org/who-we-are/our-faith-and-mission/','https://www.facebook.com/pricechapelcma','https://www.instagram.com/pricechapel/','https://www.youtube.com/@pricechapel5157','','We would like to be added to your listing of churches in Utah. We are an Evangelical church in Price, UT that was founded in 1944. We average about 200 people on Sundays for in-person worship. Thanks. ','pending',NULL,NULL,1751908154,1751908154);
CREATE TABLE comments (
  id INTEGER PRIMARY KEY AUTOINCREMENT,
  user_id TEXT NOT NULL,
  church_id INTEGER REFERENCES churches(id),
  content TEXT NOT NULL,
  type TEXT NOT NULL DEFAULT 'user' CHECK (type IN ('user', 'system')),
  metadata TEXT, -- JSON string for storing change details
  is_public INTEGER DEFAULT 0,
  status TEXT NOT NULL DEFAULT 'pending' CHECK (status IN ('pending', 'approved', 'rejected')),
  reviewed_by TEXT,
  reviewed_at INTEGER,
  created_at INTEGER NOT NULL DEFAULT (strftime('%s', 'now')),
  updated_at INTEGER NOT NULL DEFAULT (strftime('%s', 'now'))
);
INSERT INTO comments VALUES(4,'8a5e3609-4335-471b-af60-10c5c9ba2d15',205,replace('Aaron Shafovaloff updated church data at 2025-07-04T18:45:44.138Z\n\n```yaml\naffiliations:\n  from:\n    - Southern Nevada Baptist Association\n  to: []\ncounty_id:\n  from: 18\n  to: null\nemail:\n  from: pastoralexander435@gmail.com\n  to: null\nerrors:\n  from: null\n  to:\n    affiliations:\n      - Expected array, received string\n    church:\n      - Required\n    gatherings:\n      - Required\nfacebook:\n  from: https://www.facebook.com/groups/541615383136650/\n  to: null\ngathering_address:\n  from: 182 N 200 W, Beryl, UT 84714\n  to: null\ngatherings:\n  from:\n    - 11 AM\n  to: []\nlanguage:\n  from: English\n  to: null\nlatitude:\n  from: 37.7101563105758\n  to: null\nlongitude:\n  from: -113.660981846471\n  to: null\nmessage:\n  from: null\n  to: Required\nname:\n  from: Beryl Baptist Church\n  to: null\npath:\n  from: beryl-baptist-church\n  to: null\nphone:\n  from: (435) 439-5319\n  to: null\npublic_notes:\n  from: "Lacks Statement of Faith.\r\nPasonage is at 162 N."\n  to: null\nstatus:\n  from: Unlisted\n  to: null\nsuccess:\n  from: null\n  to: false\nwebsite:\n  from: https://www.facebook.com/groups/541615383136650/\n  to: null\n\n```','\n',char(10)),'system','{"changes":[{"field":"name","from":"Beryl Baptist Church"},{"field":"path","from":"beryl-baptist-church"},{"field":"status","from":"Unlisted"},{"field":"public_notes","from":"Lacks Statement of Faith.\r\nPasonage is at 162 N."},{"field":"gathering_address","from":"182 N 200 W, Beryl, UT 84714"},{"field":"latitude","from":37.7101563105758},{"field":"longitude","from":-113.660981846471},{"field":"county_id","from":18},{"field":"website","from":"https://www.facebook.com/groups/541615383136650/"},{"field":"phone","from":"(435) 439-5319"},{"field":"email","from":"pastoralexander435@gmail.com"},{"field":"facebook","from":"https://www.facebook.com/groups/541615383136650/"},{"field":"language","from":"English"},{"field":"success","to":false},{"field":"errors","to":{"church":["Required"],"gatherings":["Required"],"affiliations":["Expected array, received string"]}},{"field":"message","to":"Required"},{"field":"gatherings","from":["11 AM"],"to":[]},{"field":"affiliations","from":["Southern Nevada Baptist Association"],"to":[]}]}',0,'approved',NULL,NULL,1751654744,1751654744);
INSERT INTO comments VALUES(5,'8a5e3609-4335-471b-af60-10c5c9ba2d15',205,replace('Aaron Shafovaloff updated church data at 2025-07-04T18:46:50.012Z\n\n```yaml\ncounty_id:\n  from: 18\n  to: null\nemail:\n  from: pastoralexander435@gmail.com\n  to: null\nerrors:\n  from: null\n  to:\n    church:\n      - Required\n    gatherings:\n      - Required\nfacebook:\n  from: https://www.facebook.com/groups/541615383136650/\n  to: null\ngathering_address:\n  from: 182 N 200 W, Beryl, UT 84714\n  to: null\nlanguage:\n  from: English\n  to: null\nlatitude:\n  from: 37.7101563105758\n  to: null\nlongitude:\n  from: -113.660981846471\n  to: null\nmessage:\n  from: null\n  to: Required\nname:\n  from: Beryl Baptist Church\n  to: null\npath:\n  from: beryl-baptist-church\n  to: null\nphone:\n  from: (435) 439-5319\n  to: null\npublic_notes:\n  from: "Lacks Statement of Faith.\r\nPasonage is at 162 N."\n  to: null\nstatus:\n  from: Unlisted\n  to: null\nsuccess:\n  from: null\n  to: false\nwebsite:\n  from: https://www.facebook.com/groups/541615383136650/\n  to: null\n\n```','\n',char(10)),'system','{"changes":[{"field":"name","from":"Beryl Baptist Church"},{"field":"path","from":"beryl-baptist-church"},{"field":"status","from":"Unlisted"},{"field":"public_notes","from":"Lacks Statement of Faith.\r\nPasonage is at 162 N."},{"field":"gathering_address","from":"182 N 200 W, Beryl, UT 84714"},{"field":"latitude","from":37.7101563105758},{"field":"longitude","from":-113.660981846471},{"field":"county_id","from":18},{"field":"website","from":"https://www.facebook.com/groups/541615383136650/"},{"field":"phone","from":"(435) 439-5319"},{"field":"email","from":"pastoralexander435@gmail.com"},{"field":"facebook","from":"https://www.facebook.com/groups/541615383136650/"},{"field":"language","from":"English"},{"field":"success","to":false},{"field":"errors","to":{"church":["Required"],"gatherings":["Required"]}},{"field":"message","to":"Required"}]}',0,'approved',NULL,NULL,1751654810,1751654810);
INSERT INTO comments VALUES(6,'8a5e3609-4335-471b-af60-10c5c9ba2d15',205,replace('Aaron Shafovaloff updated church data at 2025-07-04T19:27:45.991Z\n\n```yaml\ncounty_id:\n  from: 18\n  to: null\nemail:\n  from: pastoralexander435@gmail.com\n  to: null\nerrors:\n  from: null\n  to:\n    church:\n      - Required\n    gatherings:\n      - Required\nfacebook:\n  from: https://www.facebook.com/groups/541615383136650/\n  to: null\ngathering_address:\n  from: 182 N 200 W, Beryl, UT 84714\n  to: null\nlanguage:\n  from: English\n  to: null\nlatitude:\n  from: 37.7101563105758\n  to: null\nlongitude:\n  from: -113.660981846471\n  to: null\nmessage:\n  from: null\n  to: Required\nname:\n  from: Beryl Baptist Church\n  to: null\npath:\n  from: beryl-baptist-church\n  to: null\nphone:\n  from: (435) 439-5319\n  to: null\npublic_notes:\n  from: "Lacks Statement of Faith.\r\nPasonage is at 162 N."\n  to: null\nstatus:\n  from: Unlisted\n  to: null\nsuccess:\n  from: null\n  to: false\nwebsite:\n  from: https://www.facebook.com/groups/541615383136650/\n  to: null\n\n```','\n',char(10)),'system','{"changes":[{"field":"name","from":"Beryl Baptist Church"},{"field":"path","from":"beryl-baptist-church"},{"field":"status","from":"Unlisted"},{"field":"public_notes","from":"Lacks Statement of Faith.\r\nPasonage is at 162 N."},{"field":"gathering_address","from":"182 N 200 W, Beryl, UT 84714"},{"field":"latitude","from":37.7101563105758},{"field":"longitude","from":-113.660981846471},{"field":"county_id","from":18},{"field":"website","from":"https://www.facebook.com/groups/541615383136650/"},{"field":"phone","from":"(435) 439-5319"},{"field":"email","from":"pastoralexander435@gmail.com"},{"field":"facebook","from":"https://www.facebook.com/groups/541615383136650/"},{"field":"language","from":"English"},{"field":"success","to":false},{"field":"errors","to":{"church":["Required"],"gatherings":["Required"]}},{"field":"message","to":"Required"}]}',0,'approved',NULL,NULL,1751657265,1751657265);
INSERT INTO comments VALUES(7,'8a5e3609-4335-471b-af60-10c5c9ba2d15',205,replace('Aaron Shafovaloff updated church data at 2025-07-04T19:34:22.984Z\n\n```yaml\ncounty_id:\n  from: 18\n  to: 11\nstatement_of_faith:\n  from: null\n  to: https://bfm.sbc.net/bfm2000/\nstatus:\n  from: Unlisted\n  to: Listed\nwebsite:\n  from: https://www.facebook.com/groups/541615383136650/\n  to: null\n\n```','\n',char(10)),'system','{"changes":[{"field":"status","from":"Unlisted","to":"Listed"},{"field":"county_id","from":18,"to":11},{"field":"website","from":"https://www.facebook.com/groups/541615383136650/"},{"field":"statement_of_faith","from":null,"to":"https://bfm.sbc.net/bfm2000/"}]}',0,'approved',NULL,NULL,1751657662,1751657662);
INSERT INTO comments VALUES(8,'8a5e3609-4335-471b-af60-10c5c9ba2d15',205,replace('Aaron Shafovaloff updated church data at 2025-07-04T19:42:09.148Z\n\n```yaml\npublic_notes:\n  from: "Lacks Statement of Faith.\r\nPasonage is at 162 N."\n  to: Parsonage is at 162 N.\n\n```','\n',char(10)),'system','{"changes":[{"field":"public_notes","from":"Lacks Statement of Faith.\r\nPasonage is at 162 N.","to":"Parsonage is at 162 N."}]}',0,'approved',NULL,NULL,1751658129,1751658129);
INSERT INTO comments VALUES(9,'8a5e3609-4335-471b-af60-10c5c9ba2d15',205,replace('Aaron Shafovaloff updated church data at 2025-07-04T20:12:12.000Z\n\n```yaml\naffiliations:\n  from: []\n  to:\n    - Southern Nevada Baptist Association\n\n```','\n',char(10)),'system','{"changes":[{"field":"affiliations","from":[],"to":["Southern Nevada Baptist Association"]}]}',0,'approved',NULL,NULL,1751659932,1751659932);
INSERT INTO comments VALUES(10,'8a5e3609-4335-471b-af60-10c5c9ba2d15',205,replace('Aaron Shafovaloff updated church data at 2025-07-04T20:22:27.608Z\n\n```yaml\naffiliations:\n  from:\n    - Southern Nevada Baptist Association\n  to:\n    - Southern Baptist Convention\n    - Southern Nevada Baptist Association\n\n```','\n',char(10)),'system','{"changes":[{"field":"affiliations","from":["Southern Nevada Baptist Association"],"to":["Southern Baptist Convention","Southern Nevada Baptist Association"]}]}',0,'approved',NULL,NULL,1751660547,1751660547);
INSERT INTO comments VALUES(11,'8a5e3609-4335-471b-af60-10c5c9ba2d15',346,replace('Aaron Shafovaloff updated church data at 2025-07-04T20:32:23.463Z\n\n```yaml\nphone:\n  from: (801) 731-5000\n  to: (801) 731-6779\n\n```','\n',char(10)),'system','{"changes":[{"field":"phone","from":"(801) 731-5000","to":"(801) 731-6779"}]}',0,'approved',NULL,NULL,1751661143,1751661143);
INSERT INTO comments VALUES(12,'8a5e3609-4335-471b-af60-10c5c9ba2d15',367,replace('Aaron Shafovaloff updated church data at 2025-07-04T22:41:32.682Z\n\n```yaml\npath:\n  from: mosaic-church-provo\n  to: mosaic-church\n\n```','\n',char(10)),'system','{"changes":[{"field":"path","from":"mosaic-church-provo","to":"mosaic-church"}]}',0,'approved',NULL,NULL,1751668892,1751668892);
INSERT INTO comments VALUES(14,'8a5e3609-4335-471b-af60-10c5c9ba2d15',192,replace('Aaron Shafovaloff updated church data at 2025-07-05T12:15:44.613Z\n\n```yaml\npublic_notes:\n  from: Meets at Best Western Plus Cotton Tree Inn for next several months\n  to: Alta Canyon Baptist has moved. They are no longer across from Alta High School.\n\n```','\n',char(10)),'system','{"changes":[{"field":"public_notes","from":"Meets at Best Western Plus Cotton Tree Inn for next several months","to":"Alta Canyon Baptist has moved. They are no longer across from Alta High School."}]}',0,'approved',NULL,NULL,1751717744,1751717744);
INSERT INTO comments VALUES(19,'8a5e3609-4335-471b-af60-10c5c9ba2d15',201,replace('Aaron Shafovaloff updated church data at 2025-07-05T16:27:51.440Z\n\n```yaml\naffiliations:\n  from: []\n  to:\n    - Golden Spike Baptist Network\n    - Southern Baptist Convention\n\n```','\n',char(10)),'system','{"changes":[{"field":"affiliations","from":[],"to":["Golden Spike Baptist Network","Southern Baptist Convention"]}]}',0,'approved',NULL,NULL,1751732871,1751732871);
INSERT INTO comments VALUES(20,'8a5e3609-4335-471b-af60-10c5c9ba2d15',262,replace('Aaron Shafovaloff updated church data at 2025-07-05T16:39:43.308Z\n\n```yaml\naffiliations:\n  from: []\n  to:\n    - Golden Spike Baptist Network\n    - Southern Baptist Convention\n\n```','\n',char(10)),'system','{"changes":[{"field":"affiliations","from":[],"to":["Golden Spike Baptist Network","Southern Baptist Convention"]}]}',0,'approved',NULL,NULL,1751733583,1751733583);
INSERT INTO comments VALUES(21,'dd8d9f3e-7310-4893-b267-9b2e98f983b9',190,replace(replace('Hey, honey, I love you! \r\n','\r',char(13)),'\n',char(10)),'user','{"feedbackType":"church"}',0,'pending',NULL,NULL,1751745800,1751745800);
INSERT INTO comments VALUES(23,'46d8a072-8f1a-4333-ae8a-01f0fb3196da',434,replace('Aaron Shafovaloff updated church data\n\n```yaml\npath:\n  from: south-mountain-community-church-lehi\n  to: smcc-lehi\n\n```','\n',char(10)),'system','{"changes":[{"field":"path","from":"south-mountain-community-church-lehi","to":"smcc-lehi"}]}',0,'approved',NULL,NULL,1751812815,1751812815);
INSERT INTO comments VALUES(24,'46d8a072-8f1a-4333-ae8a-01f0fb3196da',206,replace('Aaron Shafovaloff updated church data\n\n```yaml\nname:\n  from: Bethany Baptist Church\n  to: Bethany Korean Baptist Church\n\n```','\n',char(10)),'system','{"changes":[{"field":"name","from":"Bethany Baptist Church","to":"Bethany Korean Baptist Church"}]}',0,'approved',NULL,NULL,1751813649,1751813649);
INSERT INTO comments VALUES(25,'46d8a072-8f1a-4333-ae8a-01f0fb3196da',206,replace('Aaron Shafovaloff updated church data\n\n```yaml\npath:\n  from: bethany-baptist-church\n  to: bethany-korean-baptist-church\n\n```','\n',char(10)),'system','{"changes":[{"field":"path","from":"bethany-baptist-church","to":"bethany-korean-baptist-church"}]}',0,'approved',NULL,NULL,1751813665,1751813665);
INSERT INTO comments VALUES(26,'46d8a072-8f1a-4333-ae8a-01f0fb3196da',206,replace('Aaron Shafovaloff updated church data\n\n```yaml\naffiliations:\n  from: []\n  to:\n    - Southern Baptist Convention\n\n```','\n',char(10)),'system','{"changes":[{"field":"affiliations","from":[],"to":["Southern Baptist Convention"]}]}',0,'approved',NULL,NULL,1751813681,1751813681);
INSERT INTO comments VALUES(27,'46d8a072-8f1a-4333-ae8a-01f0fb3196da',206,replace('Aaron Shafovaloff updated church data\n\n```yaml\naffiliations:\n  from:\n    - Southern Baptist Convention\n  to:\n    - Golden Spike Baptist Network\n    - Southern Baptist Convention\n\n```','\n',char(10)),'system','{"changes":[{"field":"affiliations","from":["Southern Baptist Convention"],"to":["Golden Spike Baptist Network","Southern Baptist Convention"]}]}',0,'approved',NULL,NULL,1751813700,1751813700);
INSERT INTO comments VALUES(28,'46d8a072-8f1a-4333-ae8a-01f0fb3196da',345,replace('Aaron Shafovaloff updated church data\n\n```yaml\naffiliations:\n  from:\n    - Golden Spike Baptist Network\n  to:\n    - Golden Spike Baptist Network\n    - Southern Baptist Convention\n\n```','\n',char(10)),'system','{"changes":[{"field":"affiliations","from":["Golden Spike Baptist Network"],"to":["Golden Spike Baptist Network","Southern Baptist Convention"]}]}',0,'approved',NULL,NULL,1751813794,1751813794);
INSERT INTO comments VALUES(29,'46d8a072-8f1a-4333-ae8a-01f0fb3196da',374,replace('Aaron Shafovaloff updated church data\n\n```yaml\naffiliations:\n  from:\n    - Golden Spike Baptist Network\n  to:\n    - Golden Spike Baptist Network\n    - Southern Baptist Convention\n\n```','\n',char(10)),'system','{"changes":[{"field":"affiliations","from":["Golden Spike Baptist Network"],"to":["Golden Spike Baptist Network","Southern Baptist Convention"]}]}',0,'approved',NULL,NULL,1751813810,1751813810);
INSERT INTO comments VALUES(30,'46d8a072-8f1a-4333-ae8a-01f0fb3196da',386,replace('Aaron Shafovaloff updated church data\n\n```yaml\naffiliations:\n  from:\n    - Golden Spike Baptist Network\n  to:\n    - Golden Spike Baptist Network\n    - Southern Baptist Convention\n\n```','\n',char(10)),'system','{"changes":[{"field":"affiliations","from":["Golden Spike Baptist Network"],"to":["Golden Spike Baptist Network","Southern Baptist Convention"]}]}',0,'approved',NULL,NULL,1751813821,1751813821);
INSERT INTO comments VALUES(31,'46d8a072-8f1a-4333-ae8a-01f0fb3196da',272,replace('Aaron Shafovaloff updated church data\n\n```yaml\naffiliations:\n  from: []\n  to:\n    - Southern Baptist Convention\n\n```','\n',char(10)),'system','{"changes":[{"field":"affiliations","from":[],"to":["Southern Baptist Convention"]}]}',0,'approved',NULL,NULL,1751813845,1751813845);
INSERT INTO comments VALUES(32,'46d8a072-8f1a-4333-ae8a-01f0fb3196da',414,replace('Aaron Shafovaloff updated church data\n\n```yaml\naffiliations:\n  from: []\n  to:\n    - Southern Baptist Convention\n\n```','\n',char(10)),'system','{"changes":[{"field":"affiliations","from":[],"to":["Southern Baptist Convention"]}]}',0,'approved',NULL,NULL,1751813869,1751813869);
INSERT INTO comments VALUES(33,'46d8a072-8f1a-4333-ae8a-01f0fb3196da',471,replace('Aaron Shafovaloff updated church data\n\n```yaml\naffiliations:\n  from:\n    - Color Country Baptist Association\n  to:\n    - Color Country Baptist Association\n    - Southern Baptist Convention\n\n```','\n',char(10)),'system','{"changes":[{"field":"affiliations","from":["Color Country Baptist Association"],"to":["Color Country Baptist Association","Southern Baptist Convention"]}]}',0,'approved',NULL,NULL,1751813884,1751813884);
INSERT INTO comments VALUES(34,'46d8a072-8f1a-4333-ae8a-01f0fb3196da',224,replace('Aaron Shafovaloff updated church data\n\n```yaml\naffiliations:\n  from: []\n  to:\n    - Southern Baptist Convention\n\n```','\n',char(10)),'system','{"changes":[{"field":"affiliations","from":[],"to":["Southern Baptist Convention"]}]}',0,'approved',NULL,NULL,1751813893,1751813893);
INSERT INTO comments VALUES(35,'46d8a072-8f1a-4333-ae8a-01f0fb3196da',275,replace('Aaron Shafovaloff updated church data\n\n```yaml\naffiliations:\n  from: []\n  to:\n    - Southern Baptist Convention\n\n```','\n',char(10)),'system','{"changes":[{"field":"affiliations","from":[],"to":["Southern Baptist Convention"]}]}',0,'approved',NULL,NULL,1751813922,1751813922);
INSERT INTO comments VALUES(36,'46d8a072-8f1a-4333-ae8a-01f0fb3196da',398,replace('Aaron Shafovaloff updated church data\n\n```yaml\naffiliations:\n  from:\n    - Color Country Baptist Association\n  to:\n    - Color Country Baptist Association\n    - Southern Baptist Convention\n\n```','\n',char(10)),'system','{"changes":[{"field":"affiliations","from":["Color Country Baptist Association"],"to":["Color Country Baptist Association","Southern Baptist Convention"]}]}',0,'approved',NULL,NULL,1751813940,1751813940);
INSERT INTO comments VALUES(37,'46d8a072-8f1a-4333-ae8a-01f0fb3196da',199,replace('Aaron Shafovaloff updated church data\n\n```yaml\naffiliations:\n  from: []\n  to:\n    - Southern Baptist Convention\n\n```','\n',char(10)),'system','{"changes":[{"field":"affiliations","from":[],"to":["Southern Baptist Convention"]}]}',0,'approved',NULL,NULL,1751813951,1751813951);
INSERT INTO comments VALUES(38,'46d8a072-8f1a-4333-ae8a-01f0fb3196da',225,replace('Aaron Shafovaloff updated church data\n\n```yaml\naffiliations:\n  from: []\n  to:\n    - Southern Baptist Convention\n\n```','\n',char(10)),'system','{"changes":[{"field":"affiliations","from":[],"to":["Southern Baptist Convention"]}]}',0,'approved',NULL,NULL,1751813967,1751813967);
INSERT INTO comments VALUES(39,'46d8a072-8f1a-4333-ae8a-01f0fb3196da',239,replace('Aaron Shafovaloff updated church data\n\n```yaml\naffiliations:\n  from: []\n  to:\n    - Salt Lake Baptist Association\n    - Southern Baptist Convention\n\n```','\n',char(10)),'system','{"changes":[{"field":"affiliations","from":[],"to":["Salt Lake Baptist Association","Southern Baptist Convention"]}]}',0,'approved',NULL,NULL,1751813984,1751813984);
INSERT INTO comments VALUES(40,'46d8a072-8f1a-4333-ae8a-01f0fb3196da',253,replace('Aaron Shafovaloff updated church data\n\n```yaml\naffiliations:\n  from: []\n  to:\n    - Salt Lake Baptist Association\n    - Southern Baptist Convention\n\n```','\n',char(10)),'system','{"changes":[{"field":"affiliations","from":[],"to":["Salt Lake Baptist Association","Southern Baptist Convention"]}]}',0,'approved',NULL,NULL,1751814003,1751814003);
INSERT INTO comments VALUES(41,'46d8a072-8f1a-4333-ae8a-01f0fb3196da',257,replace('Aaron Shafovaloff updated church data\n\n```yaml\naffiliations:\n  from:\n    - Color Country Baptist Association\n  to:\n    - Color Country Baptist Association\n    - Southern Baptist Convention\n\n```','\n',char(10)),'system','{"changes":[{"field":"affiliations","from":["Color Country Baptist Association"],"to":["Color Country Baptist Association","Southern Baptist Convention"]}]}',0,'approved',NULL,NULL,1751814012,1751814012);
INSERT INTO comments VALUES(42,'46d8a072-8f1a-4333-ae8a-01f0fb3196da',264,replace('Aaron Shafovaloff updated church data\n\n```yaml\naffiliations:\n  from: []\n  to:\n    - Salt Lake Baptist Association\n    - Southern Baptist Convention\n\n```','\n',char(10)),'system','{"changes":[{"field":"affiliations","from":[],"to":["Salt Lake Baptist Association","Southern Baptist Convention"]}]}',0,'approved',NULL,NULL,1751814027,1751814027);
INSERT INTO comments VALUES(43,'46d8a072-8f1a-4333-ae8a-01f0fb3196da',286,replace('Aaron Shafovaloff updated church data\n\n```yaml\naffiliations:\n  from:\n    - Salt Lake Baptist Association\n  to:\n    - Salt Lake Baptist Association\n    - Southern Baptist Convention\n\n```','\n',char(10)),'system','{"changes":[{"field":"affiliations","from":["Salt Lake Baptist Association"],"to":["Salt Lake Baptist Association","Southern Baptist Convention"]}]}',0,'approved',NULL,NULL,1751814041,1751814041);
INSERT INTO comments VALUES(44,'46d8a072-8f1a-4333-ae8a-01f0fb3196da',325,replace('Aaron Shafovaloff updated church data\n\n```yaml\naffiliations:\n  from:\n    - Southern Baptist Convention\n  to:\n    - Salt Lake Baptist Association\n    - Southern Baptist Convention\n\n```','\n',char(10)),'system','{"changes":[{"field":"affiliations","from":["Southern Baptist Convention"],"to":["Salt Lake Baptist Association","Southern Baptist Convention"]}]}',0,'approved',NULL,NULL,1751814067,1751814067);
INSERT INTO comments VALUES(45,'46d8a072-8f1a-4333-ae8a-01f0fb3196da',327,replace('Aaron Shafovaloff updated church data\n\n```yaml\naffiliations:\n  from:\n    - The Pillar Network\n  to:\n    - Salt Lake Baptist Association\n    - Send Network\n    - Southern Baptist Convention\n    - The Pillar Network\n\n```','\n',char(10)),'system','{"changes":[{"field":"affiliations","from":["The Pillar Network"],"to":["Salt Lake Baptist Association","Send Network","Southern Baptist Convention","The Pillar Network"]}]}',0,'approved',NULL,NULL,1751814086,1751814086);
INSERT INTO comments VALUES(46,'46d8a072-8f1a-4333-ae8a-01f0fb3196da',329,replace('Aaron Shafovaloff updated church data\n\n```yaml\naffiliations:\n  from:\n    - The Pillar Network\n  to:\n    - Salt Lake Baptist Association\n    - Southern Baptist Convention\n    - The Pillar Network\n\n```','\n',char(10)),'system','{"changes":[{"field":"affiliations","from":["The Pillar Network"],"to":["Salt Lake Baptist Association","Southern Baptist Convention","The Pillar Network"]}]}',0,'approved',NULL,NULL,1751814116,1751814116);
INSERT INTO comments VALUES(47,'46d8a072-8f1a-4333-ae8a-01f0fb3196da',332,replace('Aaron Shafovaloff updated church data at 2025-07-06T21:14:29.082Z\n\n```yaml\naffiliations:\n  from:\n    - The Pillar Network\n  to:\n    - Salt Lake Baptist Association\n    - Southern Baptist Convention\n    - The Pillar Network\n\n```','\n',char(10)),'system','{"changes":[{"field":"affiliations","from":["The Pillar Network"],"to":["Salt Lake Baptist Association","Southern Baptist Convention","The Pillar Network"]}]}',0,'approved',NULL,NULL,1751836469,1751836469);
INSERT INTO comments VALUES(48,'46d8a072-8f1a-4333-ae8a-01f0fb3196da',331,replace('Aaron Shafovaloff updated church data at 2025-07-06T21:14:54.444Z\n\n```yaml\naffiliations:\n  from:\n    - The Pillar Network\n  to:\n    - Salt Lake Baptist Association\n    - Southern Baptist Convention\n    - The Pillar Network\n\n```','\n',char(10)),'system','{"changes":[{"field":"affiliations","from":["The Pillar Network"],"to":["Salt Lake Baptist Association","Southern Baptist Convention","The Pillar Network"]}]}',0,'approved',NULL,NULL,1751836494,1751836494);
INSERT INTO comments VALUES(49,'46d8a072-8f1a-4333-ae8a-01f0fb3196da',365,replace('Aaron Shafovaloff updated church data at 2025-07-06T21:15:18.094Z\n\n```yaml\naffiliations:\n  from:\n    - The Pillar Network\n  to:\n    - Golden Spike Baptist Network\n    - Southern Baptist Convention\n    - The Pillar Network\n\n```','\n',char(10)),'system','{"changes":[{"field":"affiliations","from":["The Pillar Network"],"to":["Golden Spike Baptist Network","Southern Baptist Convention","The Pillar Network"]}]}',0,'approved',NULL,NULL,1751836518,1751836518);
INSERT INTO comments VALUES(50,'46d8a072-8f1a-4333-ae8a-01f0fb3196da',394,replace('Aaron Shafovaloff updated church data at 2025-07-06T21:15:33.273Z\n\n```yaml\naffiliations:\n  from:\n    - The Pillar Network\n  to:\n    - Southern Baptist Convention\n    - The Pillar Network\n\n```','\n',char(10)),'system','{"changes":[{"field":"affiliations","from":["The Pillar Network"],"to":["Southern Baptist Convention","The Pillar Network"]}]}',0,'approved',NULL,NULL,1751836533,1751836533);
INSERT INTO comments VALUES(51,'46d8a072-8f1a-4333-ae8a-01f0fb3196da',401,replace('Aaron Shafovaloff updated church data at 2025-07-06T21:15:51.550Z\n\n```yaml\naffiliations:\n  from: []\n  to:\n    - Southern Baptist Convention\n\n```','\n',char(10)),'system','{"changes":[{"field":"affiliations","from":[],"to":["Southern Baptist Convention"]}]}',0,'approved',NULL,NULL,1751836551,1751836551);
INSERT INTO comments VALUES(52,'46d8a072-8f1a-4333-ae8a-01f0fb3196da',410,replace('Aaron Shafovaloff updated church data at 2025-07-06T21:17:24.671Z\n\n```yaml\naffiliations:\n  from:\n    - Salt Lake Baptist Association\n  to:\n    - Salt Lake Baptist Association\n    - Southern Baptist Convention\n\n```','\n',char(10)),'system','{"changes":[{"field":"affiliations","from":["Salt Lake Baptist Association"],"to":["Salt Lake Baptist Association","Southern Baptist Convention"]}]}',0,'approved',NULL,NULL,1751836644,1751836644);
INSERT INTO comments VALUES(53,'46d8a072-8f1a-4333-ae8a-01f0fb3196da',420,replace('Aaron Shafovaloff updated church data at 2025-07-06T21:17:37.763Z\n\n```yaml\naffiliations:\n  from:\n    - Salt Lake Baptist Association\n  to:\n    - Salt Lake Baptist Association\n    - Southern Baptist Convention\n\n```','\n',char(10)),'system','{"changes":[{"field":"affiliations","from":["Salt Lake Baptist Association"],"to":["Salt Lake Baptist Association","Southern Baptist Convention"]}]}',0,'approved',NULL,NULL,1751836657,1751836657);
INSERT INTO comments VALUES(54,'46d8a072-8f1a-4333-ae8a-01f0fb3196da',452,replace('Aaron Shafovaloff updated church data at 2025-07-06T21:17:47.545Z\n\n```yaml\naffiliations:\n  from:\n    - Salt Lake Baptist Association\n  to:\n    - Salt Lake Baptist Association\n    - Southern Baptist Convention\n\n```','\n',char(10)),'system','{"changes":[{"field":"affiliations","from":["Salt Lake Baptist Association"],"to":["Salt Lake Baptist Association","Southern Baptist Convention"]}]}',0,'approved',NULL,NULL,1751836667,1751836667);
INSERT INTO comments VALUES(55,'46d8a072-8f1a-4333-ae8a-01f0fb3196da',467,replace('Aaron Shafovaloff updated church data at 2025-07-06T21:18:08.354Z\n\n```yaml\naffiliations:\n  from:\n    - National Baptist Convention\n    - Salt Lake Baptist Association\n  to:\n    - National Baptist Convention\n    - Salt Lake Baptist Association\n    - Southern Baptist Convention\n\n```','\n',char(10)),'system','{"changes":[{"field":"affiliations","from":["National Baptist Convention","Salt Lake Baptist Association"],"to":["National Baptist Convention","Salt Lake Baptist Association","Southern Baptist Convention"]}]}',0,'approved',NULL,NULL,1751836688,1751836688);
INSERT INTO comments VALUES(56,'46d8a072-8f1a-4333-ae8a-01f0fb3196da',473,replace('Aaron Shafovaloff updated church data at 2025-07-06T21:18:19.585Z\n\n```yaml\naffiliations:\n  from:\n    - Salt Lake Baptist Association\n    - Send Network\n  to:\n    - Salt Lake Baptist Association\n    - Send Network\n    - Southern Baptist Convention\n\n```','\n',char(10)),'system','{"changes":[{"field":"affiliations","from":["Salt Lake Baptist Association","Send Network"],"to":["Salt Lake Baptist Association","Send Network","Southern Baptist Convention"]}]}',0,'approved',NULL,NULL,1751836699,1751836699);
INSERT INTO comments VALUES(57,'46d8a072-8f1a-4333-ae8a-01f0fb3196da',284,replace('Aaron Shafovaloff updated church data at 2025-07-06T21:18:32.400Z\n\n```yaml\naffiliations:\n  from: []\n  to:\n    - Southern Baptist Convention\n\n```','\n',char(10)),'system','{"changes":[{"field":"affiliations","from":[],"to":["Southern Baptist Convention"]}]}',0,'approved',NULL,NULL,1751836712,1751836712);
INSERT INTO comments VALUES(58,'46d8a072-8f1a-4333-ae8a-01f0fb3196da',277,replace('Aaron Shafovaloff updated church data at 2025-07-06T21:18:45.180Z\n\n```yaml\naffiliations:\n  from:\n    - Southern Baptist Convention\n  to:\n    - Salt Lake Baptist Association\n    - Southern Baptist Convention\n\n```','\n',char(10)),'system','{"changes":[{"field":"affiliations","from":["Southern Baptist Convention"],"to":["Salt Lake Baptist Association","Southern Baptist Convention"]}]}',0,'approved',NULL,NULL,1751836725,1751836725);
INSERT INTO comments VALUES(59,'46d8a072-8f1a-4333-ae8a-01f0fb3196da',355,replace('Aaron Shafovaloff updated church data at 2025-07-06T21:19:10.223Z\n\n```yaml\naffiliations:\n  from:\n    - Salt Lake Baptist Association\n  to:\n    - Salt Lake Baptist Association\n    - Southern Baptist Convention\nname:\n  from: Light on the HIll (First Baptist Church Tooele)\n  to: Light on the Hill (First Baptist Church Tooele)\n\n```','\n',char(10)),'system','{"changes":[{"field":"name","from":"Light on the HIll (First Baptist Church Tooele)","to":"Light on the Hill (First Baptist Church Tooele)"},{"field":"affiliations","from":["Salt Lake Baptist Association"],"to":["Salt Lake Baptist Association","Southern Baptist Convention"]}]}',0,'approved',NULL,NULL,1751836750,1751836750);
INSERT INTO comments VALUES(60,'46d8a072-8f1a-4333-ae8a-01f0fb3196da',282,replace('Aaron Shafovaloff updated church data at 2025-07-06T21:19:21.170Z\n\n```yaml\naffiliations:\n  from: []\n  to:\n    - Southern Baptist Convention\n\n```','\n',char(10)),'system','{"changes":[{"field":"affiliations","from":[],"to":["Southern Baptist Convention"]}]}',0,'approved',NULL,NULL,1751836761,1751836761);
INSERT INTO comments VALUES(61,'46d8a072-8f1a-4333-ae8a-01f0fb3196da',232,replace('Aaron Shafovaloff updated church data at 2025-07-06T21:20:48.323Z\n\n```yaml\naffiliations:\n  from: []\n  to:\n    - Salt Lake Baptist Association\n    - Send Network\n    - Southern Baptist Convention\n\n```','\n',char(10)),'system','{"changes":[{"field":"affiliations","from":[],"to":["Salt Lake Baptist Association","Send Network","Southern Baptist Convention"]}]}',0,'approved',NULL,NULL,1751836848,1751836848);
INSERT INTO comments VALUES(62,'46d8a072-8f1a-4333-ae8a-01f0fb3196da',279,replace('Aaron Shafovaloff updated church data at 2025-07-06T21:21:00.101Z\n\n```yaml\naffiliations:\n  from: []\n  to:\n    - Salt Lake Baptist Association\n    - Southern Baptist Convention\n\n```','\n',char(10)),'system','{"changes":[{"field":"affiliations","from":[],"to":["Salt Lake Baptist Association","Southern Baptist Convention"]}]}',0,'approved',NULL,NULL,1751836860,1751836860);
INSERT INTO comments VALUES(63,'46d8a072-8f1a-4333-ae8a-01f0fb3196da',280,replace('Aaron Shafovaloff updated church data at 2025-07-06T21:21:13.889Z\n\n```yaml\naffiliations:\n  from: []\n  to:\n    - Salt Lake Baptist Association\n    - Southern Baptist Convention\n\n```','\n',char(10)),'system','{"changes":[{"field":"affiliations","from":[],"to":["Salt Lake Baptist Association","Southern Baptist Convention"]}]}',0,'approved',NULL,NULL,1751836873,1751836873);
INSERT INTO comments VALUES(64,'46d8a072-8f1a-4333-ae8a-01f0fb3196da',304,replace('Aaron Shafovaloff updated church data at 2025-07-06T21:21:27.492Z\n\n```yaml\naffiliations:\n  from:\n    - Salt Lake Baptist Association\n  to:\n    - Salt Lake Baptist Association\n    - Southern Baptist Convention\n\n```','\n',char(10)),'system','{"changes":[{"field":"affiliations","from":["Salt Lake Baptist Association"],"to":["Salt Lake Baptist Association","Southern Baptist Convention"]}]}',0,'approved',NULL,NULL,1751836887,1751836887);
INSERT INTO comments VALUES(65,'46d8a072-8f1a-4333-ae8a-01f0fb3196da',330,replace('Aaron Shafovaloff updated church data at 2025-07-06T21:21:48.077Z\n\n```yaml\naffiliations:\n  from:\n    - Send Network\n    - Southern Baptist Convention\n  to:\n    - Salt Lake Baptist Association\n    - Send Network\n    - Southern Baptist Convention\n\n```','\n',char(10)),'system','{"changes":[{"field":"affiliations","from":["Send Network","Southern Baptist Convention"],"to":["Salt Lake Baptist Association","Send Network","Southern Baptist Convention"]}]}',0,'approved',NULL,NULL,1751836908,1751836908);
INSERT INTO comments VALUES(66,'46d8a072-8f1a-4333-ae8a-01f0fb3196da',405,replace('Aaron Shafovaloff updated church data at 2025-07-06T21:22:41.062Z\n\n```yaml\naffiliations:\n  from: []\n  to:\n    - Southern Baptist Convention\n\n```','\n',char(10)),'system','{"changes":[{"field":"affiliations","from":[],"to":["Southern Baptist Convention"]}]}',0,'approved',NULL,NULL,1751836961,1751836961);
INSERT INTO comments VALUES(67,'46d8a072-8f1a-4333-ae8a-01f0fb3196da',285,replace('Aaron Shafovaloff updated church data at 2025-07-06T21:22:56.391Z\n\n```yaml\naffiliations:\n  from:\n    - Color Country Baptist Association\n  to:\n    - Color Country Baptist Association\n    - Southern Baptist Convention\n\n```','\n',char(10)),'system','{"changes":[{"field":"affiliations","from":["Color Country Baptist Association"],"to":["Color Country Baptist Association","Southern Baptist Convention"]}]}',0,'approved',NULL,NULL,1751836976,1751836976);
INSERT INTO comments VALUES(68,'46d8a072-8f1a-4333-ae8a-01f0fb3196da',231,replace('Aaron Shafovaloff updated church data at 2025-07-06T21:23:37.243Z\n\n```yaml\naffiliations:\n  from:\n    - The Pillar Network\n  to:\n    - Southern Baptist Convention\n    - The Pillar Network\n\n```','\n',char(10)),'system','{"changes":[{"field":"affiliations","from":["The Pillar Network"],"to":["Southern Baptist Convention","The Pillar Network"]}]}',0,'approved',NULL,NULL,1751837017,1751837017);
INSERT INTO comments VALUES(69,'46d8a072-8f1a-4333-ae8a-01f0fb3196da',281,replace('Aaron Shafovaloff updated church data at 2025-07-06T21:23:50.267Z\n\n```yaml\naffiliations:\n  from: []\n  to:\n    - Southern Baptist Convention\n\n```','\n',char(10)),'system','{"changes":[{"field":"affiliations","from":[],"to":["Southern Baptist Convention"]}]}',0,'approved',NULL,NULL,1751837030,1751837030);
INSERT INTO comments VALUES(70,'46d8a072-8f1a-4333-ae8a-01f0fb3196da',432,replace('Aaron Shafovaloff updated church data at 2025-07-06T21:25:04.594Z\n\n```yaml\npath:\n  from: south-mountain-community-church-draper\n  to: smcc-draper\n\n```','\n',char(10)),'system','{"changes":[{"field":"path","from":"south-mountain-community-church-draper","to":"smcc-draper"}]}',0,'approved',NULL,NULL,1751837104,1751837104);
INSERT INTO comments VALUES(71,'46d8a072-8f1a-4333-ae8a-01f0fb3196da',375,replace('Aaron Shafovaloff updated church data at 2025-07-06T21:26:31.544Z\n\n```yaml\naffiliations:\n  from:\n    - Color Country Baptist Association\n  to:\n    - Color Country Baptist Association\n    - Southern Baptist Convention\n\n```','\n',char(10)),'system','{"changes":[{"field":"affiliations","from":["Color Country Baptist Association"],"to":["Color Country Baptist Association","Southern Baptist Convention"]}]}',0,'approved',NULL,NULL,1751837191,1751837191);
INSERT INTO comments VALUES(72,'46d8a072-8f1a-4333-ae8a-01f0fb3196da',404,replace('Aaron Shafovaloff updated church data at 2025-07-06T21:26:50.955Z\n\n```yaml\naffiliations:\n  from:\n    - Golden Spike Baptist Network\n  to:\n    - Golden Spike Baptist Network\n    - Southern Baptist Convention\n\n```','\n',char(10)),'system','{"changes":[{"field":"affiliations","from":["Golden Spike Baptist Network"],"to":["Golden Spike Baptist Network","Southern Baptist Convention"]}]}',0,'approved',NULL,NULL,1751837210,1751837210);
INSERT INTO comments VALUES(73,'46d8a072-8f1a-4333-ae8a-01f0fb3196da',423,replace('Aaron Shafovaloff updated church data at 2025-07-06T21:28:19.089Z\n\n```yaml\naffiliations:\n  from:\n    - Golden Spike Baptist Network\n  to:\n    - Golden Spike Baptist Network\n    - Southern Baptist Convention\n\n```','\n',char(10)),'system','{"changes":[{"field":"affiliations","from":["Golden Spike Baptist Network"],"to":["Golden Spike Baptist Network","Southern Baptist Convention"]}]}',0,'approved',NULL,NULL,1751837299,1751837299);
INSERT INTO comments VALUES(74,'46d8a072-8f1a-4333-ae8a-01f0fb3196da',428,replace('Aaron Shafovaloff updated church data at 2025-07-06T21:28:28.002Z\n\n```yaml\naffiliations:\n  from:\n    - Golden Spike Baptist Network\n    - The Pillar Network\n  to:\n    - Golden Spike Baptist Network\n    - Southern Baptist Convention\n    - The Pillar Network\n\n```','\n',char(10)),'system','{"changes":[{"field":"affiliations","from":["Golden Spike Baptist Network","The Pillar Network"],"to":["Golden Spike Baptist Network","Southern Baptist Convention","The Pillar Network"]}]}',0,'approved',NULL,NULL,1751837308,1751837308);
INSERT INTO comments VALUES(75,'46d8a072-8f1a-4333-ae8a-01f0fb3196da',447,replace('Aaron Shafovaloff updated church data at 2025-07-06T21:28:37.793Z\n\n```yaml\naffiliations:\n  from:\n    - Golden Spike Baptist Network\n  to:\n    - Golden Spike Baptist Network\n    - Southern Baptist Convention\n\n```','\n',char(10)),'system','{"changes":[{"field":"affiliations","from":["Golden Spike Baptist Network"],"to":["Golden Spike Baptist Network","Southern Baptist Convention"]}]}',0,'approved',NULL,NULL,1751837317,1751837317);
INSERT INTO comments VALUES(76,'46d8a072-8f1a-4333-ae8a-01f0fb3196da',433,replace('Aaron Shafovaloff updated church data at 2025-07-06T22:09:30.740Z\n\n```yaml\naffiliations:\n  from:\n    - U.S. Conference of Mennonite Brethren Churches\n  to:\n    - South Mountain Community Church\n    - U.S. Conference of Mennonite Brethren Churches\n\n```','\n',char(10)),'system','{"changes":[{"field":"affiliations","from":["U.S. Conference of Mennonite Brethren Churches"],"to":["South Mountain Community Church","U.S. Conference of Mennonite Brethren Churches"]}]}',0,'approved',NULL,NULL,1751839770,1751839770);
INSERT INTO comments VALUES(77,'46d8a072-8f1a-4333-ae8a-01f0fb3196da',281,replace('Aaron Shafovaloff updated church data at 2025-07-06T22:30:14.418Z\n\n```yaml\naffiliations:\n  from:\n    - Southern Baptist Convention\n  to: []\n\n```','\n',char(10)),'system','{"changes":[{"field":"affiliations","from":["Southern Baptist Convention"],"to":[]}]}',0,'approved',NULL,NULL,1751841014,1751841014);
INSERT INTO comments VALUES(78,'46d8a072-8f1a-4333-ae8a-01f0fb3196da',450,replace('Aaron Shafovaloff updated church data at 2025-07-07T01:17:37.000Z\n\n```yaml\ngatheringAddress:\n  from: 10988 S 2200 W, South Jordan, UT 84095\n  to: 10988 2200 W, South Jordan, UT 84095\nlatitude:\n  from: 40.5522711325681\n  to: 40.5522864\nlongitude:\n  from: -111.948614069045\n  to: -111.9486092\n\n```','\n',char(10)),'system','{"changes":[{"field":"gatheringAddress","from":"10988 S 2200 W, South Jordan, UT 84095","to":"10988 2200 W, South Jordan, UT 84095"},{"field":"latitude","from":40.5522711325681,"to":40.5522864},{"field":"longitude","from":-111.948614069045,"to":-111.9486092}]}',0,'approved',NULL,NULL,1751851057,1751851057);
INSERT INTO comments VALUES(79,'46d8a072-8f1a-4333-ae8a-01f0fb3196da',367,replace('Aaron Shafovaloff updated church data at 2025-07-07T02:24:51.280Z\n\n```yaml\naffiliations:\n  from:\n    - Salt Lake Baptist Association\n    - Send Network\n    - Southern Baptist Convention\n  to:\n    - Send Network\n    - Southern Baptist Convention\n\n```','\n',char(10)),'system','{"changes":[{"field":"affiliations","from":["Salt Lake Baptist Association","Send Network","Southern Baptist Convention"],"to":["Send Network","Southern Baptist Convention"]}]}',0,'approved',NULL,NULL,1751855091,1751855091);
INSERT INTO comments VALUES(80,'46d8a072-8f1a-4333-ae8a-01f0fb3196da',543,replace('Aaron Shafovaloff created church at 2025-07-07T02:50:56.451Z\n\n```yaml\nNo changes detected\n```','\n',char(10)),'system','{"action":"create"}',0,'approved',NULL,NULL,1751856656,1751856656);
INSERT INTO comments VALUES(81,'46d8a072-8f1a-4333-ae8a-01f0fb3196da',543,replace('Aaron Shafovaloff updated church data at 2025-07-07T02:51:55.773Z\n\n```yaml\naffiliations:\n  from: []\n  to:\n    - Assemblies of God\nfacebook:\n  from: null\n  to: https://www.facebook.com/freeriverchurch\ngatherings:\n  from: []\n  to:\n    - 10 AM Sunday\ninstagram:\n  from: null\n  to: https://www.instagram.com/freeriverchurch\nphone:\n  from: null\n  to: (385) 503-3203\nstatementOfFaith:\n  from: null\n  to: https://ag.org/beliefs/statement-of-fundamental-truths\nyoutube:\n  from: null\n  to: https://youtube.com/@FreeRiverChurch\n\n```','\n',char(10)),'system','{"changes":[{"field":"statementOfFaith","from":null,"to":"https://ag.org/beliefs/statement-of-fundamental-truths"},{"field":"phone","from":null,"to":"(385) 503-3203"},{"field":"facebook","from":null,"to":"https://www.facebook.com/freeriverchurch"},{"field":"instagram","from":null,"to":"https://www.instagram.com/freeriverchurch"},{"field":"youtube","from":null,"to":"https://youtube.com/@FreeRiverChurch"},{"field":"gatherings","from":[],"to":["10 AM Sunday"]},{"field":"affiliations","from":[],"to":["Assemblies of God"]}]}',0,'approved',NULL,NULL,1751856715,1751856715);
INSERT INTO comments VALUES(82,'46d8a072-8f1a-4333-ae8a-01f0fb3196da',199,replace('Updated\n\n```yaml\ngatheringAddress:\n  from: 4558 W Patriot Ridge Dr, Herriman, Utah 84096\n  to: 4558 Patriot Ridge Dr, Herriman, UT 84065\nlatitude:\n  from: 40.4865399422314\n  to: 40.4865591\nlongitude:\n  from: -111.999840089413\n  to: -111.9998503\n\n```','\n',char(10)),'system','{"changes":[{"field":"gatheringAddress","from":"4558 W Patriot Ridge Dr, Herriman, Utah 84096","to":"4558 Patriot Ridge Dr, Herriman, UT 84065"},{"field":"latitude","from":40.4865399422314,"to":40.4865591},{"field":"longitude","from":-111.999840089413,"to":-111.9998503}]}',0,'approved',NULL,NULL,1751860580,1751860580);
INSERT INTO comments VALUES(83,'46d8a072-8f1a-4333-ae8a-01f0fb3196da',488,replace('Updated\n\n```yaml\nemail:\n  from: null\n  to: officeadmin@cogpc.org\nfacebook:\n  from: null\n  to: https://www.facebook.com/communityofgracepcusa\ngatherings:\n  from: []\n  to:\n    - 10 AM Sunday - Online\ninstagram:\n  from: null\n  to: https://www.instagram.com/communityofgracepcusa/\nlatitude:\n  from: 40.5908948416245\n  to: 40.5908704\nlongitude:\n  from: -111.833398728835\n  to: -111.833388\nphone:\n  from: null\n  to: (801) 943-4043\n\n```','\n',char(10)),'system','{"changes":[{"field":"latitude","from":40.5908948416245,"to":40.5908704},{"field":"longitude","from":-111.833398728835,"to":-111.833388},{"field":"phone","from":null,"to":"(801) 943-4043"},{"field":"email","from":null,"to":"officeadmin@cogpc.org"},{"field":"facebook","from":null,"to":"https://www.facebook.com/communityofgracepcusa"},{"field":"instagram","from":null,"to":"https://www.instagram.com/communityofgracepcusa/"},{"field":"gatherings","from":[],"to":["10 AM Sunday - Online"]}]}',0,'approved',NULL,NULL,1751863921,1751863921);
INSERT INTO comments VALUES(84,'46d8a072-8f1a-4333-ae8a-01f0fb3196da',489,replace('Updated\n\n```yaml\ngatheringAddress:\n  from: 311 S 100 E, Brigham City, Utah 84302\n  to: 311 S 100 E, Brigham City, UT 84302\nlatitude:\n  from: 41.504265081352\n  to: 41.5042692\nlongitude:\n  from: -112.013824065158\n  to: -112.0138244\n\n```','\n',char(10)),'system','{"changes":[{"field":"gatheringAddress","from":"311 S 100 E, Brigham City, Utah 84302","to":"311 S 100 E, Brigham City, UT 84302"},{"field":"latitude","from":41.504265081352,"to":41.5042692},{"field":"longitude","from":-112.013824065158,"to":-112.0138244}]}',0,'approved',NULL,NULL,1751864256,1751864256);
INSERT INTO comments VALUES(85,'46d8a072-8f1a-4333-ae8a-01f0fb3196da',490,replace('Updated\n\n```yaml\nlatitude:\n  from: 41.1759206061356\n  to: 41.1755739\nlongitude:\n  from: -111.9795967\n  to: -111.9793567\n\n```','\n',char(10)),'system','{"changes":[{"field":"latitude","from":41.1759206061356,"to":41.1755739},{"field":"longitude","from":-111.9795967,"to":-111.9793567}]}',0,'approved',NULL,NULL,1751864520,1751864520);
INSERT INTO comments VALUES(86,'46d8a072-8f1a-4333-ae8a-01f0fb3196da',492,replace('Updated\n\n```yaml\ngatherings:\n  from: []\n  to:\n    - 10 AM Sunday\nlatitude:\n  from: 40.6399484721393\n  to: 40.639942\nlongitude:\n  from: -111.847719757409\n  to: -111.8477197\n\n```','\n',char(10)),'system','{"changes":[{"field":"latitude","from":40.6399484721393,"to":40.639942},{"field":"longitude","from":-111.847719757409,"to":-111.8477197},{"field":"gatherings","from":[],"to":["10 AM Sunday"]}]}',0,'approved',NULL,NULL,1751864575,1751864575);
INSERT INTO comments VALUES(87,'46d8a072-8f1a-4333-ae8a-01f0fb3196da',493,replace('Updated\n\n```yaml\ngatheringAddress:\n  from: 575 23rd Street, Ogden, UT 84401\n  to: 575 23rd St, Ogden, UT 84401\ngatherings:\n  from:\n    - 10 AM - Worship\n    - 9 AM - Bible study\n  to:\n    - 10 AM Sunday - Worship\n    - 9 AM Sunday - Bible study\nlatitude:\n  from: 41.2246075831919\n  to: 41.2245401\nlongitude:\n  from: -111.965037687106\n  to: -111.9652006\n\n```','\n',char(10)),'system','{"changes":[{"field":"gatheringAddress","from":"575 23rd Street, Ogden, UT 84401","to":"575 23rd St, Ogden, UT 84401"},{"field":"latitude","from":41.2246075831919,"to":41.2245401},{"field":"longitude","from":-111.965037687106,"to":-111.9652006},{"field":"gatherings","from":["10 AM - Worship","9 AM - Bible study"],"to":["10 AM Sunday - Worship","9 AM Sunday - Bible study"]}]}',0,'approved',NULL,NULL,1751895518,1751895518);
INSERT INTO comments VALUES(88,'46d8a072-8f1a-4333-ae8a-01f0fb3196da',494,replace('Updated\n\n```yaml\nlatitude:\n  from: 41.2231073151753\n  to: 41.2230981\nlongitude:\n  from: -111.97274775703\n  to: -111.9727462\n\n```','\n',char(10)),'system','{"changes":[{"field":"latitude","from":41.2231073151753,"to":41.2230981},{"field":"longitude","from":-111.97274775703,"to":-111.9727462}]}',0,'approved',NULL,NULL,1751895543,1751895543);
INSERT INTO comments VALUES(89,'46d8a072-8f1a-4333-ae8a-01f0fb3196da',459,replace('Updated\n\n```yaml\ngatheringAddress:\n  from: 456 S University Ave, Provo, Utah 84601\n  to: 456 S University Ave, Provo, UT 84601\ngatherings:\n  from:\n    - 10 AM Sunday - Bilingual service\n    - 6 AM Sunday - Prayer\n    - 7 PM Tuesday - Bible study\n    - 7 PM Wednesday - Prayer\n  to: []\nlatitude:\n  from: 40.2276924968492\n  to: 40.2276444\nlongitude:\n  from: -111.658983484431\n  to: -111.6590391\n\n```','\n',char(10)),'system','{"changes":[{"field":"gatheringAddress","from":"456 S University Ave, Provo, Utah 84601","to":"456 S University Ave, Provo, UT 84601"},{"field":"latitude","from":40.2276924968492,"to":40.2276444},{"field":"longitude","from":-111.658983484431,"to":-111.6590391},{"field":"gatherings","from":["10 AM Sunday - Bilingual service","6 AM Sunday - Prayer","7 PM Tuesday - Bible study","7 PM Wednesday - Prayer"],"to":[]}]}',0,'approved',NULL,NULL,1751898525,1751898525);
INSERT INTO comments VALUES(90,'46d8a072-8f1a-4333-ae8a-01f0fb3196da',349,replace('Updated\n\n```yaml\nprivateNotes:\n  from: Web site seems down?\n  to: "https://www.libertyfaithfellowship.org/\r\nWeb site seems down?"\npublicNotes:\n  from: Egalitarian denomination\n  to: Egalitarian, Pentecostal denomination\nwebsite:\n  from: https://www.libertyfaithfellowship.org/\n  to: null\n\n```','\n',char(10)),'system','{"changes":[{"field":"privateNotes","from":"Web site seems down?","to":"https://www.libertyfaithfellowship.org/\r\nWeb site seems down?"},{"field":"publicNotes","from":"Egalitarian denomination","to":"Egalitarian, Pentecostal denomination"},{"field":"website","from":"https://www.libertyfaithfellowship.org/"}]}',0,'approved',NULL,NULL,1751898745,1751898745);
INSERT INTO comments VALUES(91,'46d8a072-8f1a-4333-ae8a-01f0fb3196da',349,replace('Updated\n\n```yaml\nwebsite:\n  from: https://www.libertyfaithfellowship.org/\n  to: null\n\n```','\n',char(10)),'system','{"changes":[{"field":"website","from":"https://www.libertyfaithfellowship.org/"}]}',0,'approved',NULL,NULL,1751898763,1751898763);
INSERT INTO comments VALUES(92,'46d8a072-8f1a-4333-ae8a-01f0fb3196da',292,replace('Updated\n\n```yaml\nlatitude:\n  from: 40.5355722003275\n  to: 40.5355865\nlongitude:\n  from: -111.957018811174\n  to: -111.9570069\n\n```','\n',char(10)),'system','{"changes":[{"field":"latitude","from":40.5355722003275,"to":40.5355865},{"field":"longitude","from":-111.957018811174,"to":-111.9570069}]}',0,'approved',NULL,NULL,1751907926,1751907926);
INSERT INTO comments VALUES(93,'46d8a072-8f1a-4333-ae8a-01f0fb3196da',291,replace('Updated\n\n```yaml\ngatheringAddress:\n  from: 662 East 1300 South, Salt Lake City, UT 84105\n  to: 662 E 1300 S, Salt Lake City, UT 84105\nlatitude:\n  from: 40.7413564971052\n  to: 40.7413264\nlongitude:\n  from: -111.871737871955\n  to: -111.8719729\n\n```','\n',char(10)),'system','{"changes":[{"field":"gatheringAddress","from":"662 East 1300 South, Salt Lake City, UT 84105","to":"662 E 1300 S, Salt Lake City, UT 84105"},{"field":"latitude","from":40.7413564971052,"to":40.7413264},{"field":"longitude","from":-111.871737871955,"to":-111.8719729}]}',0,'approved',NULL,NULL,1751907946,1751907946);
INSERT INTO comments VALUES(94,'46d8a072-8f1a-4333-ae8a-01f0fb3196da',294,replace('Updated\n\n```yaml\nlatitude:\n  from: 41.736571072941\n  to: 41.7365817\nlongitude:\n  from: -111.823981682849\n  to: -111.8239818\n\n```','\n',char(10)),'system','{"changes":[{"field":"latitude","from":41.736571072941,"to":41.7365817},{"field":"longitude","from":-111.823981682849,"to":-111.8239818}]}',0,'approved',NULL,NULL,1751907963,1751907963);
INSERT INTO comments VALUES(95,'46d8a072-8f1a-4333-ae8a-01f0fb3196da',293,replace('Updated\n\n```yaml\ngatheringAddress:\n  from: 1175 W 600 N, Salt Lake City, Utah 84116\n  to: 1175 W 600 N, Salt Lake City, UT 84116\nlatitude:\n  from: 40.7819707118269\n  to: 40.781976\nlongitude:\n  from: -111.924993268724\n  to: -111.9249782\n\n```','\n',char(10)),'system','{"changes":[{"field":"gatheringAddress","from":"1175 W 600 N, Salt Lake City, Utah 84116","to":"1175 W 600 N, Salt Lake City, UT 84116"},{"field":"latitude","from":40.7819707118269,"to":40.781976},{"field":"longitude","from":-111.924993268724,"to":-111.9249782}]}',0,'approved',NULL,NULL,1751907976,1751907976);
INSERT INTO comments VALUES(96,'46d8a072-8f1a-4333-ae8a-01f0fb3196da',544,'Created','system','{"action":"create"}',0,'approved',NULL,NULL,1751914606,1751914606);
INSERT INTO comments VALUES(97,'46d8a072-8f1a-4333-ae8a-01f0fb3196da',544,replace('Updated\n\n```yaml\npublicNotes:\n  from: null\n  to: Lacks statement of faith\nstatus:\n  from: null\n  to: Unlisted\n\n```','\n',char(10)),'system','{"changes":[{"field":"status","from":null,"to":"Unlisted"},{"field":"publicNotes","from":null,"to":"Lacks statement of faith"}]}',0,'approved',NULL,NULL,1751914650,1751914650);
INSERT INTO comments VALUES(98,'46d8a072-8f1a-4333-ae8a-01f0fb3196da',358,replace('Updated\n\n```yaml\nprivateNotes:\n  from: null\n  to: "https://www.gotquestions.org/Potters-House-Christian-Fellowship.html\r\n\r\nhttps://www.equip.org/articles/the-potters-house/"\n\n```','\n',char(10)),'system','{"changes":[{"field":"privateNotes","from":null,"to":"https://www.gotquestions.org/Potters-House-Christian-Fellowship.html\r\n\r\nhttps://www.equip.org/articles/the-potters-house/"}]}',0,'approved',NULL,NULL,1751992201,1751992201);
INSERT INTO comments VALUES(99,'46d8a072-8f1a-4333-ae8a-01f0fb3196da',219,replace('Updated\n\n```yaml\ngatherings:\n  from:\n    - 11 AM Sunday\n  to:\n    - 11 AM Sunday\n    - 6:30 PM Wednesday - Bible study\n    - 7 PM Monday - Prayer meeting\n\n```','\n',char(10)),'system','{"changes":[{"field":"gatherings","from":["11 AM Sunday"],"to":["11 AM Sunday","6:30 PM Wednesday - Bible study","7 PM Monday - Prayer meeting"]}]}',0,'approved',NULL,NULL,1752003495,1752003495);
INSERT INTO comments VALUES(100,'46d8a072-8f1a-4333-ae8a-01f0fb3196da',393,replace('Updated\n\n```yaml\nemail:\n  from: info@orchardhills.org\n  to: orchardhillsbiblechurch@gmail.com\ngatherings:\n  from:\n    - 10:30 AM Sunday - Worship\n    - 6 PM Sunday - Evening service\n    - 7 PM Wednesday - Bible study\n    - 9 AM Sunday - Worship\n  to: []\nlatitude:\n  from: 40.0165694366969\n  to: 40.0166219\nlongitude:\n  from: -111.74480920605\n  to: -111.7447967\nphone:\n  from: (801) 225-0130\n  to: (801) 609-4107\nstatementOfFaith:\n  from: https://www.orchardhills.org/what-we-believe\n  to: https://www.orchardhillsbiblechurch.com/what-we-believe\n\n```','\n',char(10)),'system','{"changes":[{"field":"latitude","from":40.0165694366969,"to":40.0166219},{"field":"longitude","from":-111.74480920605,"to":-111.7447967},{"field":"statementOfFaith","from":"https://www.orchardhills.org/what-we-believe","to":"https://www.orchardhillsbiblechurch.com/what-we-believe"},{"field":"phone","from":"(801) 225-0130","to":"(801) 609-4107"},{"field":"email","from":"info@orchardhills.org","to":"orchardhillsbiblechurch@gmail.com"},{"field":"gatherings","from":["10:30 AM Sunday - Worship","6 PM Sunday - Evening service","7 PM Wednesday - Bible study","9 AM Sunday - Worship"],"to":[]}]}',0,'approved',NULL,NULL,1752092969,1752092969);
INSERT INTO comments VALUES(101,'46d8a072-8f1a-4333-ae8a-01f0fb3196da',393,replace('Updated\n\n```yaml\ngatherings:\n  from: []\n  to:\n    - 10:45 AM Sunday - Worship Service\n    - 9:30 AM Sunday - Sunday School\n\n```','\n',char(10)),'system','{"changes":[{"field":"gatherings","from":[],"to":["10:45 AM Sunday - Worship Service","9:30 AM Sunday - Sunday School"]}]}',0,'approved',NULL,NULL,1752093063,1752093063);
INSERT INTO comments VALUES(102,'46d8a072-8f1a-4333-ae8a-01f0fb3196da',393,replace('Updated\n\n```yaml\ngatherings:\n  from:\n    - 10:45 AM Sunday - Worship Service\n    - 9:30 AM Sunday - Sunday School\n  to:\n    - 10:45 AM Sunday - Worship Service\n    - 7 PM Wednesday - Mid-Week Service\n    - 9:30 AM Sunday - Sunday School\n\n```','\n',char(10)),'system','{"changes":[{"field":"gatherings","from":["10:45 AM Sunday - Worship Service","9:30 AM Sunday - Sunday School"],"to":["10:45 AM Sunday - Worship Service","7 PM Wednesday - Mid-Week Service","9:30 AM Sunday - Sunday School"]}]}',0,'approved',NULL,NULL,1752093151,1752093151);
INSERT INTO comments VALUES(103,'46d8a072-8f1a-4333-ae8a-01f0fb3196da',353,replace('Updated\n\n```yaml\nimagePath:\n  from: churches/1752333109738_lifeline.jpg\n  to: null\n\n```','\n',char(10)),'system','{"changes":[{"field":"imagePath","from":"churches/1752333109738_lifeline.jpg"}]}',0,'approved',NULL,NULL,1752333212,1752333212);
INSERT INTO comments VALUES(104,'46d8a072-8f1a-4333-ae8a-01f0fb3196da',353,replace('Updated\n\n```yaml\nimagePath:\n  from: churches/1752333223282_lifeline.jpg\n  to: null\n\n```','\n',char(10)),'system','{"changes":[{"field":"imagePath","from":"churches/1752333223282_lifeline.jpg"}]}',0,'approved',NULL,NULL,1752333257,1752333257);
INSERT INTO comments VALUES(105,'46d8a072-8f1a-4333-ae8a-01f0fb3196da',332,replace('Updated\n\n```yaml\nlatitude:\n  from: 40.5934731114762\n  to: 40.5355865\nlongitude:\n  from: -111.978314147438\n  to: -111.9570069\n\n```','\n',char(10)),'system','{"changes":[{"field":"latitude","from":40.5934731114762,"to":40.5355865},{"field":"longitude","from":-111.978314147438,"to":-111.9570069}]}',0,'approved',NULL,NULL,1752409763,1752409763);
INSERT INTO comments VALUES(106,'46d8a072-8f1a-4333-ae8a-01f0fb3196da',332,replace('Updated\n\n```yaml\npublicNotes:\n  from: Hispanic. 1689 LBCF. Meets at Gospel Hope Church.\n  to: Meets at Gospel Hope Church. 1689 LBCF.\n\n```','\n',char(10)),'system','{"changes":[{"field":"publicNotes","from":"Hispanic. 1689 LBCF. Meets at Gospel Hope Church.","to":"Meets at Gospel Hope Church. 1689 LBCF."}]}',0,'approved',NULL,NULL,1752410781,1752410781);
INSERT INTO comments VALUES(107,'46d8a072-8f1a-4333-ae8a-01f0fb3196da',332,replace('Updated\n\n```yaml\ngatherings:\n  from:\n    - 1 PM\n  to:\n    - 1:30 PM\nphone:\n  from: (801) 803-8209\n  to: (801) 889-9645\n\n```','\n',char(10)),'system','{"changes":[{"field":"phone","from":"(801) 803-8209","to":"(801) 889-9645"},{"field":"gatherings","from":["1 PM"],"to":["1:30 PM"]}]}',0,'approved',NULL,NULL,1752434155,1752434155);
INSERT INTO comments VALUES(108,'46d8a072-8f1a-4333-ae8a-01f0fb3196da',353,replace('Updated\n\n```yaml\npublicNotes:\n  from: null\n  to: .\n\n```','\n',char(10)),'system','{"changes":[{"field":"publicNotes","from":null,"to":"."}]}',0,'approved',NULL,NULL,1752464627,1752464627);
INSERT INTO comments VALUES(109,'46d8a072-8f1a-4333-ae8a-01f0fb3196da',353,replace('Updated\n\n```yaml\npublicNotes:\n  from: .\n  to: null\n\n```','\n',char(10)),'system','{"changes":[{"field":"publicNotes","from":"."}]}',0,'approved',NULL,NULL,1752464660,1752464660);
INSERT INTO comments VALUES(110,'46d8a072-8f1a-4333-ae8a-01f0fb3196da',450,replace('Updated\n\n```yaml\npath:\n  from: the-mission-church\n  to: tmc\n\n```','\n',char(10)),'system','{"changes":[{"field":"path","from":"the-mission-church","to":"tmc"}]}',0,'approved',NULL,NULL,1752466007,1752466007);
INSERT INTO comments VALUES(111,'46d8a072-8f1a-4333-ae8a-01f0fb3196da',193,replace('Updated\n\n```yaml\nstatementOfFaith:\n  from: https://anchorbaptistslc.org/beliefs/\n  to: https://www.anchorbaptistslc.org/about/beliefs/\nwebsite:\n  from: http://www.anchorbaptistslc.org/\n  to: https://www.anchorbaptistslc.org/\n\n```','\n',char(10)),'system','{"changes":[{"field":"website","from":"http://www.anchorbaptistslc.org/","to":"https://www.anchorbaptistslc.org/"},{"field":"statementOfFaith","from":"https://anchorbaptistslc.org/beliefs/","to":"https://www.anchorbaptistslc.org/about/beliefs/"}]}',0,'approved',NULL,NULL,1752496197,1752496197);
INSERT INTO comments VALUES(112,'46d8a072-8f1a-4333-ae8a-01f0fb3196da',294,replace('Updated\n\n```yaml\nstatementOfFaith:\n  from: https://gospelpeace.com//about-us/beliefs/\n  to: https://gospelpeace.com/about-us/beliefs/\n\n```','\n',char(10)),'system','{"changes":[{"field":"statementOfFaith","from":"https://gospelpeace.com//about-us/beliefs/","to":"https://gospelpeace.com/about-us/beliefs/"}]}',0,'approved',NULL,NULL,1752530640,1752530640);
INSERT INTO comments VALUES(113,'46d8a072-8f1a-4333-ae8a-01f0fb3196da',266,replace('Updated\n\n```yaml\nyoutube:\n  from: https://youtube.com/user/UC2TMCoFsAHt3JuTIQ_PWYFw\n  to: https://www.youtube.com/channel/UC2TMCoFsAHt3JuTIQ_PWYFw\n\n```','\n',char(10)),'system','{"changes":[{"field":"youtube","from":"https://youtube.com/user/UC2TMCoFsAHt3JuTIQ_PWYFw","to":"https://www.youtube.com/channel/UC2TMCoFsAHt3JuTIQ_PWYFw"}]}',0,'approved',NULL,NULL,1752536490,1752536490);
CREATE TABLE users (
  id TEXT PRIMARY KEY,
  name TEXT NOT NULL,
  email TEXT NOT NULL UNIQUE,
  email_verified INTEGER DEFAULT 0,
  image TEXT,
  role TEXT NOT NULL DEFAULT 'user',
  created_at INTEGER NOT NULL DEFAULT (strftime('%s', 'now')),
  updated_at INTEGER NOT NULL DEFAULT (strftime('%s', 'now'))
);
INSERT INTO users VALUES('46d8a072-8f1a-4333-ae8a-01f0fb3196da','Aaron Shafovaloff','aaronshaf@gmail.com',1,'https://lh3.googleusercontent.com/a/ACg8ocL-8naarG4ZQ46TRxo6kGlMDMcnOwVfljt9T70jcp5v7HzhkOuqwA=s96-c','admin',1751744290,1751744290);
INSERT INTO users VALUES('dd8d9f3e-7310-4893-b267-9b2e98f983b9','Stacia Shafovaloff','stacia.shaf@gmail.com',1,'https://lh3.googleusercontent.com/a/ACg8ocJ9erxOjl8MxRIMfZr-8ISvRT25E7aoJJiWD30Khj4-X1jTGeeohg=s96-c','user',1751745782,1751745782);
INSERT INTO users VALUES('83cc5dac-31ea-4628-8406-06e2e97c490c','Steve Swinburne','sswinburne@gmail.com',1,'https://lh3.googleusercontent.com/a/ACg8ocLLBdz7bgI5PbO9-GV_AdY368Xtxlg0DFtLNrQiv-ntGqQamfnp=s96-c','user',1751907632,1751907632);
CREATE TABLE sessions (
  id TEXT PRIMARY KEY,
  expires_at INTEGER NOT NULL,
  created_at INTEGER NOT NULL DEFAULT (strftime('%s', 'now')),
  updated_at INTEGER NOT NULL DEFAULT (strftime('%s', 'now')),
  ip_address TEXT,
  user_agent TEXT,
  user_id TEXT NOT NULL,
  FOREIGN KEY (user_id) REFERENCES users(id) ON DELETE CASCADE
);
INSERT INTO sessions VALUES('1db411a0-015a-40b1-b622-2b52ccba4f25',1754336290,1751744290,1751744290,'2605:a601:a9c8:e400:1892:dd33:d983:2445','Mozilla/5.0 (Macintosh; Intel Mac OS X 10_15_7) AppleWebKit/537.36 (KHTML, like Gecko) Chrome/138.0.0.0 Safari/537.36','46d8a072-8f1a-4333-ae8a-01f0fb3196da');
INSERT INTO sessions VALUES('998e2220-f07d-4d43-a1c7-b0ab3a69b5e5',1754337782,1751745782,1751745782,'2605:a601:a9c8:e400:4d43:2503:fdf8:2eb4','Mozilla/5.0 (Macintosh; Intel Mac OS X 10_15_7) AppleWebKit/537.36 (KHTML, like Gecko) Chrome/134.0.0.0 Safari/537.36','dd8d9f3e-7310-4893-b267-9b2e98f983b9');
INSERT INTO sessions VALUES('85620fa4-c1c3-43f1-b368-b86f5b2e83f0',1754499632,1751907632,1751907632,'66.111.122.27','Mozilla/5.0 (Macintosh; Intel Mac OS X 10_15_7) AppleWebKit/605.1.15 (KHTML, like Gecko) Version/18.5 Safari/605.1.15','83cc5dac-31ea-4628-8406-06e2e97c490c');
INSERT INTO sessions VALUES('effd6d1f-298b-46ad-bc73-bbb320ffb56f',1755002716,1752410716,1752410716,'2605:a601:a9c8:e400:311c:991d:55f:2abd','Mozilla/5.0 (Macintosh; Intel Mac OS X 10_15_7) AppleWebKit/537.36 (KHTML, like Gecko) Chrome/138.0.0.0 Safari/537.36','46d8a072-8f1a-4333-ae8a-01f0fb3196da');
INSERT INTO sessions VALUES('8b273462-041f-462d-9b71-1e9177102386',1755026083,1752434083,1752434083,'2600:100e:b32a:b905:d5cc:a431:f019:bfe0','Mozilla/5.0 (iPhone; CPU iPhone OS 18_5 like Mac OS X) AppleWebKit/605.1.15 (KHTML, like Gecko) Version/18.5 Mobile/15E148 Safari/604.1','46d8a072-8f1a-4333-ae8a-01f0fb3196da');
INSERT INTO sessions VALUES('f7236012-9074-46d9-a072-d2a77c04e045',1755040891,1752448891,1752448891,'2605:a601:a9c8:e400:311c:991d:55f:2abd','Mozilla/5.0 (Macintosh; Intel Mac OS X 10_15_7) AppleWebKit/537.36 (KHTML, like Gecko) Chrome/138.0.0.0 Safari/537.36','46d8a072-8f1a-4333-ae8a-01f0fb3196da');
CREATE TABLE accounts (
  id TEXT PRIMARY KEY,
  account_id TEXT NOT NULL,
  provider_id TEXT NOT NULL,
  user_id TEXT NOT NULL,
  access_token TEXT,
  refresh_token TEXT,
  created_at INTEGER NOT NULL DEFAULT (strftime('%s', 'now')),
  updated_at INTEGER NOT NULL DEFAULT (strftime('%s', 'now')),
  FOREIGN KEY (user_id) REFERENCES users(id) ON DELETE CASCADE
);
CREATE TABLE verification_tokens (
  id TEXT PRIMARY KEY,
  token TEXT NOT NULL,
  identifier TEXT NOT NULL,
  expires_at INTEGER NOT NULL,
  created_at INTEGER NOT NULL DEFAULT (strftime('%s', 'now')),
  updated_at INTEGER NOT NULL DEFAULT (strftime('%s', 'now'))
);
CREATE TABLE verification (
  id TEXT PRIMARY KEY,
  identifier TEXT NOT NULL,
  value TEXT NOT NULL,
  expires_at INTEGER NOT NULL,
  created_at INTEGER NOT NULL DEFAULT (strftime('%s', 'now')),
  updated_at INTEGER NOT NULL DEFAULT (strftime('%s', 'now'))
);
CREATE TABLE IF NOT EXISTS "church_affiliations" (church_id INTEGER NOT NULL, affiliation_id INTEGER NOT NULL, PRIMARY KEY (church_id, affiliation_id), FOREIGN KEY (church_id) REFERENCES churches(id), FOREIGN KEY (affiliation_id) REFERENCES affiliations(id));
INSERT INTO church_affiliations VALUES(181,7);
INSERT INTO church_affiliations VALUES(182,44);
INSERT INTO church_affiliations VALUES(183,22);
INSERT INTO church_affiliations VALUES(184,3);
INSERT INTO church_affiliations VALUES(185,3);
INSERT INTO church_affiliations VALUES(186,3);
INSERT INTO church_affiliations VALUES(187,3);
INSERT INTO church_affiliations VALUES(188,3);
INSERT INTO church_affiliations VALUES(189,3);
INSERT INTO church_affiliations VALUES(190,3);
INSERT INTO church_affiliations VALUES(191,3);
INSERT INTO church_affiliations VALUES(192,46);
INSERT INTO church_affiliations VALUES(194,51);
INSERT INTO church_affiliations VALUES(197,10);
INSERT INTO church_affiliations VALUES(198,9);
INSERT INTO church_affiliations VALUES(199,48);
INSERT INTO church_affiliations VALUES(200,29);
INSERT INTO church_affiliations VALUES(201,26);
INSERT INTO church_affiliations VALUES(201,48);
INSERT INTO church_affiliations VALUES(203,24);
INSERT INTO church_affiliations VALUES(204,39);
INSERT INTO church_affiliations VALUES(205,48);
INSERT INTO church_affiliations VALUES(205,49);
INSERT INTO church_affiliations VALUES(206,26);
INSERT INTO church_affiliations VALUES(206,48);
INSERT INTO church_affiliations VALUES(208,44);
INSERT INTO church_affiliations VALUES(209,17);
INSERT INTO church_affiliations VALUES(211,11);
INSERT INTO church_affiliations VALUES(212,10);
INSERT INTO church_affiliations VALUES(213,10);
INSERT INTO church_affiliations VALUES(214,10);
INSERT INTO church_affiliations VALUES(215,10);
INSERT INTO church_affiliations VALUES(216,10);
INSERT INTO church_affiliations VALUES(217,10);
INSERT INTO church_affiliations VALUES(218,7);
INSERT INTO church_affiliations VALUES(220,10);
INSERT INTO church_affiliations VALUES(221,11);
INSERT INTO church_affiliations VALUES(222,10);
INSERT INTO church_affiliations VALUES(223,7);
INSERT INTO church_affiliations VALUES(224,48);
INSERT INTO church_affiliations VALUES(225,48);
INSERT INTO church_affiliations VALUES(227,7);
INSERT INTO church_affiliations VALUES(229,17);
INSERT INTO church_affiliations VALUES(230,41);
INSERT INTO church_affiliations VALUES(231,48);
INSERT INTO church_affiliations VALUES(231,52);
INSERT INTO church_affiliations VALUES(232,46);
INSERT INTO church_affiliations VALUES(232,47);
INSERT INTO church_affiliations VALUES(232,48);
INSERT INTO church_affiliations VALUES(233,32);
INSERT INTO church_affiliations VALUES(235,39);
INSERT INTO church_affiliations VALUES(236,7);
INSERT INTO church_affiliations VALUES(237,7);
INSERT INTO church_affiliations VALUES(239,46);
INSERT INTO church_affiliations VALUES(239,48);
INSERT INTO church_affiliations VALUES(245,44);
INSERT INTO church_affiliations VALUES(249,28);
INSERT INTO church_affiliations VALUES(251,44);
INSERT INTO church_affiliations VALUES(252,21);
INSERT INTO church_affiliations VALUES(253,46);
INSERT INTO church_affiliations VALUES(253,48);
INSERT INTO church_affiliations VALUES(254,21);
INSERT INTO church_affiliations VALUES(255,21);
INSERT INTO church_affiliations VALUES(257,15);
INSERT INTO church_affiliations VALUES(257,48);
INSERT INTO church_affiliations VALUES(258,12);
INSERT INTO church_affiliations VALUES(261,7);
INSERT INTO church_affiliations VALUES(262,26);
INSERT INTO church_affiliations VALUES(262,48);
INSERT INTO church_affiliations VALUES(264,46);
INSERT INTO church_affiliations VALUES(264,48);
INSERT INTO church_affiliations VALUES(265,17);
INSERT INTO church_affiliations VALUES(269,24);
INSERT INTO church_affiliations VALUES(270,9);
INSERT INTO church_affiliations VALUES(271,50);
INSERT INTO church_affiliations VALUES(272,48);
INSERT INTO church_affiliations VALUES(273,23);
INSERT INTO church_affiliations VALUES(274,6);
INSERT INTO church_affiliations VALUES(275,48);
INSERT INTO church_affiliations VALUES(276,6);
INSERT INTO church_affiliations VALUES(277,46);
INSERT INTO church_affiliations VALUES(277,48);
INSERT INTO church_affiliations VALUES(278,38);
INSERT INTO church_affiliations VALUES(279,46);
INSERT INTO church_affiliations VALUES(279,48);
INSERT INTO church_affiliations VALUES(280,46);
INSERT INTO church_affiliations VALUES(280,48);
INSERT INTO church_affiliations VALUES(282,48);
INSERT INTO church_affiliations VALUES(283,32);
INSERT INTO church_affiliations VALUES(284,48);
INSERT INTO church_affiliations VALUES(285,15);
INSERT INTO church_affiliations VALUES(285,48);
INSERT INTO church_affiliations VALUES(286,46);
INSERT INTO church_affiliations VALUES(286,48);
INSERT INTO church_affiliations VALUES(288,7);
INSERT INTO church_affiliations VALUES(289,58);
INSERT INTO church_affiliations VALUES(290,33);
INSERT INTO church_affiliations VALUES(291,40);
INSERT INTO church_affiliations VALUES(291,48);
INSERT INTO church_affiliations VALUES(293,40);
INSERT INTO church_affiliations VALUES(293,48);
INSERT INTO church_affiliations VALUES(298,24);
INSERT INTO church_affiliations VALUES(300,6);
INSERT INTO church_affiliations VALUES(301,27);
INSERT INTO church_affiliations VALUES(303,9);
INSERT INTO church_affiliations VALUES(304,46);
INSERT INTO church_affiliations VALUES(304,48);
INSERT INTO church_affiliations VALUES(307,44);
INSERT INTO church_affiliations VALUES(308,29);
INSERT INTO church_affiliations VALUES(309,32);
INSERT INTO church_affiliations VALUES(310,32);
INSERT INTO church_affiliations VALUES(311,29);
INSERT INTO church_affiliations VALUES(312,53);
INSERT INTO church_affiliations VALUES(318,7);
INSERT INTO church_affiliations VALUES(321,33);
INSERT INTO church_affiliations VALUES(322,32);
INSERT INTO church_affiliations VALUES(323,32);
INSERT INTO church_affiliations VALUES(325,46);
INSERT INTO church_affiliations VALUES(325,48);
INSERT INTO church_affiliations VALUES(326,19);
INSERT INTO church_affiliations VALUES(327,46);
INSERT INTO church_affiliations VALUES(327,47);
INSERT INTO church_affiliations VALUES(327,48);
INSERT INTO church_affiliations VALUES(327,52);
INSERT INTO church_affiliations VALUES(329,46);
INSERT INTO church_affiliations VALUES(329,48);
INSERT INTO church_affiliations VALUES(329,52);
INSERT INTO church_affiliations VALUES(330,46);
INSERT INTO church_affiliations VALUES(330,47);
INSERT INTO church_affiliations VALUES(330,48);
INSERT INTO church_affiliations VALUES(331,46);
INSERT INTO church_affiliations VALUES(331,48);
INSERT INTO church_affiliations VALUES(331,52);
INSERT INTO church_affiliations VALUES(333,48);
INSERT INTO church_affiliations VALUES(335,57);
INSERT INTO church_affiliations VALUES(336,44);
INSERT INTO church_affiliations VALUES(339,9);
INSERT INTO church_affiliations VALUES(340,47);
INSERT INTO church_affiliations VALUES(340,48);
INSERT INTO church_affiliations VALUES(341,17);
INSERT INTO church_affiliations VALUES(342,7);
INSERT INTO church_affiliations VALUES(343,53);
INSERT INTO church_affiliations VALUES(344,53);
INSERT INTO church_affiliations VALUES(345,26);
INSERT INTO church_affiliations VALUES(345,48);
INSERT INTO church_affiliations VALUES(346,9);
INSERT INTO church_affiliations VALUES(348,21);
INSERT INTO church_affiliations VALUES(349,21);
INSERT INTO church_affiliations VALUES(350,7);
INSERT INTO church_affiliations VALUES(351,13);
INSERT INTO church_affiliations VALUES(352,7);
INSERT INTO church_affiliations VALUES(354,58);
INSERT INTO church_affiliations VALUES(355,46);
INSERT INTO church_affiliations VALUES(355,48);
INSERT INTO church_affiliations VALUES(357,8);
INSERT INTO church_affiliations VALUES(359,9);
INSERT INTO church_affiliations VALUES(361,6);
INSERT INTO church_affiliations VALUES(362,37);
INSERT INTO church_affiliations VALUES(362,41);
INSERT INTO church_affiliations VALUES(363,29);
INSERT INTO church_affiliations VALUES(367,47);
INSERT INTO church_affiliations VALUES(367,48);
INSERT INTO church_affiliations VALUES(368,47);
INSERT INTO church_affiliations VALUES(368,48);
INSERT INTO church_affiliations VALUES(369,17);
INSERT INTO church_affiliations VALUES(370,33);
INSERT INTO church_affiliations VALUES(371,13);
INSERT INTO church_affiliations VALUES(373,6);
INSERT INTO church_affiliations VALUES(373,38);
INSERT INTO church_affiliations VALUES(374,26);
INSERT INTO church_affiliations VALUES(374,48);
INSERT INTO church_affiliations VALUES(375,15);
INSERT INTO church_affiliations VALUES(375,48);
INSERT INTO church_affiliations VALUES(377,17);
INSERT INTO church_affiliations VALUES(378,31);
INSERT INTO church_affiliations VALUES(379,31);
INSERT INTO church_affiliations VALUES(380,31);
INSERT INTO church_affiliations VALUES(383,16);
INSERT INTO church_affiliations VALUES(385,11);
INSERT INTO church_affiliations VALUES(386,26);
INSERT INTO church_affiliations VALUES(386,48);
INSERT INTO church_affiliations VALUES(387,33);
INSERT INTO church_affiliations VALUES(388,7);
INSERT INTO church_affiliations VALUES(390,50);
INSERT INTO church_affiliations VALUES(391,7);
INSERT INTO church_affiliations VALUES(393,9);
INSERT INTO church_affiliations VALUES(393,29);
INSERT INTO church_affiliations VALUES(394,48);
INSERT INTO church_affiliations VALUES(394,52);
INSERT INTO church_affiliations VALUES(395,58);
INSERT INTO church_affiliations VALUES(396,9);
INSERT INTO church_affiliations VALUES(397,61);
INSERT INTO church_affiliations VALUES(398,15);
INSERT INTO church_affiliations VALUES(398,48);
INSERT INTO church_affiliations VALUES(399,15);
INSERT INTO church_affiliations VALUES(399,57);
INSERT INTO church_affiliations VALUES(400,32);
INSERT INTO church_affiliations VALUES(401,48);
INSERT INTO church_affiliations VALUES(402,26);
INSERT INTO church_affiliations VALUES(402,47);
INSERT INTO church_affiliations VALUES(402,48);
INSERT INTO church_affiliations VALUES(403,26);
INSERT INTO church_affiliations VALUES(403,47);
INSERT INTO church_affiliations VALUES(403,48);
INSERT INTO church_affiliations VALUES(404,26);
INSERT INTO church_affiliations VALUES(404,48);
INSERT INTO church_affiliations VALUES(405,48);
INSERT INTO church_affiliations VALUES(406,58);
INSERT INTO church_affiliations VALUES(409,9);
INSERT INTO church_affiliations VALUES(410,46);
INSERT INTO church_affiliations VALUES(410,48);
INSERT INTO church_affiliations VALUES(411,11);
INSERT INTO church_affiliations VALUES(411,47);
INSERT INTO church_affiliations VALUES(411,48);
INSERT INTO church_affiliations VALUES(412,7);
INSERT INTO church_affiliations VALUES(413,9);
INSERT INTO church_affiliations VALUES(414,48);
INSERT INTO church_affiliations VALUES(415,7);
INSERT INTO church_affiliations VALUES(416,20);
INSERT INTO church_affiliations VALUES(417,21);
INSERT INTO church_affiliations VALUES(418,5);
INSERT INTO church_affiliations VALUES(419,5);
INSERT INTO church_affiliations VALUES(420,46);
INSERT INTO church_affiliations VALUES(420,48);
INSERT INTO church_affiliations VALUES(421,7);
INSERT INTO church_affiliations VALUES(422,57);
INSERT INTO church_affiliations VALUES(423,26);
INSERT INTO church_affiliations VALUES(423,48);
INSERT INTO church_affiliations VALUES(424,7);
INSERT INTO church_affiliations VALUES(427,62);
INSERT INTO church_affiliations VALUES(428,26);
INSERT INTO church_affiliations VALUES(428,48);
INSERT INTO church_affiliations VALUES(428,52);
INSERT INTO church_affiliations VALUES(430,16);
INSERT INTO church_affiliations VALUES(430,57);
INSERT INTO church_affiliations VALUES(432,53);
INSERT INTO church_affiliations VALUES(432,64);
INSERT INTO church_affiliations VALUES(433,53);
INSERT INTO church_affiliations VALUES(433,64);
INSERT INTO church_affiliations VALUES(434,53);
INSERT INTO church_affiliations VALUES(434,64);
INSERT INTO church_affiliations VALUES(435,53);
INSERT INTO church_affiliations VALUES(435,64);
INSERT INTO church_affiliations VALUES(436,53);
INSERT INTO church_affiliations VALUES(436,64);
INSERT INTO church_affiliations VALUES(440,32);
INSERT INTO church_affiliations VALUES(441,16);
INSERT INTO church_affiliations VALUES(442,21);
INSERT INTO church_affiliations VALUES(443,44);
INSERT INTO church_affiliations VALUES(445,16);
INSERT INTO church_affiliations VALUES(446,61);
INSERT INTO church_affiliations VALUES(447,26);
INSERT INTO church_affiliations VALUES(447,48);
INSERT INTO church_affiliations VALUES(451,7);
INSERT INTO church_affiliations VALUES(452,46);
INSERT INTO church_affiliations VALUES(452,48);
INSERT INTO church_affiliations VALUES(453,61);
INSERT INTO church_affiliations VALUES(454,61);
INSERT INTO church_affiliations VALUES(455,61);
INSERT INTO church_affiliations VALUES(456,34);
INSERT INTO church_affiliations VALUES(457,61);
INSERT INTO church_affiliations VALUES(461,57);
INSERT INTO church_affiliations VALUES(462,10);
INSERT INTO church_affiliations VALUES(463,32);
INSERT INTO church_affiliations VALUES(464,32);
INSERT INTO church_affiliations VALUES(465,21);
INSERT INTO church_affiliations VALUES(467,35);
INSERT INTO church_affiliations VALUES(467,46);
INSERT INTO church_affiliations VALUES(467,48);
INSERT INTO church_affiliations VALUES(468,46);
INSERT INTO church_affiliations VALUES(469,56);
INSERT INTO church_affiliations VALUES(470,9);
INSERT INTO church_affiliations VALUES(471,15);
INSERT INTO church_affiliations VALUES(471,48);
INSERT INTO church_affiliations VALUES(473,46);
INSERT INTO church_affiliations VALUES(473,47);
INSERT INTO church_affiliations VALUES(473,48);
INSERT INTO church_affiliations VALUES(476,26);
INSERT INTO church_affiliations VALUES(476,48);
INSERT INTO church_affiliations VALUES(477,57);
INSERT INTO church_affiliations VALUES(478,6);
INSERT INTO church_affiliations VALUES(479,7);
INSERT INTO church_affiliations VALUES(480,55);
INSERT INTO church_affiliations VALUES(482,18);
INSERT INTO church_affiliations VALUES(483,18);
INSERT INTO church_affiliations VALUES(484,54);
INSERT INTO church_affiliations VALUES(486,55);
INSERT INTO church_affiliations VALUES(487,4);
INSERT INTO church_affiliations VALUES(488,43);
INSERT INTO church_affiliations VALUES(489,43);
INSERT INTO church_affiliations VALUES(490,55);
INSERT INTO church_affiliations VALUES(491,54);
INSERT INTO church_affiliations VALUES(492,43);
INSERT INTO church_affiliations VALUES(493,18);
INSERT INTO church_affiliations VALUES(494,45);
INSERT INTO church_affiliations VALUES(495,55);
INSERT INTO church_affiliations VALUES(496,4);
INSERT INTO church_affiliations VALUES(497,4);
INSERT INTO church_affiliations VALUES(498,4);
INSERT INTO church_affiliations VALUES(499,43);
INSERT INTO church_affiliations VALUES(500,43);
INSERT INTO church_affiliations VALUES(501,55);
INSERT INTO church_affiliations VALUES(502,55);
INSERT INTO church_affiliations VALUES(503,18);
INSERT INTO church_affiliations VALUES(504,55);
INSERT INTO church_affiliations VALUES(505,54);
INSERT INTO church_affiliations VALUES(506,54);
INSERT INTO church_affiliations VALUES(507,18);
INSERT INTO church_affiliations VALUES(508,55);
INSERT INTO church_affiliations VALUES(509,43);
INSERT INTO church_affiliations VALUES(510,4);
INSERT INTO church_affiliations VALUES(511,18);
INSERT INTO church_affiliations VALUES(512,54);
INSERT INTO church_affiliations VALUES(513,18);
INSERT INTO church_affiliations VALUES(514,55);
INSERT INTO church_affiliations VALUES(515,18);
INSERT INTO church_affiliations VALUES(516,54);
INSERT INTO church_affiliations VALUES(519,18);
INSERT INTO church_affiliations VALUES(520,63);
INSERT INTO church_affiliations VALUES(521,43);
INSERT INTO church_affiliations VALUES(522,45);
INSERT INTO church_affiliations VALUES(523,45);
INSERT INTO church_affiliations VALUES(524,45);
INSERT INTO church_affiliations VALUES(525,45);
INSERT INTO church_affiliations VALUES(526,45);
INSERT INTO church_affiliations VALUES(527,18);
INSERT INTO church_affiliations VALUES(528,55);
INSERT INTO church_affiliations VALUES(529,45);
INSERT INTO church_affiliations VALUES(530,55);
INSERT INTO church_affiliations VALUES(531,55);
INSERT INTO church_affiliations VALUES(532,55);
INSERT INTO church_affiliations VALUES(533,55);
INSERT INTO church_affiliations VALUES(534,43);
INSERT INTO church_affiliations VALUES(535,55);
INSERT INTO church_affiliations VALUES(536,54);
INSERT INTO church_affiliations VALUES(537,54);
INSERT INTO church_affiliations VALUES(538,63);
INSERT INTO church_affiliations VALUES(539,43);
INSERT INTO church_affiliations VALUES(540,18);
INSERT INTO church_affiliations VALUES(541,15);
INSERT INTO church_affiliations VALUES(542,15);
INSERT INTO church_affiliations VALUES(543,7);
INSERT INTO church_affiliations VALUES(292,24);
INSERT INTO church_affiliations VALUES(292,40);
INSERT INTO church_affiliations VALUES(332,46);
INSERT INTO church_affiliations VALUES(332,48);
INSERT INTO church_affiliations VALUES(332,52);
INSERT INTO church_affiliations VALUES(353,17);
INSERT INTO church_affiliations VALUES(450,16);
INSERT INTO church_affiliations VALUES(294,40);
INSERT INTO church_affiliations VALUES(294,48);
INSERT INTO church_affiliations VALUES(365,26);
INSERT INTO church_affiliations VALUES(365,48);
INSERT INTO church_affiliations VALUES(365,52);
INSERT INTO church_affiliations VALUES(244,44);
CREATE TABLE `church_images` (
	`id` integer PRIMARY KEY AUTOINCREMENT NOT NULL,
	`church_id` integer NOT NULL,
	`image_path` text NOT NULL,
	`image_alt` text,
	`caption` text,
	`is_featured` integer DEFAULT false NOT NULL,
	`sort_order` integer DEFAULT 0 NOT NULL,
	`created_at` integer DEFAULT CURRENT_TIMESTAMP NOT NULL,
	`updated_at` integer DEFAULT CURRENT_TIMESTAMP NOT NULL,
	FOREIGN KEY (`church_id`) REFERENCES `churches`(`id`) ON UPDATE no action ON DELETE no action
);
INSERT INTO church_images VALUES(2,292,'churches/1752380690621_img_8101.jpg','Church service (2nd image)',NULL,0,1,2025-07-13 04:24:53,2025-07-13 04:24:53);
INSERT INTO church_images VALUES(3,292,'churches/1752380691069_img_8103.jpg',NULL,NULL,0,3,2025-07-13 04:24:53,2025-07-13 04:24:53);
INSERT INTO church_images VALUES(4,292,'churches/1752380691427_tezza_2025_04_20_152709145.jpg','Church service (1st image)',NULL,0,0,2025-07-13 04:24:53,2025-07-13 04:24:53);
INSERT INTO church_images VALUES(5,292,'churches/1752380691827_tezza_2025_04_20_161321296.jpg',NULL,NULL,0,2,2025-07-13 04:24:53,2025-07-13 04:24:53);
INSERT INTO church_images VALUES(6,292,'churches/1752380692226_tezza_2025_04_20_161323379.jpg',NULL,NULL,0,4,2025-07-13 04:24:53,2025-07-13 04:24:53);
INSERT INTO church_images VALUES(7,292,'churches/1752380692590_tezza_2025_04_20_161325349_1_.jpg',NULL,NULL,0,5,2025-07-13 04:24:53,2025-07-13 04:24:53);
INSERT INTO church_images VALUES(8,332,'churches/1752409483159_img_2285.jpeg','Church service',NULL,0,0,2025-07-13 12:24:43,2025-07-13 12:24:43);
INSERT INTO church_images VALUES(13,353,'churches/1752449513306_pasted-image.png',NULL,NULL,0,0,2025-07-13 23:31:54,2025-07-13 23:31:54);
INSERT INTO church_images VALUES(14,332,'churches/1752449824309_pasted-image.png','Young adults',NULL,0,1,2025-07-13 23:37:05,2025-07-13 23:37:05);
INSERT INTO church_images VALUES(15,266,'churches/1752536489227_pasted-image.png',NULL,NULL,0,0,2025-07-14 23:41:30,2025-07-14 23:41:30);
INSERT INTO church_images VALUES(16,365,'churches/1752536526901_pasted-image.png',NULL,NULL,0,0,2025-07-14 23:42:07,2025-07-14 23:42:07);
INSERT INTO church_images VALUES(17,244,'churches/1752536612686_pasted-image.png',NULL,NULL,0,0,2025-07-14 23:43:34,2025-07-14 23:43:34);
CREATE TABLE `images` (
	`id` integer PRIMARY KEY AUTOINCREMENT NOT NULL,
	`filename` text NOT NULL,
	`original_filename` text,
	`mime_type` text NOT NULL,
	`file_size` integer NOT NULL,
	`width` integer NOT NULL,
	`height` integer NOT NULL,
	`blurhash` text NOT NULL,
	`alt_text` text,
	`caption` text,
	`uploaded_by` text,
	`created_at` integer DEFAULT CURRENT_TIMESTAMP NOT NULL,
	`updated_at` integer DEFAULT CURRENT_TIMESTAMP NOT NULL
);
INSERT INTO images VALUES(1,'churches/1752380690621_img_8101.jpg','churches/1752380690621_img_8101.jpg','image/jpeg',0,800,600,'L6PZfSi_.AyE_3t7t7R**0o#DgR4','Church service (2nd image)',NULL,NULL,2025-07-13 04:24:53,2025-07-13 04:24:53);
INSERT INTO images VALUES(2,'churches/1752380691069_img_8103.jpg','churches/1752380691069_img_8103.jpg','image/jpeg',0,800,600,'L6PZfSi_.AyE_3t7t7R**0o#DgR4',NULL,NULL,NULL,2025-07-13 04:24:53,2025-07-13 04:24:53);
INSERT INTO images VALUES(3,'churches/1752380691427_tezza_2025_04_20_152709145.jpg','churches/1752380691427_tezza_2025_04_20_152709145.jpg','image/jpeg',0,800,600,'L6PZfSi_.AyE_3t7t7R**0o#DgR4','Church service (1st image)',NULL,NULL,2025-07-13 04:24:53,2025-07-13 04:24:53);
INSERT INTO images VALUES(4,'churches/1752380691827_tezza_2025_04_20_161321296.jpg','churches/1752380691827_tezza_2025_04_20_161321296.jpg','image/jpeg',0,800,600,'L6PZfSi_.AyE_3t7t7R**0o#DgR4',NULL,NULL,NULL,2025-07-13 04:24:53,2025-07-13 04:24:53);
INSERT INTO images VALUES(5,'churches/1752380692226_tezza_2025_04_20_161323379.jpg','churches/1752380692226_tezza_2025_04_20_161323379.jpg','image/jpeg',0,800,600,'L6PZfSi_.AyE_3t7t7R**0o#DgR4',NULL,NULL,NULL,2025-07-13 04:24:53,2025-07-13 04:24:53);
INSERT INTO images VALUES(6,'churches/1752380692590_tezza_2025_04_20_161325349_1_.jpg','churches/1752380692590_tezza_2025_04_20_161325349_1_.jpg','image/jpeg',0,800,600,'L6PZfSi_.AyE_3t7t7R**0o#DgR4',NULL,NULL,NULL,2025-07-13 04:24:53,2025-07-13 04:24:53);
INSERT INTO images VALUES(7,'churches/1752409483159_img_2285.jpeg','churches/1752409483159_img_2285.jpeg','image/jpeg',0,800,600,'L6PZfSi_.AyE_3t7t7R**0o#DgR4','Church service',NULL,NULL,2025-07-13 12:24:43,2025-07-13 12:24:43);
INSERT INTO images VALUES(8,'churches/1752449513306_pasted-image.png','churches/1752449513306_pasted-image.png','image/jpeg',0,800,600,'L6PZfSi_.AyE_3t7t7R**0o#DgR4',NULL,NULL,NULL,2025-07-13 23:31:54,2025-07-13 23:31:54);
INSERT INTO images VALUES(9,'churches/1752449824309_pasted-image.png','churches/1752449824309_pasted-image.png','image/jpeg',0,800,600,'L6PZfSi_.AyE_3t7t7R**0o#DgR4','Young adults',NULL,NULL,2025-07-13 23:37:05,2025-07-13 23:37:05);
INSERT INTO images VALUES(10,'churches/1752536489227_pasted-image.png','churches/1752536489227_pasted-image.png','image/jpeg',0,800,600,'L6PZfSi_.AyE_3t7t7R**0o#DgR4',NULL,NULL,NULL,2025-07-14 23:41:30,2025-07-14 23:41:30);
INSERT INTO images VALUES(11,'churches/1752536526901_pasted-image.png','churches/1752536526901_pasted-image.png','image/jpeg',0,800,600,'L6PZfSi_.AyE_3t7t7R**0o#DgR4',NULL,NULL,NULL,2025-07-14 23:42:07,2025-07-14 23:42:07);
INSERT INTO images VALUES(12,'churches/1752536612686_pasted-image.png','churches/1752536612686_pasted-image.png','image/jpeg',0,800,600,'L6PZfSi_.AyE_3t7t7R**0o#DgR4',NULL,NULL,NULL,2025-07-14 23:43:34,2025-07-14 23:43:34);
INSERT INTO images VALUES(13,'counties/1752596274665_salt-lake-county.jpeg','salt-lake-county.jpeg','image/jpeg',283946,800,600,'L6PZfSi_.AyE_3t7t7R**0o#DgR4',NULL,NULL,'aaronshaf@gmail.com',2025-07-15 16:17:55,2025-07-15 16:17:55);
CREATE TABLE `church_images_new` (
	`id` integer PRIMARY KEY AUTOINCREMENT NOT NULL,
	`church_id` integer NOT NULL,
	`image_id` integer NOT NULL,
	`display_order` integer DEFAULT 0 NOT NULL,
	`is_primary` integer DEFAULT false NOT NULL,
	`created_at` integer DEFAULT CURRENT_TIMESTAMP NOT NULL,
	FOREIGN KEY (`church_id`) REFERENCES `churches`(`id`) ON UPDATE no action ON DELETE cascade,
	FOREIGN KEY (`image_id`) REFERENCES `images`(`id`) ON UPDATE no action ON DELETE cascade
);
INSERT INTO church_images_new VALUES(1,292,1,1,0,2025-07-13 04:24:53);
INSERT INTO church_images_new VALUES(2,292,2,3,0,2025-07-13 04:24:53);
INSERT INTO church_images_new VALUES(3,292,3,0,0,2025-07-13 04:24:53);
INSERT INTO church_images_new VALUES(4,292,4,2,0,2025-07-13 04:24:53);
INSERT INTO church_images_new VALUES(5,292,5,4,0,2025-07-13 04:24:53);
INSERT INTO church_images_new VALUES(6,292,6,5,0,2025-07-13 04:24:53);
INSERT INTO church_images_new VALUES(7,332,7,0,0,2025-07-13 12:24:43);
INSERT INTO church_images_new VALUES(8,353,8,0,0,2025-07-13 23:31:54);
INSERT INTO church_images_new VALUES(9,332,9,1,0,2025-07-13 23:37:05);
INSERT INTO church_images_new VALUES(10,266,10,0,0,2025-07-14 23:41:30);
INSERT INTO church_images_new VALUES(11,365,11,0,0,2025-07-14 23:42:07);
INSERT INTO church_images_new VALUES(12,244,12,0,0,2025-07-14 23:43:34);
CREATE TABLE `county_images` (
	`id` integer PRIMARY KEY AUTOINCREMENT NOT NULL,
	`county_id` integer NOT NULL,
	`image_id` integer NOT NULL,
	`display_order` integer DEFAULT 0 NOT NULL,
	`is_primary` integer DEFAULT false NOT NULL,
	`created_at` integer DEFAULT CURRENT_TIMESTAMP NOT NULL,
	FOREIGN KEY (`county_id`) REFERENCES `counties`(`id`) ON UPDATE no action ON DELETE cascade,
	FOREIGN KEY (`image_id`) REFERENCES `images`(`id`) ON UPDATE no action ON DELETE cascade
);
INSERT INTO county_images VALUES(1,18,13,0,0,2025-07-15 16:17:55);
CREATE TABLE `affiliation_images` (
	`id` integer PRIMARY KEY AUTOINCREMENT NOT NULL,
	`affiliation_id` integer NOT NULL,
	`image_id` integer NOT NULL,
	`display_order` integer DEFAULT 0 NOT NULL,
	`is_primary` integer DEFAULT false NOT NULL,
	`created_at` integer DEFAULT CURRENT_TIMESTAMP NOT NULL,
	FOREIGN KEY (`affiliation_id`) REFERENCES `affiliations`(`id`) ON UPDATE no action ON DELETE cascade,
	FOREIGN KEY (`image_id`) REFERENCES `images`(`id`) ON UPDATE no action ON DELETE cascade
);
CREATE TABLE `site_images` (
	`id` integer PRIMARY KEY AUTOINCREMENT NOT NULL,
	`image_id` integer NOT NULL,
	`location` text NOT NULL,
	`display_order` integer DEFAULT 0 NOT NULL,
	`is_active` integer DEFAULT true NOT NULL,
	`created_at` integer DEFAULT CURRENT_TIMESTAMP NOT NULL,
	FOREIGN KEY (`image_id`) REFERENCES `images`(`id`) ON UPDATE no action ON DELETE cascade
);
DELETE FROM sqlite_sequence;
INSERT INTO sqlite_sequence VALUES('counties',29);
INSERT INTO sqlite_sequence VALUES('affiliations',64);
INSERT INTO sqlite_sequence VALUES('churches',544);
INSERT INTO sqlite_sequence VALUES('church_gatherings',1566);
INSERT INTO sqlite_sequence VALUES('church_suggestions',4);
INSERT INTO sqlite_sequence VALUES('pages',2);
INSERT INTO sqlite_sequence VALUES('settings',11);
INSERT INTO sqlite_sequence VALUES('comments',113);
INSERT INTO sqlite_sequence VALUES('church_images',17);
INSERT INTO sqlite_sequence VALUES('images',13);
INSERT INTO sqlite_sequence VALUES('church_images_new',12);
INSERT INTO sqlite_sequence VALUES('county_images',1);
CREATE INDEX idx_churches_status ON churches(status);
CREATE INDEX idx_churches_county_id ON churches(county_id);
CREATE INDEX idx_churches_language ON churches(language);
CREATE INDEX idx_church_gatherings_church_id ON church_gatherings(church_id);
CREATE INDEX idx_comments_church_id ON comments(church_id);
CREATE INDEX idx_sessions_user_id ON sessions(user_id);
CREATE INDEX idx_accounts_user_id ON accounts(user_id);
CREATE UNIQUE INDEX `idx_church_images_new_unique` ON `church_images_new` (`church_id`, `image_id`);
CREATE UNIQUE INDEX `idx_county_images_unique` ON `county_images` (`county_id`, `image_id`);
CREATE UNIQUE INDEX `idx_affiliation_images_unique` ON `affiliation_images` (`affiliation_id`, `image_id`);
CREATE UNIQUE INDEX `idx_site_images_unique` ON `site_images` (`location`, `image_id`);
